id,dir,entry,stop,risk,pl,R
1,BUY,1.10468,1.10368,100.00,-105.00,-1.050
2,BUY,1.10430,1.10330,100.00,-100.00,-1.000
3,SELL,1.10323,1.10423,100.00,100.00,1.000
4,SELL,1.10219,1.10319,100.00,-101.00,-1.010
5,SELL,1.10309,1.10409,100.00,100.00,1.000
6,SELL,1.10192,1.10292,100.00,-100.00,-1.000
7,BUY,1.10292,1.10192,100.00,-100.00,-1.000
8,SELL,1.10192,1.10292,100.00,100.00,1.000
9,SELL,1.10083,1.10183,100.00,100.00,1.000
10,SELL,1.09983,1.10083,100.00,-100.00,-1.000
11,BUY,1.10083,1.09983,100.00,-100.00,-1.000
12,SELL,1.09955,1.10055,100.00,100.00,1.000
13,SELL,1.09855,1.09955,100.00,100.00,1.000
14,SELL,1.09733,1.09833,100.00,100.00,1.000
15,SELL,1.09623,1.09723,100.00,100.00,1.000
16,SELL,1.09523,1.09623,100.00,-101.00,-1.010
17,BUY,1.09624,1.09524,100.00,-100.00,-1.000
18,SELL,1.09524,1.09624,100.00,-101.00,-1.010
19,BUY,1.09625,1.09525,100.00,-100.00,-1.000
20,SELL,1.09525,1.09625,100.00,-100.00,-1.000
21,BUY,1.09625,1.09525,100.00,-100.00,-1.000
22,SELL,1.09523,1.09623,100.00,101.00,1.010
23,SELL,1.09422,1.09522,100.00,-100.00,-1.000
24,BUY,1.09522,1.09422,100.00,-100.00,-1.000
25,SELL,1.09422,1.09522,100.00,-135.00,-1.350
26,SELL,1.09382,1.09482,100.00,-100.00,-1.000
27,SELL,1.09464,1.09564,100.00,-100.00,-1.000
28,BUY,1.09585,1.09485,100.00,-100.00,-1.000
29,SELL,1.09482,1.09582,100.00,100.00,1.000
30,SELL,1.09382,1.09482,100.00,100.00,1.000
31,SELL,1.09282,1.09382,100.00,100.00,1.000
32,SELL,1.09182,1.09282,100.00,-100.00,-1.000
33,BUY,1.09290,1.09190,100.00,-101.00,-1.010
34,SELL,1.09189,1.09289,100.00,-100.00,-1.000
35,BUY,1.09289,1.09189,100.00,-100.00,-1.000
36,BUY,1.09226,1.09126,100.00,-101.00,-1.010
37,SELL,1.09125,1.09225,100.00,-100.00,-1.000
38,BUY,1.09225,1.09125,100.00,-101.00,-1.010
39,SELL,1.09124,1.09224,100.00,-101.00,-1.010
40,BUY,1.09362,1.09262,100.00,-100.00,-1.000
41,SELL,1.09262,1.09362,100.00,100.00,1.000
42,SELL,1.09161,1.09261,100.00,100.00,1.000
43,SELL,1.09061,1.09161,100.00,-101.00,-1.010
44,BUY,1.09162,1.09062,100.00,-100.00,-1.000
45,SELL,1.09059,1.09159,100.00,100.00,1.000
46,SELL,1.08957,1.09057,100.00,-100.00,-1.000
47,BUY,1.09057,1.08957,100.00,-100.00,-1.000
48,SELL,1.08957,1.09057,100.00,-100.00,-1.000
49,BUY,1.09057,1.08957,100.00,100.00,1.000
50,BUY,1.09159,1.09059,100.00,-105.10,-1.051
51,SELL,1.09171,1.09271,100.00,-100.00,-1.000
52,SELL,1.09222,1.09322,100.00,-100.00,-1.000
53,SELL,1.09284,1.09384,100.00,-101.00,-1.010
54,BUY,1.09419,1.09319,100.00,100.00,1.000
55,BUY,1.09519,1.09419,100.00,101.00,1.010
56,BUY,1.09623,1.09523,100.00,100.00,1.000
57,BUY,1.09723,1.09623,100.00,-100.00,-1.000
58,SELL,1.09623,1.09723,100.00,100.00,1.000
59,SELL,1.09510,1.09610,100.00,100.00,1.000
60,SELL,1.09409,1.09509,100.00,-100.00,-1.000
61,BUY,1.09509,1.09409,100.00,103.00,1.030
62,BUY,1.09613,1.09513,100.00,-100.00,-1.000
63,SELL,1.09504,1.09604,100.00,99.00,0.990
64,SELL,1.09339,1.09439,100.00,100.00,1.000
65,SELL,1.09233,1.09333,100.00,101.00,1.010
66,SELL,1.09132,1.09232,100.00,100.00,1.000
67,SELL,1.09032,1.09132,100.00,-101.00,-1.010
68,BUY,1.09133,1.09033,100.00,100.00,1.000
69,BUY,1.09233,1.09133,100.00,-100.00,-1.000
70,SELL,1.09113,1.09213,100.00,-100.00,-1.000
71,BUY,1.09218,1.09118,100.00,-124.00,-1.240
72,SELL,1.09094,1.09194,100.00,101.00,1.010
73,SELL,1.08910,1.09010,100.00,-100.00,-1.000
74,SELL,1.08934,1.09034,100.00,-101.00,-1.010
75,BUY,1.09035,1.08935,100.00,101.00,1.010
76,BUY,1.09136,1.09036,100.00,100.00,1.000
77,BUY,1.09237,1.09137,100.00,-100.00,-1.000
78,SELL,1.09137,1.09237,100.00,-100.00,-1.000
79,BUY,1.09249,1.09149,100.00,100.00,1.000
80,BUY,1.09360,1.09260,100.00,-100.00,-1.000
81,SELL,1.09249,1.09349,100.00,-103.00,-1.030
82,BUY,1.09405,1.09305,100.00,100.00,1.000
83,BUY,1.09505,1.09405,100.00,104.00,1.040
84,BUY,1.09610,1.09510,100.00,116.00,1.160
85,BUY,1.09894,1.09794,100.00,-100.00,-1.000
86,SELL,1.09794,1.09894,100.00,-101.00,-1.010
87,BUY,1.09895,1.09795,100.00,-100.00,-1.000
88,SELL,1.09785,1.09885,100.00,-100.00,-1.000
89,BUY,1.09885,1.09785,100.00,-101.00,-1.010
90,SELL,1.09784,1.09884,100.00,100.00,1.000
91,BUY,1.09724,1.09624,100.00,-101.00,-1.010
92,SELL,1.09623,1.09723,100.00,101.00,1.010
93,SELL,1.09519,1.09619,100.00,100.00,1.000
94,SELL,1.09418,1.09518,100.00,-100.00,-1.000
95,BUY,1.09518,1.09418,100.00,-100.00,-1.000
96,SELL,1.09400,1.09500,100.00,-103.00,-1.030
97,BUY,1.09489,1.09389,100.00,-100.00,-1.000
98,SELL,1.09389,1.09489,100.00,-100.00,-1.000
99,SELL,1.09479,1.09579,100.00,102.00,1.020
100,SELL,1.09320,1.09420,100.00,-100.00,-1.000
101,BUY,1.09447,1.09347,100.00,-100.00,-1.000
102,SELL,1.09347,1.09447,100.00,100.00,1.000
103,SELL,1.09235,1.09335,100.00,-100.00,-1.000
104,BUY,1.09335,1.09235,100.00,100.00,1.000
105,BUY,1.09435,1.09335,100.00,100.00,1.000
106,BUY,1.09536,1.09436,100.00,101.00,1.010
107,BUY,1.09663,1.09563,100.00,102.00,1.020
108,BUY,1.09766,1.09666,100.00,-100.00,-1.000
109,SELL,1.09648,1.09748,100.00,100.00,1.000
110,SELL,1.09544,1.09644,100.00,-105.00,-1.050
111,SELL,1.09472,1.09572,100.00,-101.00,-1.010
112,BUY,1.09558,1.09458,100.00,100.00,1.000
113,BUY,1.09667,1.09567,100.00,-100.00,-1.000
114,BUY,1.09591,1.09491,100.00,-100.00,-1.000
115,SELL,1.09483,1.09583,100.00,-101.00,-1.010
116,BUY,1.09584,1.09484,100.00,-100.00,-1.000
117,SELL,1.09463,1.09563,100.00,100.00,1.000
118,BUY,1.09397,1.09297,100.00,-100.00,-1.000
119,SELL,1.09297,1.09397,100.00,-100.00,-1.000
120,BUY,1.09400,1.09300,100.00,-103.00,-1.030
121,SELL,1.09297,1.09397,100.00,-100.00,-1.000
122,BUY,1.09403,1.09303,100.00,100.00,1.000
123,BUY,1.09510,1.09410,100.00,-101.00,-1.010
124,BUY,1.09454,1.09354,100.00,-100.00,-1.000
125,SELL,1.09354,1.09454,100.00,102.00,1.020
126,SELL,1.09252,1.09352,100.00,100.00,1.000
127,SELL,1.09138,1.09238,100.00,-100.00,-1.000
128,BUY,1.09238,1.09138,100.00,100.00,1.000
129,BUY,1.09354,1.09254,100.00,-101.00,-1.010
130,SELL,1.09248,1.09348,100.00,-102.00,-1.020
131,SELL,1.09319,1.09419,100.00,-102.00,-1.020
132,BUY,1.09429,1.09329,100.00,-100.00,-1.000
133,SELL,1.09329,1.09429,100.00,100.00,1.000
134,SELL,1.09229,1.09329,100.00,-100.00,-1.000
135,BUY,1.09329,1.09229,100.00,100.00,1.000
136,BUY,1.09431,1.09331,100.00,100.00,1.000
137,SELL,1.09484,1.09584,100.00,100.00,1.000
138,SELL,1.09366,1.09466,100.00,-100.00,-1.000
139,BUY,1.09466,1.09366,100.00,103.00,1.030
140,BUY,1.09569,1.09469,100.00,100.00,1.000
141,BUY,1.09669,1.09569,100.00,-100.00,-1.000
142,SELL,1.09569,1.09669,100.00,-101.00,-1.010
143,SELL,1.09640,1.09740,100.00,-104.00,-1.040
144,SELL,1.09677,1.09777,100.00,-100.00,-1.000
145,BUY,1.09836,1.09736,100.00,-100.00,-1.000
146,SELL,1.09736,1.09836,100.00,100.00,1.000
147,SELL,1.09636,1.09736,100.00,-100.00,-1.000
148,BUY,1.09736,1.09636,100.00,100.00,1.000
149,BUY,1.09840,1.09740,100.00,120.00,1.200
150,BUY,1.10018,1.09918,100.00,-117.00,-1.170
151,SELL,1.09589,1.09689,100.00,-100.00,-1.000
152,BUY,1.09765,1.09665,100.00,-100.00,-1.000
153,SELL,1.09623,1.09723,100.00,100.00,1.000
154,SELL,1.09523,1.09623,100.00,-101.00,-1.010
155,BUY,1.09624,1.09524,100.00,-100.00,-1.000
156,SELL,1.09499,1.09599,100.00,100.00,1.000
157,SELL,1.09398,1.09498,100.00,-100.00,-1.000
158,BUY,1.09512,1.09412,100.00,100.00,1.000
159,BUY,1.09612,1.09512,100.00,100.00,1.000
160,BUY,1.09712,1.09612,100.00,-100.00,-1.000
161,SELL,1.09612,1.09712,100.00,101.00,1.010
162,SELL,1.09510,1.09610,100.00,100.00,1.000
163,SELL,1.09409,1.09509,100.00,101.00,1.010
164,SELL,1.09308,1.09408,100.00,-101.00,-1.010
165,BUY,1.09409,1.09309,100.00,100.00,1.000
166,BUY,1.09509,1.09409,100.00,-100.00,-1.000
167,SELL,1.09412,1.09512,100.00,-101.00,-1.010
168,BUY,1.09555,1.09455,100.00,-101.00,-1.010
169,SELL,1.09454,1.09554,100.00,-100.00,-1.000
170,BUY,1.09554,1.09454,100.00,-100.00,-1.000
171,SELL,1.09454,1.09554,100.00,-101.00,-1.010
172,BUY,1.09555,1.09455,100.00,100.00,1.000
173,BUY,1.09656,1.09556,100.00,100.00,1.000
174,BUY,1.09757,1.09657,100.00,-100.00,-1.000
175,SELL,1.09657,1.09757,100.00,-101.00,-1.010
176,BUY,1.09741,1.09641,100.00,-118.00,-1.180
177,BUY,1.09772,1.09672,100.00,-125.00,-1.250
178,BUY,1.09788,1.09688,100.00,-102.00,-1.020
179,SELL,1.09807,1.09907,100.00,100.00,1.000
180,SELL,1.09706,1.09806,100.00,-100.00,-1.000
181,BUY,1.09809,1.09709,100.00,-100.00,-1.000
182,SELL,1.09709,1.09809,100.00,100.00,1.000
183,SELL,1.09594,1.09694,100.00,100.00,1.000
184,SELL,1.09491,1.09591,100.00,101.00,1.010
185,SELL,1.09389,1.09489,100.00,-100.00,-1.000
186,BUY,1.09489,1.09389,100.00,107.00,1.070
187,BUY,1.09671,1.09571,100.00,-100.00,-1.000
188,SELL,1.09571,1.09671,100.00,100.00,1.000
189,SELL,1.09471,1.09571,100.00,-100.00,-1.000
190,SELL,1.09523,1.09623,100.00,-100.00,-1.000
191,BUY,1.09623,1.09523,100.00,100.00,1.000
192,BUY,1.09724,1.09624,100.00,100.00,1.000
193,BUY,1.09824,1.09724,100.00,-100.00,-1.000
194,SELL,1.09724,1.09824,100.00,-100.00,-1.000
195,BUY,1.09827,1.09727,100.00,-100.00,-1.000
196,SELL,1.09727,1.09827,100.00,100.00,1.000
197,SELL,1.09627,1.09727,100.00,-100.00,-1.000
198,BUY,1.09727,1.09627,100.00,-100.00,-1.000
199,SELL,1.09627,1.09727,100.00,101.00,1.010
200,BUY,1.09561,1.09461,100.00,-132.70,-1.327
201,SELL,1.09474,1.09574,100.00,-100.00,-1.000
202,BUY,1.09630,1.09530,100.00,-100.00,-1.000
203,BUY,1.09569,1.09469,100.00,-100.00,-1.000
204,SELL,1.09469,1.09569,100.00,100.00,1.000
205,SELL,1.09355,1.09455,100.00,-100.00,-1.000
206,BUY,1.09460,1.09360,100.00,100.00,1.000
207,SELL,1.09472,1.09572,100.00,-100.00,-1.000
208,BUY,1.09572,1.09472,100.00,-101.00,-1.010
209,SELL,1.09466,1.09566,100.00,-110.00,-1.100
210,SELL,1.09343,1.09443,100.00,101.00,1.010
211,SELL,1.09239,1.09339,100.00,100.00,1.000
212,BUY,1.09208,1.09108,100.00,-100.00,-1.000
213,BUY,1.09155,1.09055,100.00,100.00,1.000
214,BUY,1.09258,1.09158,100.00,-100.00,-1.000
215,SELL,1.09154,1.09254,100.00,100.00,1.000
216,SELL,1.09054,1.09154,100.00,100.00,1.000
217,SELL,1.08954,1.09054,100.00,-100.00,-1.000
218,SELL,1.09011,1.09111,100.00,101.00,1.010
219,SELL,1.08910,1.09010,100.00,101.00,1.010
220,SELL,1.08809,1.08909,100.00,-100.00,-1.000
221,BUY,1.08925,1.08825,100.00,-100.00,-1.000
222,SELL,1.08777,1.08877,100.00,-104.00,-1.040
223,BUY,1.08881,1.08781,100.00,100.00,1.000
224,BUY,1.08981,1.08881,100.00,-100.00,-1.000
225,SELL,1.08893,1.08993,100.00,101.00,1.010
226,SELL,1.08791,1.08891,100.00,-102.00,-1.020
227,BUY,1.08893,1.08793,100.00,-101.00,-1.010
228,SELL,1.08792,1.08892,100.00,100.00,1.000
229,SELL,1.08685,1.08785,100.00,-100.00,-1.000
230,BUY,1.08785,1.08685,100.00,100.00,1.000
231,SELL,1.08839,1.08939,100.00,100.00,1.000
232,SELL,1.08739,1.08839,100.00,100.00,1.000
233,SELL,1.08701,1.08801,100.00,-100.00,-1.000
234,BUY,1.08795,1.08695,100.00,101.00,1.010
235,BUY,1.08896,1.08796,100.00,-101.00,-1.010
236,SELL,1.08795,1.08895,100.00,103.00,1.030
237,SELL,1.08691,1.08791,100.00,-180.00,-1.800
238,SELL,1.08683,1.08783,100.00,-101.00,-1.010
239,BUY,1.08784,1.08684,100.00,-101.00,-1.010
240,SELL,1.08683,1.08783,100.00,100.00,1.000
241,SELL,1.08579,1.08679,100.00,-100.00,-1.000
242,BUY,1.08686,1.08586,100.00,100.00,1.000
243,BUY,1.08786,1.08686,100.00,-100.00,-1.000
244,SELL,1.08686,1.08786,100.00,-100.00,-1.000
245,BUY,1.08786,1.08686,100.00,-100.00,-1.000
246,SELL,1.08676,1.08776,100.00,-100.00,-1.000
247,BUY,1.08776,1.08676,100.00,-100.00,-1.000
248,SELL,1.08676,1.08776,100.00,104.00,1.040
249,SELL,1.08572,1.08672,100.00,-100.00,-1.000
250,BUY,1.08672,1.08572,100.00,-100.00,-1.000
251,SELL,1.08554,1.08654,100.00,-101.00,-1.010
252,BUY,1.08655,1.08555,100.00,-101.00,-1.010
253,SELL,1.08542,1.08642,100.00,-100.00,-1.000
254,BUY,1.08642,1.08542,100.00,-100.00,-1.000
255,SELL,1.08542,1.08642,100.00,-100.00,-1.000
256,BUY,1.08642,1.08542,100.00,-100.00,-1.000
257,SELL,1.08529,1.08629,100.00,-100.00,-1.000
258,BUY,1.08629,1.08529,100.00,100.00,1.000
259,SELL,1.08706,1.08806,100.00,-100.00,-1.000
260,SELL,1.08792,1.08892,100.00,-100.00,-1.000
261,BUY,1.08927,1.08827,100.00,100.00,1.000
262,SELL,1.08903,1.09003,100.00,-103.00,-1.030
263,BUY,1.09014,1.08914,100.00,-100.00,-1.000
264,SELL,1.08904,1.09004,100.00,100.00,1.000
265,BUY,1.08837,1.08737,100.00,100.00,1.000
266,BUY,1.08937,1.08837,100.00,-100.00,-1.000
267,BUY,1.08875,1.08775,100.00,-100.00,-1.000
268,SELL,1.08757,1.08857,100.00,100.00,1.000
269,SELL,1.08540,1.08640,100.00,-101.00,-1.010
270,SELL,1.08640,1.08740,100.00,-100.00,-1.000
271,SELL,1.08676,1.08776,100.00,101.00,1.010
272,SELL,1.08565,1.08665,100.00,-102.00,-1.020
273,BUY,1.08667,1.08567,100.00,-100.00,-1.000
274,SELL,1.08567,1.08667,100.00,-100.00,-1.000
275,BUY,1.08671,1.08571,100.00,-100.00,-1.000
276,SELL,1.08571,1.08671,100.00,-100.00,-1.000
277,BUY,1.08671,1.08571,100.00,-101.00,-1.010
278,SELL,1.08570,1.08670,100.00,-100.00,-1.000
279,BUY,1.08670,1.08570,100.00,-100.00,-1.000
280,SELL,1.08570,1.08670,100.00,100.00,1.000
281,SELL,1.08469,1.08569,100.00,-100.00,-1.000
282,BUY,1.08569,1.08469,100.00,101.00,1.010
283,BUY,1.08676,1.08576,100.00,-100.00,-1.000
284,SELL,1.08576,1.08676,100.00,-100.00,-1.000
285,SELL,1.08628,1.08728,100.00,-100.00,-1.000
286,SELL,1.08715,1.08815,100.00,-100.00,-1.000
287,BUY,1.08811,1.08711,100.00,-104.00,-1.040
288,BUY,1.08760,1.08660,100.00,100.00,1.000
289,BUY,1.08863,1.08763,100.00,-100.00,-1.000
290,SELL,1.08779,1.08879,100.00,-100.00,-1.000
291,BUY,1.08921,1.08821,100.00,-101.00,-1.010
292,SELL,1.08820,1.08920,100.00,100.00,1.000
293,SELL,1.08719,1.08819,100.00,-170.00,-1.700
294,BUY,1.08867,1.08767,100.00,-102.00,-1.020
295,SELL,1.08765,1.08865,100.00,-100.00,-1.000
296,BUY,1.08870,1.08770,100.00,100.00,1.000
297,SELL,1.08833,1.08933,100.00,-111.00,-1.110
298,BUY,1.09001,1.08901,100.00,-104.00,-1.040
299,SELL,1.08900,1.09000,100.00,-107.00,-1.070
300,BUY,1.08944,1.08844,100.00,102.00,1.020
301,SELL,1.08993,1.09093,100.00,-100.00,-1.000
302,SELL,1.09019,1.09119,100.00,100.00,1.000
303,SELL,1.08919,1.09019,100.00,-100.00,-1.000
304,SELL,1.08972,1.09072,100.00,100.00,1.000
305,SELL,1.08859,1.08959,100.00,-100.00,-1.000
306,BUY,1.08974,1.08874,100.00,-100.00,-1.000
307,SELL,1.08869,1.08969,100.00,-100.00,-1.000
308,SELL,1.08917,1.09017,100.00,100.00,1.000
309,SELL,1.08816,1.08916,100.00,-100.00,-1.000
310,BUY,1.08909,1.08809,100.00,-100.00,-1.000
311,BUY,1.08838,1.08738,100.00,99.30,0.993
312,SELL,1.08876,1.08976,100.00,-100.00,-1.000
313,BUY,1.09040,1.08940,100.00,100.00,1.000
314,BUY,1.09143,1.09043,100.00,-100.00,-1.000
315,SELL,1.09043,1.09143,100.00,100.00,1.000
316,SELL,1.08940,1.09040,100.00,100.00,1.000
317,SELL,1.08840,1.08940,100.00,100.00,1.000
318,SELL,1.08740,1.08840,100.00,100.00,1.000
319,SELL,1.08640,1.08740,100.00,-100.00,-1.000
320,BUY,1.08740,1.08640,100.00,-100.00,-1.000
321,SELL,1.08628,1.08728,100.00,100.00,1.000
322,SELL,1.08528,1.08628,100.00,100.00,1.000
323,SELL,1.08428,1.08528,100.00,100.00,1.000
324,SELL,1.08305,1.08405,100.00,-100.00,-1.000
325,BUY,1.08476,1.08376,100.00,100.30,1.003
326,SELL,1.08527,1.08627,100.00,-100.00,-1.000
327,BUY,1.08647,1.08547,100.00,100.00,1.000
328,BUY,1.08758,1.08658,100.00,-102.00,-1.020
329,SELL,1.08656,1.08756,100.00,-100.00,-1.000
330,BUY,1.08756,1.08656,100.00,100.00,1.000
331,BUY,1.08875,1.08775,100.00,101.00,1.010
332,BUY,1.08976,1.08876,100.00,100.00,1.000
333,BUY,1.09076,1.08976,100.00,-100.00,-1.000
334,SELL,1.08937,1.09037,100.00,-100.00,-1.000
335,BUY,1.09037,1.08937,100.00,100.00,1.000
336,BUY,1.09137,1.09037,100.00,101.00,1.010
337,BUY,1.09238,1.09138,100.00,-101.00,-1.010
338,SELL,1.09137,1.09237,100.00,100.00,1.000
339,SELL,1.09036,1.09136,100.00,-100.00,-1.000
340,BUY,1.09105,1.09005,100.00,-101.00,-1.010
341,SELL,1.09004,1.09104,100.00,100.00,1.000
342,BUY,1.08957,1.08857,100.00,101.00,1.010
343,BUY,1.09087,1.08987,100.00,-100.00,-1.000
344,SELL,1.08987,1.09087,100.00,100.00,1.000
345,SELL,1.08821,1.08921,100.00,98.00,0.980
346,SELL,1.08709,1.08809,100.00,-100.00,-1.000
347,BUY,1.08848,1.08748,100.00,100.00,1.000
348,BUY,1.08948,1.08848,100.00,-100.00,-1.000
349,SELL,1.08848,1.08948,100.00,112.00,1.120
350,SELL,1.08735,1.08835,100.00,-101.00,-1.010
351,BUY,1.08955,1.08855,100.00,-100.00,-1.000
352,SELL,1.08855,1.08955,100.00,101.00,1.010
353,SELL,1.08754,1.08854,100.00,100.00,1.000
354,SELL,1.08654,1.08754,100.00,100.00,1.000
355,BUY,1.08604,1.08504,100.00,100.00,1.000
356,BUY,1.08721,1.08621,100.00,-100.00,-1.000
357,SELL,1.08583,1.08683,100.00,100.00,1.000
358,SELL,1.08483,1.08583,100.00,101.00,1.010
359,SELL,1.08381,1.08481,100.00,-100.00,-1.000
360,BUY,1.08481,1.08381,100.00,-100.00,-1.000
361,SELL,1.08381,1.08481,100.00,100.00,1.000
362,SELL,1.08280,1.08380,100.00,-100.00,-1.000
363,BUY,1.08385,1.08285,100.00,100.00,1.000
364,BUY,1.08487,1.08387,100.00,-100.00,-1.000
365,SELL,1.08387,1.08487,100.00,100.00,1.000
366,SELL,1.08268,1.08368,100.00,-101.00,-1.010
367,SELL,1.08415,1.08515,100.00,100.00,1.000
368,SELL,1.08300,1.08400,100.00,100.00,1.000
369,SELL,1.08199,1.08299,100.00,-101.00,-1.010
370,BUY,1.08312,1.08212,100.00,100.00,1.000
371,BUY,1.08420,1.08320,100.00,100.00,1.000
372,BUY,1.08520,1.08420,100.00,100.00,1.000
373,BUY,1.08617,1.08517,100.00,100.00,1.000
374,BUY,1.08717,1.08617,100.00,101.00,1.010
375,BUY,1.08819,1.08719,100.00,-100.00,-1.000
376,SELL,1.08656,1.08756,100.00,-100.00,-1.000
377,BUY,1.08756,1.08656,100.00,-100.00,-1.000
378,BUY,1.08705,1.08605,100.00,-102.00,-1.020
379,SELL,1.08601,1.08701,100.00,-100.00,-1.000
380,SELL,1.08641,1.08741,100.00,100.00,1.000
381,BUY,1.08591,1.08491,100.00,-151.70,-1.517
382,SELL,1.08405,1.08505,100.00,-103.00,-1.030
383,BUY,1.08485,1.08385,100.00,-100.00,-1.000
384,SELL,1.08385,1.08485,100.00,100.00,1.000
385,SELL,1.08284,1.08384,100.00,100.00,1.000
386,SELL,1.08168,1.08268,100.00,-100.00,-1.000
387,BUY,1.08284,1.08184,100.00,-102.00,-1.020
388,SELL,1.08182,1.08282,100.00,101.00,1.010
389,SELL,1.08063,1.08163,100.00,100.00,1.000
390,SELL,1.07963,1.08063,100.00,-101.00,-1.010
391,SELL,1.08023,1.08123,100.00,-100.00,-1.000
392,BUY,1.08126,1.08026,100.00,101.00,1.010
393,BUY,1.08229,1.08129,100.00,100.00,1.000
394,BUY,1.08331,1.08231,100.00,-100.70,-1.007
395,SELL,1.08214,1.08314,100.00,-101.00,-1.010
396,BUY,1.08315,1.08215,100.00,-100.00,-1.000
397,SELL,1.08202,1.08302,100.00,-100.00,-1.000
398,BUY,1.08302,1.08202,100.00,100.00,1.000
399,BUY,1.08402,1.08302,100.00,-100.00,-1.000
400,SELL,1.08302,1.08402,100.00,-100.00,-1.000
401,BUY,1.08402,1.08302,100.00,100.00,1.000
402,BUY,1.08502,1.08402,100.00,-101.00,-1.010
403,SELL,1.08401,1.08501,100.00,100.00,1.000
404,SELL,1.08290,1.08390,100.00,-100.00,-1.000
405,BUY,1.08414,1.08314,100.00,-101.00,-1.010
406,BUY,1.08351,1.08251,100.00,101.00,1.010
407,SELL,1.08438,1.08538,100.00,99.00,0.990
408,SELL,1.08321,1.08421,100.00,100.00,1.000
409,BUY,1.08254,1.08154,100.00,-100.00,-1.000
410,BUY,1.08198,1.08098,100.00,-101.00,-1.010
411,SELL,1.08097,1.08197,100.00,-100.00,-1.000
412,BUY,1.08197,1.08097,100.00,100.00,1.000
413,BUY,1.08297,1.08197,100.00,100.00,1.000
414,BUY,1.08420,1.08320,100.00,104.00,1.040
415,BUY,1.08524,1.08424,100.00,101.00,1.010
416,SELL,1.08542,1.08642,100.00,-102.00,-1.020
417,BUY,1.08658,1.08558,100.00,100.00,1.000
418,BUY,1.08758,1.08658,100.00,102.00,1.020
419,BUY,1.08861,1.08761,100.00,-100.00,-1.000
420,SELL,1.08761,1.08861,100.00,100.00,1.000
421,SELL,1.08660,1.08760,100.00,100.00,1.000
422,SELL,1.08559,1.08659,100.00,-100.00,-1.000
423,BUY,1.08659,1.08559,100.00,-100.00,-1.000
424,SELL,1.08559,1.08659,100.00,102.00,1.020
425,SELL,1.08456,1.08556,100.00,-100.00,-1.000
426,BUY,1.08561,1.08461,100.00,-100.00,-1.000
427,BUY,1.08488,1.08388,100.00,-182.00,-1.820
428,SELL,1.08306,1.08406,100.00,100.00,1.000
429,SELL,1.08195,1.08295,100.00,-103.00,-1.030
430,BUY,1.08306,1.08206,100.00,-100.00,-1.000
431,BUY,1.08325,1.08225,100.00,100.00,1.000
432,BUY,1.08426,1.08326,100.00,-100.00,-1.000
433,SELL,1.08326,1.08426,100.00,-100.00,-1.000
434,SELL,1.08534,1.08634,100.00,-100.00,-1.000
435,BUY,1.08635,1.08535,100.00,-100.00,-1.000
436,SELL,1.08527,1.08627,100.00,100.00,1.000
437,SELL,1.08426,1.08526,100.00,104.00,1.040
438,SELL,1.08347,1.08447,100.00,100.00,1.000
439,SELL,1.07998,1.08098,100.00,-100.00,-1.000
440,BUY,1.08098,1.07998,100.00,-100.00,-1.000
441,SELL,1.07997,1.08097,100.00,-100.00,-1.000
442,BUY,1.08115,1.08015,100.00,-102.10,-1.021
443,BUY,1.08061,1.07961,100.00,101.00,1.010
444,BUY,1.08173,1.08073,100.00,-100.00,-1.000
445,SELL,1.08001,1.08101,100.00,101.00,1.010
446,SELL,1.07884,1.07984,100.00,-100.00,-1.000
447,BUY,1.07984,1.07884,100.00,100.00,1.000
448,BUY,1.08089,1.07989,100.00,100.00,1.000
449,SELL,1.08144,1.08244,100.00,-100.00,-1.000
450,BUY,1.08244,1.08144,100.00,-100.00,-1.000
451,SELL,1.08144,1.08244,100.00,-100.00,-1.000
452,SELL,1.08207,1.08307,100.00,102.00,1.020
453,SELL,1.08105,1.08205,100.00,-101.00,-1.010
454,SELL,1.08205,1.08305,100.00,-100.00,-1.000
455,BUY,1.08305,1.08205,100.00,100.00,1.000
456,BUY,1.08405,1.08305,100.00,101.00,1.010
457,BUY,1.08523,1.08423,100.00,100.00,1.000
458,BUY,1.08630,1.08530,100.00,100.00,1.000
459,BUY,1.08741,1.08641,100.00,-100.00,-1.000
460,SELL,1.08626,1.08726,100.00,-100.00,-1.000
461,BUY,1.08726,1.08626,100.00,-100.00,-1.000
462,BUY,1.08666,1.08566,100.00,100.30,1.003
463,BUY,1.08776,1.08676,100.00,100.00,1.000
464,BUY,1.08876,1.08776,100.00,-100.00,-1.000
465,SELL,1.08776,1.08876,100.00,-100.00,-1.000
466,BUY,1.08876,1.08776,100.00,100.00,1.000
467,BUY,1.08976,1.08876,100.00,-100.00,-1.000
468,SELL,1.08848,1.08948,100.00,118.00,1.180
469,SELL,1.08730,1.08830,100.00,117.00,1.170
470,SELL,1.08279,1.08379,100.00,101.00,1.010
471,SELL,1.08160,1.08260,100.00,-100.00,-1.000
472,BUY,1.08260,1.08160,100.00,-100.00,-1.000
473,SELL,1.08160,1.08260,100.00,100.00,1.000
474,SELL,1.08059,1.08159,100.00,100.00,1.000
475,SELL,1.07958,1.08058,100.00,-100.00,-1.000
476,BUY,1.08065,1.07965,100.00,-100.00,-1.000
477,SELL,1.07962,1.08062,100.00,-101.00,-1.010
478,BUY,1.08063,1.07963,100.00,100.00,1.000
479,BUY,1.08164,1.08064,100.00,-101.00,-1.010
480,SELL,1.08060,1.08160,100.00,100.00,1.000
481,SELL,1.07959,1.08059,100.00,100.00,1.000
482,SELL,1.07858,1.07958,100.00,-100.00,-1.000
483,BUY,1.07974,1.07874,100.00,-100.00,-1.000
484,BUY,1.07863,1.07763,100.00,100.00,1.000
485,SELL,1.07854,1.07954,100.00,99.00,0.990
486,SELL,1.07751,1.07851,100.00,-100.00,-1.000
487,BUY,1.07851,1.07751,100.00,-100.00,-1.000
488,SELL,1.07747,1.07847,100.00,-100.00,-1.000
489,BUY,1.07847,1.07747,100.00,-101.00,-1.010
490,SELL,1.07741,1.07841,94.00,94.00,1.000
491,BUY,1.07700,1.07600,100.00,-100.00,-1.000
492,SELL,1.07557,1.07657,94.00,94.00,1.000
493,SELL,1.07457,1.07557,100.00,100.00,1.000
494,BUY,1.07385,1.07285,100.00,-100.00,-1.000
495,SELL,1.07285,1.07385,100.00,-101.00,-1.010
496,BUY,1.07392,1.07292,93.00,92.35,0.993
497,BUY,1.07502,1.07402,100.00,103.00,1.030
498,BUY,1.07606,1.07506,100.00,-100.00,-1.000
499,SELL,1.07506,1.07606,100.00,101.00,1.010
500,BUY,1.07438,1.07338,100.00,-100.00,-1.000
501,SELL,1.07330,1.07430,100.00,-100.00,-1.000
502,SELL,1.07316,1.07416,93.00,-93.00,-1.000
503,BUY,1.07416,1.07316,85.00,-85.00,-1.000
504,BUY,1.07349,1.07249,77.00,77.00,1.000
505,BUY,1.07456,1.07356,84.00,84.84,1.010
506,BUY,1.07571,1.07471,91.00,91.91,1.010
507,BUY,1.07675,1.07575,100.00,100.00,1.000
508,BUY,1.07789,1.07689,100.00,-101.00,-1.010
509,SELL,1.07688,1.07788,100.00,-100.00,-1.000
510,SELL,1.07740,1.07840,90.00,91.80,1.020
511,SELL,1.07637,1.07737,100.00,-100.00,-1.000
512,BUY,1.07737,1.07637,90.00,-125.19,-1.391
513,SELL,1.07822,1.07922,78.00,78.78,1.010
514,SELL,1.07706,1.07806,86.00,-86.86,-1.010
515,BUY,1.07807,1.07707,78.00,-78.00,-1.000
516,SELL,1.07691,1.07791,71.00,72.42,1.020
517,SELL,1.07586,1.07686,77.00,79.31,1.030
518,SELL,1.07483,1.07583,85.00,-85.85,-1.010
519,BUY,1.07584,1.07484,77.00,77.00,1.000
520,BUY,1.07718,1.07618,84.00,84.00,1.000
521,BUY,1.07820,1.07720,91.00,-92.55,-1.017
522,BUY,1.07815,1.07715,83.00,-83.83,-1.010
523,SELL,1.07705,1.07805,75.00,-76.50,-1.020
524,BUY,1.07807,1.07707,69.00,72.45,1.050
525,BUY,1.07872,1.07772,75.00,-75.00,-1.000
526,BUY,1.07858,1.07758,68.00,-68.68,-1.010
527,BUY,1.07809,1.07709,62.00,62.00,1.000
528,SELL,1.07822,1.07922,68.00,-69.36,-1.020
529,BUY,1.07934,1.07834,62.00,62.00,1.000
530,BUY,1.08036,1.07936,67.00,-68.34,-1.020
531,SELL,1.07919,1.08019,61.00,61.00,1.000
532,SELL,1.07818,1.07918,66.00,66.00,1.000
533,SELL,1.07717,1.07817,72.00,72.72,1.010
534,SELL,1.07609,1.07709,79.00,-79.00,-1.000
535,SELL,1.07691,1.07791,72.00,73.44,1.020
536,SELL,1.07588,1.07688,78.00,-80.34,-1.030
537,BUY,1.07707,1.07607,71.00,71.00,1.000
538,SELL,1.07760,1.07860,77.00,76.23,0.990
539,BUY,1.07738,1.07638,84.00,-85.68,-1.020
540,BUY,1.07675,1.07575,77.00,-77.77,-1.010
541,SELL,1.07574,1.07674,70.00,-71.40,-1.020
542,BUY,1.07703,1.07603,63.00,63.00,1.000
543,BUY,1.07808,1.07708,69.00,69.00,1.000
544,BUY,1.07912,1.07812,75.00,-345.75,-4.610
545,SELL,1.07451,1.07551,45.00,45.00,1.000
546,SELL,1.07291,1.07391,49.00,49.98,1.020
547,SELL,1.07189,1.07289,53.00,53.53,1.010
548,SELL,1.07088,1.07188,58.00,-58.00,-1.000
549,BUY,1.07188,1.07088,53.00,-53.00,-1.000
550,SELL,1.07088,1.07188,48.00,-48.00,-1.000
551,BUY,1.07202,1.07102,44.00,-44.00,-1.000
552,SELL,1.07102,1.07202,40.00,39.60,0.990
553,SELL,1.06999,1.07099,44.00,-44.44,-1.010
554,BUY,1.07100,1.07000,40.00,40.00,1.000
555,BUY,1.07200,1.07100,43.00,43.00,1.000
556,SELL,1.07269,1.07369,47.00,-48.88,-1.040
557,BUY,1.07388,1.07288,43.00,-43.00,-1.000
558,SELL,1.07279,1.07379,39.00,-39.00,-1.000
559,BUY,1.07379,1.07279,35.00,35.35,1.010
560,BUY,1.07486,1.07386,38.00,38.76,1.020
561,BUY,1.07589,1.07489,42.00,42.84,1.020
562,BUY,1.07638,1.07538,46.00,46.46,1.010
563,BUY,1.07740,1.07640,50.00,50.00,1.000
564,BUY,1.07841,1.07741,54.00,-54.00,-1.000
565,SELL,1.07734,1.07834,49.00,49.00,1.000
566,SELL,1.07609,1.07709,54.00,-54.00,-1.000
567,BUY,1.07720,1.07620,49.00,-49.34,-1.007
568,BUY,1.07664,1.07564,44.00,44.00,1.000
569,SELL,1.07731,1.07831,48.00,48.00,1.000
570,SELL,1.07630,1.07730,53.00,82.15,1.550
571,SELL,1.07474,1.07574,60.00,60.60,1.010
572,SELL,1.07372,1.07472,65.00,-65.00,-1.000
573,BUY,1.07472,1.07372,60.00,60.60,1.010
574,BUY,1.07573,1.07473,65.00,65.00,1.000
575,BUY,1.07673,1.07573,71.00,71.71,1.010
576,BUY,1.07784,1.07684,77.00,76.46,0.993
577,SELL,1.07849,1.07949,83.00,83.83,1.010
578,BUY,1.07781,1.07681,91.00,-91.00,-1.000
579,SELL,1.07681,1.07781,83.00,-83.00,-1.000
580,BUY,1.07828,1.07728,76.00,-103.89,-1.367
581,SELL,1.07730,1.07830,66.00,66.66,1.010
582,BUY,1.07662,1.07562,72.00,72.72,1.010
583,BUY,1.07769,1.07669,79.00,79.00,1.000
584,BUY,1.07870,1.07770,86.00,86.00,1.000
585,BUY,1.07972,1.07872,93.00,93.00,1.000
586,BUY,1.08074,1.07974,100.00,-100.00,-1.000
587,SELL,1.07974,1.08074,92.00,-92.00,-1.000
588,BUY,1.08086,1.07986,84.00,84.00,1.000
589,BUY,1.08186,1.08086,92.00,92.00,1.000
590,BUY,1.08287,1.08187,100.00,100.00,1.000
591,BUY,1.08387,1.08287,100.00,-101.00,-1.010
592,SELL,1.08272,1.08372,100.00,103.00,1.030
593,SELL,1.08159,1.08259,100.00,100.00,1.000
594,SELL,1.08028,1.08128,100.00,-101.00,-1.010
595,BUY,1.08110,1.08010,100.00,-102.00,-1.020
596,SELL,1.07991,1.08091,100.00,-100.00,-1.000
597,BUY,1.08079,1.07979,91.00,91.00,1.000
598,SELL,1.08135,1.08235,100.00,100.00,1.000
599,SELL,1.08022,1.08122,100.00,-101.00,-1.010
600,BUY,1.08123,1.08023,100.00,-100.00,-1.000
601,SELL,1.08023,1.08123,90.00,-90.00,-1.000
602,SELL,1.08060,1.08160,82.00,-82.00,-1.000
603,BUY,1.08160,1.08060,75.00,73.42,0.979
604,SELL,1.08234,1.08334,81.00,-81.00,-1.000
605,SELL,1.08342,1.08442,74.00,-74.00,-1.000
606,BUY,1.08442,1.08342,67.00,67.00,1.000
607,BUY,1.08562,1.08462,73.00,94.17,1.290
608,BUY,1.08711,1.08611,81.00,83.43,1.030
609,BUY,1.08810,1.08710,89.00,-112.14,-1.260
610,SELL,1.08684,1.08784,79.00,79.79,1.010
611,SELL,1.08653,1.08753,86.00,86.00,1.000
612,SELL,1.08534,1.08634,94.00,94.00,1.000
613,SELL,1.08432,1.08532,100.00,127.00,1.270
614,SELL,1.08304,1.08404,100.00,100.00,1.000
615,SELL,1.08202,1.08302,100.00,100.00,1.000
616,SELL,1.08099,1.08199,100.00,-100.00,-1.000
617,BUY,1.08199,1.08099,100.00,-100.00,-1.000
618,SELL,1.08099,1.08199,100.00,-100.00,-1.000
619,BUY,1.08208,1.08108,100.00,100.30,1.003
620,SELL,1.08248,1.08348,100.00,103.00,1.030
621,BUY,1.08191,1.08091,100.00,100.00,1.000
622,BUY,1.08292,1.08192,100.00,100.00,1.000
623,SELL,1.08330,1.08430,100.00,100.00,1.000
624,SELL,1.08225,1.08325,100.00,101.00,1.010
625,SELL,1.08124,1.08224,100.00,-100.00,-1.000
626,SELL,1.08183,1.08283,100.00,-100.00,-1.000
627,BUY,1.08247,1.08147,100.00,-100.70,-1.007
628,BUY,1.08273,1.08173,100.00,100.00,1.000
629,BUY,1.08376,1.08276,100.00,100.00,1.000
630,SELL,1.08447,1.08547,100.00,-103.00,-1.030
631,BUY,1.08550,1.08450,100.00,-102.00,-1.020
632,BUY,1.08537,1.08437,100.00,-101.00,-1.010
633,SELL,1.08431,1.08531,100.00,-100.00,-1.000
634,BUY,1.08531,1.08431,100.00,-101.00,-1.010
635,BUY,1.08447,1.08347,100.00,99.30,0.993
636,SELL,1.08469,1.08569,100.00,-100.00,-1.000
637,BUY,1.08573,1.08473,100.00,-101.00,-1.010
638,SELL,1.08472,1.08572,100.00,-100.00,-1.000
639,BUY,1.08593,1.08493,86.00,-86.00,-1.000
640,SELL,1.08493,1.08593,79.00,79.00,1.000
641,SELL,1.08386,1.08486,86.00,-86.00,-1.000
642,BUY,1.08489,1.08389,78.00,-78.55,-1.007
643,SELL,1.08274,1.08374,71.00,72.42,1.020
644,BUY,1.08204,1.08104,78.00,-78.00,-1.000
645,SELL,1.08104,1.08204,71.00,71.71,1.010
646,SELL,1.07977,1.08077,77.00,-77.00,-1.000
647,BUY,1.08077,1.07977,70.00,70.00,1.000
648,SELL,1.08125,1.08225,77.00,-79.31,-1.030
649,BUY,1.08238,1.08138,70.00,70.70,1.010
650,SELL,1.08284,1.08384,76.00,-76.76,-1.010
651,BUY,1.08385,1.08285,69.00,-71.14,-1.031
652,SELL,1.08280,1.08380,63.00,-63.00,-1.000
653,BUY,1.08379,1.08279,57.00,-57.57,-1.010
654,SELL,1.08272,1.08372,52.00,-52.00,-1.000
655,BUY,1.08372,1.08272,48.00,48.96,1.020
656,SELL,1.08425,1.08525,52.00,-52.00,-1.000
657,SELL,1.08499,1.08599,47.00,47.00,1.000
658,SELL,1.08380,1.08480,51.00,51.51,1.010
659,SELL,1.08278,1.08378,56.00,-57.12,-1.020
660,BUY,1.08380,1.08280,51.00,51.00,1.000
661,BUY,1.08481,1.08381,55.00,-55.00,-1.000
662,SELL,1.08381,1.08481,51.00,-51.00,-1.000
663,BUY,1.08480,1.08380,46.00,-47.38,-1.030
664,SELL,1.08377,1.08477,42.00,42.00,1.000
665,SELL,1.08272,1.08372,46.00,46.00,1.000
666,SELL,1.08171,1.08271,50.00,50.50,1.010
667,SELL,1.08069,1.08169,54.00,54.00,1.000
668,BUY,1.08009,1.07909,59.00,59.00,1.000
669,BUY,1.08111,1.08011,64.00,-64.00,-1.000
670,BUY,1.08061,1.07961,59.00,58.59,0.993
671,SELL,1.08166,1.08266,64.00,65.28,1.020
672,SELL,1.08063,1.08163,69.00,-69.00,-1.000
673,BUY,1.08166,1.08066,63.00,-64.89,-1.030
674,SELL,1.08063,1.08163,58.00,-58.58,-1.010
675,BUY,1.08164,1.08064,52.00,52.00,1.000
676,BUY,1.08265,1.08165,57.00,58.14,1.020
677,BUY,1.08377,1.08277,62.00,-62.00,-1.000
678,SELL,1.08267,1.08367,57.00,-57.00,-1.000
679,SELL,1.08344,1.08444,52.00,-80.60,-1.550
680,SELL,1.08348,1.08448,45.00,-45.00,-1.000
681,BUY,1.08502,1.08402,41.00,-41.00,-1.000
682,SELL,1.08402,1.08502,37.00,-37.00,-1.000
683,BUY,1.08513,1.08413,34.00,-34.00,-1.000
684,BUY,1.08465,1.08365,31.00,31.31,1.010
685,BUY,1.08570,1.08470,33.00,33.00,1.000
686,SELL,1.08632,1.08732,36.00,36.00,1.000
687,SELL,1.08497,1.08597,40.00,-40.40,-1.010
688,BUY,1.08598,1.08498,36.00,36.36,1.010
689,BUY,1.08703,1.08603,39.00,-39.00,-1.000
690,SELL,1.08544,1.08644,36.00,-36.36,-1.010
691,BUY,1.08473,1.08373,33.00,33.33,1.010
692,SELL,1.08611,1.08711,35.00,-35.70,-1.020
693,BUY,1.08713,1.08613,32.00,32.64,1.020
694,BUY,1.08816,1.08716,35.00,35.00,1.000
695,SELL,1.08870,1.08970,38.00,-38.00,-1.000
696,BUY,1.08974,1.08874,35.00,35.00,1.000
697,BUY,1.09089,1.08989,38.00,-38.38,-1.010
698,SELL,1.08988,1.09088,35.00,33.95,0.970
699,SELL,1.08886,1.08986,38.00,-38.00,-1.000
700,BUY,1.08992,1.08892,34.00,-34.00,-1.000
701,SELL,1.08892,1.08992,31.00,31.00,1.000
702,SELL,1.08808,1.08908,34.00,34.00,1.000
703,SELL,1.08707,1.08807,37.00,-37.37,-1.010
704,BUY,1.08808,1.08708,34.00,34.00,1.000
705,BUY,1.08908,1.08808,37.00,37.74,1.020
706,BUY,1.09010,1.08910,40.00,40.00,1.000
707,BUY,1.09133,1.09033,43.00,43.00,1.000
708,BUY,1.09234,1.09134,47.00,47.00,1.000
709,BUY,1.09335,1.09235,51.00,51.00,1.000
710,SELL,1.09406,1.09506,55.00,-56.10,-1.020
711,SELL,1.09421,1.09521,51.00,-51.00,-1.000
712,BUY,1.09513,1.09413,46.00,-46.00,-1.000
713,SELL,1.09406,1.09506,42.00,42.00,1.000
714,SELL,1.09305,1.09405,46.00,-46.00,-1.000
715,BUY,1.09416,1.09316,42.00,-44.94,-1.070
716,SELL,1.09309,1.09409,38.00,39.52,1.040
717,BUY,1.09595,1.09495,41.00,-42.23,-1.030
718,BUY,1.09566,1.09466,38.00,38.38,1.010
719,BUY,1.09663,1.09563,41.00,41.41,1.010
720,BUY,1.09761,1.09661,44.00,-44.00,-1.000
721,SELL,1.09661,1.09761,41.00,41.41,1.010
722,SELL,1.09559,1.09659,44.00,-44.00,-1.000
723,BUY,1.09659,1.09559,40.00,-40.00,-1.000
724,SELL,1.09559,1.09659,37.00,37.37,1.010
725,SELL,1.09457,1.09557,40.00,-40.40,-1.010
726,BUY,1.09590,1.09490,37.00,-37.37,-1.010
727,SELL,1.09484,1.09584,34.00,-34.34,-1.010
728,BUY,1.09595,1.09495,31.00,-31.00,-1.000
729,SELL,1.09492,1.09592,28.00,28.00,1.000
730,SELL,1.09378,1.09478,30.00,-30.60,-1.020
731,BUY,1.09479,1.09379,28.00,-28.00,-1.000
732,SELL,1.09377,1.09477,25.00,25.00,1.000
733,SELL,1.09265,1.09365,27.00,27.27,1.010
734,BUY,1.09210,1.09110,30.00,29.79,0.993
735,SELL,1.09349,1.09449,32.00,32.00,1.000
736,SELL,1.09231,1.09331,35.00,-35.00,-1.000
737,SELL,1.09271,1.09371,32.00,38.72,1.210
738,SELL,1.09143,1.09243,36.00,37.08,1.030
739,SELL,1.09315,1.09415,39.00,-39.78,-1.020
740,BUY,1.09417,1.09317,35.00,-35.00,-1.000
741,SELL,1.09317,1.09417,32.00,32.00,1.000
742,SELL,1.09201,1.09301,35.00,35.00,1.000
743,SELL,1.09101,1.09201,38.00,-38.76,-1.020
744,SELL,1.09255,1.09355,35.00,-35.00,-1.000
745,BUY,1.09391,1.09291,32.00,32.00,1.000
746,BUY,1.09542,1.09442,34.00,-38.42,-1.130
747,SELL,1.09429,1.09529,31.00,-39.99,-1.290
748,BUY,1.09568,1.09468,28.00,-28.00,-1.000
749,BUY,1.09521,1.09421,25.00,-25.00,-1.000
750,SELL,1.09384,1.09484,23.00,24.84,1.080
751,SELL,1.09269,1.09369,25.00,-25.25,-1.010
752,BUY,1.09370,1.09270,23.00,-23.00,-1.000
753,SELL,1.09265,1.09365,21.00,21.00,1.000
754,SELL,1.09162,1.09262,23.00,23.23,1.010
755,SELL,1.09059,1.09159,25.00,25.00,1.000
756,SELL,1.08930,1.09030,27.00,27.00,1.000
757,BUY,1.08852,1.08752,29.00,-29.20,-1.007
758,BUY,1.08849,1.08749,27.00,27.00,1.000
759,BUY,1.08975,1.08875,29.00,-29.58,-1.020
760,BUY,1.08945,1.08845,27.00,-27.81,-1.030
761,SELL,1.08868,1.08968,24.00,-24.24,-1.010
762,SELL,1.08928,1.09028,22.00,-22.00,-1.000
763,SELL,1.09004,1.09104,20.00,20.20,1.010
764,SELL,1.08889,1.08989,22.00,22.22,1.010
765,SELL,1.08770,1.08870,24.00,24.00,1.000
766,SELL,1.08680,1.08780,26.00,-28.08,-1.080
767,BUY,1.08733,1.08633,24.00,-24.48,-1.020
768,SELL,1.08643,1.08743,21.00,21.42,1.020
769,SELL,1.08541,1.08641,23.00,23.00,1.000
770,SELL,1.08433,1.08533,25.00,-25.75,-1.030
771,SELL,1.08509,1.08609,23.00,-23.00,-1.000
772,BUY,1.08629,1.08529,21.00,-21.78,-1.037
773,SELL,1.08526,1.08626,19.00,19.57,1.030
774,SELL,1.08423,1.08523,21.00,-21.00,-1.000
775,BUY,1.08673,1.08573,19.00,19.00,1.000
776,BUY,1.08816,1.08716,21.00,21.63,1.030
777,BUY,1.08902,1.08802,23.00,-23.00,-1.000
778,SELL,1.08802,1.08902,21.00,21.21,1.010
779,SELL,1.08700,1.08800,22.00,-22.00,-1.000
780,BUY,1.08800,1.08700,20.00,-21.20,-1.060
781,SELL,1.08694,1.08794,19.00,-20.33,-1.070
782,BUY,1.08801,1.08701,17.00,17.17,1.010
783,BUY,1.08911,1.08811,18.00,18.36,1.020
784,BUY,1.09016,1.08916,20.00,20.60,1.030
785,BUY,1.09119,1.09019,22.00,-22.00,-1.000
786,SELL,1.09019,1.09119,20.00,-20.20,-1.010
787,BUY,1.09125,1.09025,18.00,18.00,1.000
788,SELL,1.09167,1.09267,20.00,-24.80,-1.240
789,BUY,1.09287,1.09187,17.00,17.00,1.000
790,SELL,1.09332,1.09432,19.00,19.19,1.010
791,SELL,1.09231,1.09331,21.00,28.14,1.340
792,BUY,1.09172,1.09072,23.00,-25.76,-1.120
793,SELL,1.09060,1.09160,21.00,21.00,1.000
794,SELL,1.08958,1.09058,23.00,-23.23,-1.010
795,BUY,1.09064,1.08964,21.00,21.00,1.000
796,BUY,1.09166,1.09066,22.00,-22.00,-1.000
797,SELL,1.09067,1.09167,21.00,-21.00,-1.000
798,BUY,1.09167,1.09067,19.00,-19.38,-1.020
799,SELL,1.09065,1.09165,17.00,17.17,1.010
800,SELL,1.08961,1.09061,19.00,19.38,1.020
801,SELL,1.08857,1.08957,20.00,20.00,1.000
802,BUY,1.08808,1.08708,22.00,-22.00,-1.000
803,BUY,1.08765,1.08665,20.00,-20.00,-1.000
804,SELL,1.08639,1.08739,18.00,17.82,0.990
805,SELL,1.08537,1.08637,20.00,20.20,1.010
806,BUY,1.08398,1.08298,22.00,-22.00,-1.000
807,SELL,1.08279,1.08379,20.00,20.00,1.000
808,SELL,1.08158,1.08258,22.00,-22.00,-1.000
809,SELL,1.08255,1.08355,20.00,20.00,1.000
810,BUY,1.08193,1.08093,21.00,-21.00,-1.000
811,SELL,1.08092,1.08192,20.00,-20.20,-1.010
812,BUY,1.08192,1.08092,18.00,-18.18,-1.010
813,SELL,1.08091,1.08191,16.00,-16.00,-1.000
814,BUY,1.08195,1.08095,15.00,15.00,1.000
815,BUY,1.08356,1.08256,16.00,15.89,0.993
816,SELL,1.08459,1.08559,17.00,-17.00,-1.000
817,BUY,1.08577,1.08477,16.00,-16.00,-1.000
818,SELL,1.08474,1.08574,15.00,15.15,1.010
819,BUY,1.08421,1.08321,16.00,-16.00,-1.000
820,SELL,1.08316,1.08416,14.00,13.86,0.990
821,BUY,1.08327,1.08227,16.00,-16.32,-1.020
822,SELL,1.08225,1.08325,14.00,-14.00,-1.000
823,BUY,1.08325,1.08225,13.00,-13.00,-1.000
824,SELL,1.08225,1.08325,12.00,12.36,1.030
825,SELL,1.08119,1.08219,13.00,-13.00,-1.000
826,BUY,1.08234,1.08134,12.00,-12.37,-1.031
827,BUY,1.08167,1.08067,11.00,-11.33,-1.030
828,SELL,1.08064,1.08164,10.00,10.20,1.020
829,SELL,1.07959,1.08059,11.00,11.00,1.000
830,SELL,1.07781,1.07881,12.00,-12.00,-1.000
831,BUY,1.07886,1.07786,11.00,11.00,1.000
832,BUY,1.08003,1.07903,12.00,12.00,1.000
833,BUY,1.08114,1.08014,13.00,-13.00,-1.000
834,SELL,1.08014,1.08114,11.00,11.00,1.000
835,SELL,1.07860,1.07960,12.00,-13.92,-1.160
836,BUY,1.07975,1.07875,11.00,-11.11,-1.010
837,SELL,1.07868,1.07968,10.00,10.00,1.000
838,BUY,1.07793,1.07693,11.00,-11.00,-1.000
839,SELL,1.07693,1.07793,10.00,-10.10,-1.010
840,BUY,1.07829,1.07729,9.00,9.09,1.010
841,BUY,1.07937,1.07837,10.00,10.00,1.000
842,BUY,1.08044,1.07944,11.00,-11.33,-1.030
843,SELL,1.07941,1.08041,10.00,10.00,1.000
844,BUY,1.07909,1.07809,11.00,-11.22,-1.020
845,BUY,1.07851,1.07751,10.00,-10.00,-1.000
846,SELL,1.07732,1.07832,9.00,9.45,1.050
847,SELL,1.07620,1.07720,10.00,10.10,1.010
848,SELL,1.07516,1.07616,11.00,11.11,1.010
849,BUY,1.07435,1.07335,12.00,-12.24,-1.020
850,SELL,1.07323,1.07423,11.00,-11.22,-1.020
851,BUY,1.07408,1.07308,10.00,-10.17,-1.017
852,BUY,1.07349,1.07249,9.00,-9.00,-1.000
853,SELL,1.07258,1.07358,8.00,-8.00,-1.000
854,BUY,1.07399,1.07299,7.00,-7.14,-1.020
855,SELL,1.07276,1.07376,7.00,-7.00,-1.000
856,BUY,1.07376,1.07276,6.00,6.06,1.010
857,BUY,1.07485,1.07385,7.00,7.14,1.020
858,BUY,1.07608,1.07508,7.00,7.00,1.000
859,BUY,1.07708,1.07608,8.00,-8.00,-1.000
860,BUY,1.07707,1.07607,7.00,7.00,1.000
861,BUY,1.07808,1.07708,8.00,8.00,1.000
862,BUY,1.07908,1.07808,8.00,9.20,1.150
863,BUY,1.08030,1.07930,9.00,9.09,1.010
864,BUY,1.08170,1.08070,10.00,-10.10,-1.010
865,BUY,1.08082,1.07982,9.00,-9.00,-1.000
866,SELL,1.07979,1.08079,8.00,-8.08,-1.010
867,SELL,1.08027,1.08127,8.00,-8.00,-1.000
868,BUY,1.08139,1.08039,7.00,7.00,1.000
869,SELL,1.08198,1.08298,7.00,-7.14,-1.020
870,BUY,1.08300,1.08200,7.00,6.92,0.989
871,BUY,1.08422,1.08322,7.00,7.07,1.010
872,BUY,1.08528,1.08428,8.00,8.00,1.000
873,BUY,1.08646,1.08546,9.00,-9.09,-1.010
874,BUY,1.08560,1.08460,8.00,8.00,1.000
875,BUY,1.08660,1.08560,9.00,9.18,1.020
876,BUY,1.08764,1.08664,9.00,-9.09,-1.010
877,SELL,1.08606,1.08706,9.00,9.09,1.010
878,SELL,1.08504,1.08604,9.00,9.00,1.000
879,BUY,1.08393,1.08293,10.00,-16.47,-1.647
880,SELL,1.08321,1.08421,9.00,-9.00,-1.000
881,SELL,1.08341,1.08441,8.00,-8.00,-1.000
882,SELL,1.08374,1.08474,7.00,7.00,1.000
883,SELL,1.08253,1.08353,8.00,-8.08,-1.010
884,BUY,1.08392,1.08292,7.00,-10.57,-1.510
885,SELL,1.08241,1.08341,6.00,6.54,1.090
886,SELL,1.08041,1.08141,7.00,-7.14,-1.020
887,BUY,1.08143,1.08043,6.00,-6.12,-1.020
888,SELL,1.08041,1.08141,6.00,6.00,1.000
889,SELL,1.07933,1.08033,6.00,-6.12,-1.020
890,BUY,1.08039,1.07939,6.00,6.18,1.030
891,BUY,1.08157,1.08057,6.00,6.00,1.000
892,BUY,1.08259,1.08159,7.00,-7.07,-1.010
893,BUY,1.08232,1.08132,6.00,6.00,1.000
894,BUY,1.08334,1.08234,7.00,7.00,1.000
895,BUY,1.08435,1.08335,7.00,-7.00,-1.000
896,SELL,1.08333,1.08433,7.00,6.93,0.990
897,BUY,1.08270,1.08170,7.00,7.00,1.000
898,SELL,1.08314,1.08414,8.00,8.00,1.000
899,SELL,1.08211,1.08311,9.00,-9.00,-1.000
900,SELL,1.08296,1.08396,8.00,-8.16,-1.020
901,BUY,1.08398,1.08298,7.00,7.14,1.020
902,BUY,1.08504,1.08404,8.00,8.08,1.010
903,SELL,1.08543,1.08643,8.00,-12.24,-1.530
904,SELL,1.08539,1.08639,7.00,-8.33,-1.190
905,SELL,1.08545,1.08645,7.00,-7.07,-1.010
906,BUY,1.08638,1.08538,6.00,6.00,1.000
907,BUY,1.08739,1.08639,7.00,7.00,1.000
908,BUY,1.08840,1.08740,7.00,-7.14,-1.020
909,SELL,1.08734,1.08834,7.00,7.21,1.030
910,SELL,1.08631,1.08731,7.00,7.00,1.000
911,BUY,1.08573,1.08473,8.00,-17.82,-2.228
912,SELL,1.08279,1.08379,6.00,6.06,1.010
913,SELL,1.07962,1.08062,7.00,7.07,1.010
914,SELL,1.07858,1.07958,7.00,-7.14,-1.020
915,BUY,1.07960,1.07860,7.00,-7.14,-1.020
916,SELL,1.07848,1.07948,6.00,6.00,1.000
917,SELL,1.07747,1.07847,7.00,7.14,1.020
918,SELL,1.07644,1.07744,7.00,-7.00,-1.000
919,SELL,1.07698,1.07798,7.00,7.21,1.030
920,SELL,1.07594,1.07694,7.00,7.00,1.000
921,SELL,1.07477,1.07577,8.00,-8.08,-1.010
922,BUY,1.07578,1.07478,7.00,-7.07,-1.010
923,SELL,1.07417,1.07517,7.00,7.00,1.000
924,SELL,1.07306,1.07406,7.00,-7.14,-1.020
925,BUY,1.07408,1.07308,7.00,7.00,1.000
926,BUY,1.07509,1.07409,7.00,-7.07,-1.010
927,BUY,1.07451,1.07351,7.00,-7.00,-1.000
928,SELL,1.07351,1.07451,6.00,-6.06,-1.010
929,SELL,1.07398,1.07498,5.00,5.00,1.000
930,SELL,1.07296,1.07396,6.00,-6.00,-1.000
931,BUY,1.07406,1.07306,5.00,-5.00,-1.000
932,SELL,1.07279,1.07379,5.00,5.30,1.060
933,SELL,1.07169,1.07269,5.00,-5.00,-1.000
934,SELL,1.07204,1.07304,5.00,-6.00,-1.200
935,BUY,1.07324,1.07224,4.00,4.16,1.040
936,BUY,1.07432,1.07332,5.00,-5.10,-1.020
937,SELL,1.07330,1.07430,4.00,-4.00,-1.000
938,BUY,1.07430,1.07330,4.00,-4.20,-1.050
939,SELL,1.07325,1.07425,4.00,-4.12,-1.030
940,BUY,1.07419,1.07319,3.00,3.00,1.000
941,BUY,1.07523,1.07423,4.00,-4.04,-1.010
942,SELL,1.07422,1.07522,3.00,3.00,1.000
943,SELL,1.07314,1.07414,3.00,3.03,1.010
944,SELL,1.07210,1.07310,4.00,4.04,1.010
945,SELL,1.07109,1.07209,4.00,4.00,1.000
946,SELL,1.07002,1.07102,4.00,-4.04,-1.010
947,BUY,1.07103,1.07003,4.00,4.16,1.040
948,BUY,1.07208,1.07108,4.00,4.00,1.000
949,BUY,1.07324,1.07224,5.00,-5.89,-1.178
950,BUY,1.07269,1.07169,4.00,-4.00,-1.000
951,SELL,1.07082,1.07182,4.00,4.00,1.000
952,SELL,1.06981,1.07081,4.00,4.00,1.000
953,SELL,1.06871,1.06971,5.00,5.05,1.010
954,BUY,1.06794,1.06694,5.00,-5.15,-1.030
955,SELL,1.06689,1.06789,5.00,5.00,1.000
956,SELL,1.06589,1.06689,5.00,5.00,1.000
957,SELL,1.06489,1.06589,6.00,-6.06,-1.010
958,SELL,1.06530,1.06630,5.00,5.15,1.030
959,SELL,1.06425,1.06525,5.00,5.10,1.020
960,BUY,1.06374,1.06274,6.00,-6.00,-1.000
961,SELL,1.06269,1.06369,5.00,-5.05,-1.010
962,BUY,1.06404,1.06304,5.00,5.05,1.010
963,BUY,1.06506,1.06406,5.00,-5.05,-1.010
964,BUY,1.06438,1.06338,5.00,-5.49,-1.098
965,SELL,1.06329,1.06429,4.00,-4.16,-1.040
966,BUY,1.06433,1.06333,4.00,4.04,1.010
967,BUY,1.06535,1.06435,4.00,4.04,1.010
968,BUY,1.06637,1.06537,5.00,-5.15,-1.030
969,SELL,1.06526,1.06626,4.00,-4.04,-1.010
970,BUY,1.06634,1.06534,4.00,-4.00,-1.000
971,BUY,1.06555,1.06455,4.00,-4.76,-1.190
972,SELL,1.06436,1.06536,3.00,3.03,1.010
973,SELL,1.06379,1.06479,3.00,-3.00,-1.000
974,BUY,1.06479,1.06379,3.00,3.00,1.000
975,BUY,1.06582,1.06482,3.00,-3.00,-1.000
976,SELL,1.06471,1.06571,3.00,3.03,1.010
977,SELL,1.06369,1.06469,3.00,3.03,1.010
978,BUY,1.06315,1.06215,4.00,4.08,1.020
979,BUY,1.06433,1.06333,4.00,-4.00,-1.000
980,SELL,1.06279,1.06379,4.00,4.00,1.000
981,SELL,1.06147,1.06247,4.00,4.04,1.010
982,BUY,1.06082,1.05982,4.00,4.04,1.010
983,SELL,1.06121,1.06221,5.00,-5.00,-1.000
984,BUY,1.06221,1.06121,4.00,-4.08,-1.020
985,SELL,1.06126,1.06226,4.00,-4.08,-1.020
986,BUY,1.06228,1.06128,4.00,-4.00,-1.000
987,BUY,1.06172,1.06072,3.00,3.03,1.010
988,BUY,1.06275,1.06175,4.00,4.08,1.020
989,BUY,1.06379,1.06279,4.00,4.00,1.000
990,BUY,1.06493,1.06393,4.00,-4.00,-1.000
991,SELL,1.06385,1.06485,4.00,4.00,1.000
992,SELL,1.06284,1.06384,4.00,-4.04,-1.010
993,BUY,1.06385,1.06285,4.00,-4.00,-1.000
994,SELL,1.06285,1.06385,4.00,-4.12,-1.030
995,BUY,1.06388,1.06288,3.00,-3.00,-1.000
996,BUY,1.06336,1.06236,3.00,-3.00,-1.000
997,SELL,1.06236,1.06336,3.00,3.00,1.000
998,SELL,1.06105,1.06205,3.00,-3.06,-1.020
999,BUY,1.06207,1.06107,3.00,3.06,1.020
1000,BUY,1.06311,1.06211,3.00,-3.00,-1.000
1001,SELL,1.06209,1.06309,3.00,-3.09,-1.030
1002,BUY,1.06312,1.06212,2.00,-2.00,-1.000
1003,SELL,1.06212,1.06312,2.00,-2.34,-1.170
1004,SELL,1.06141,1.06241,2.00,-2.16,-1.080
1005,BUY,1.06249,1.06149,2.00,-2.02,-1.010
1006,BUY,1.06232,1.06132,2.00,-2.00,-1.000
1007,BUY,1.06186,1.06086,1.00,1.02,1.020
1008,BUY,1.06289,1.06189,2.00,-2.00,-1.000
1009,BUY,1.06151,1.06051,1.00,1.01,1.010
1010,BUY,1.06261,1.06161,1.00,1.00,1.000
1011,BUY,1.06365,1.06265,2.00,-2.14,-1.070
1012,SELL,1.06258,1.06358,1.00,-1.00,-1.000
1013,BUY,1.06358,1.06258,1.00,1.02,1.020
1014,BUY,1.06462,1.06362,1.00,-1.04,-1.040
1015,SELL,1.06358,1.06458,1.00,-1.00,-1.000
1016,BUY,1.06458,1.06358,1.00,-1.00,-1.000
1017,SELL,1.06344,1.06444,1.00,-1.00,-1.000
1018,BUY,1.06444,1.06344,1.00,-1.00,-1.000
1019,SELL,1.06344,1.06444,1.00,-1.00,-1.000
1020,SELL,1.06423,1.06523,1.00,-1.01,-1.010
1021,BUY,1.06538,1.06438,1.00,1.00,1.000
1022,BUY,1.06639,1.06539,1.00,1.00,1.000
1023,BUY,1.06754,1.06654,1.00,-1.02,-1.020
1024,SELL,1.06652,1.06752,1.00,-1.11,-1.110
1025,SELL,1.06673,1.06773,1.00,-1.00,-1.000
1026,BUY,1.06843,1.06743,1.00,-1.01,-1.010
1027,SELL,1.06736,1.06836,1.00,1.00,1.000
1028,SELL,1.06634,1.06734,1.00,1.00,1.000
1029,SELL,1.06533,1.06633,1.00,-1.00,-1.000
1030,SELL,1.06584,1.06684,1.00,1.00,1.000
1031,SELL,1.06472,1.06572,1.00,0.99,0.990
1032,SELL,1.06370,1.06470,1.00,1.01,1.010
1033,SELL,1.06242,1.06342,1.00,1.02,1.020
1034,BUY,1.06178,1.06078,1.00,1.01,1.010
1035,BUY,1.06283,1.06183,1.00,1.00,1.000
1036,BUY,1.06399,1.06299,1.00,-1.01,-1.010
1037,SELL,1.06276,1.06376,1.00,-1.00,-1.000
1038,BUY,1.06376,1.06276,1.00,1.01,1.010
1039,BUY,1.06478,1.06378,1.00,1.00,1.000
1040,SELL,1.06523,1.06623,1.00,-1.01,-1.010
1041,BUY,1.06624,1.06524,1.00,1.00,1.000
1042,SELL,1.06678,1.06778,1.00,1.03,1.030
1043,SELL,1.06557,1.06657,1.00,1.01,1.010
1044,SELL,1.06454,1.06554,1.00,-1.02,-1.020
1045,BUY,1.06565,1.06465,1.00,-1.00,-1.000
1046,SELL,1.06496,1.06596,1.00,-1.32,-1.320
1047,SELL,1.06478,1.06578,1.00,-1.37,-1.370
1048,BUY,1.06665,1.06565,1.00,-1.01,-1.010
1049,BUY,1.06653,1.06553,1.00,-1.10,-1.100
1050,SELL,1.06543,1.06643,1.00,-1.02,-1.020
1051,SELL,1.06546,1.06646,1.00,-1.01,-1.010
1052,BUY,1.06647,1.06547,1.00,-1.02,-1.020
