signal_id,direction,reference_price,candle_1,candle_2,candle_3,sweep_price,rejection_price,confirmation_status,c3_close,entry_time,entry_price,exec_gap_points,stop_price,target_price,volume,risk_money,planned_R,exit_time,exit_price,exit_reason,realized_PnL,R_multiple,ref_rule,spec_id
1,BUY,1.14299,2026.07.06 08:00:00,2026.07.06 08:05:00,2026.07.06 08:10:00,1.14285,1.14299,BLOCKED(DEC-044),1.14298,2026.07.06 06:45:00,1.14314,16.0,1.14279,1.14384,2.85,99.75,2.00,2026.07.06 08:22:03,1.14276,STOP,-108.30,-1.086,A_prime_K3_strict_left,DEC-LOCK-001/SPEC-SW-001
2,BUY,1.14211,2026.07.06 11:05:00,2026.07.06 11:10:00,2026.07.06 11:15:00,1.14158,1.14176,BLOCKED(DEC-044),1.14176,2026.07.06 11:25:00,1.14176,0.0,1.14157,1.14214,5.20,98.80,2.00,2026.07.06 11:46:01,1.14157,STOP,-98.80,-1.000,A_prime_K3_strict_left,DEC-LOCK-001/SPEC-SW-001
3,BUY,1.14139,2026.07.06 14:40:00,2026.07.06 14:45:00,2026.07.06 14:50:00,1.14126,1.14134,BLOCKED(DEC-044),1.14134,2026.07.06 15:00:00,1.14153,19.0,1.14125,1.14209,3.49,97.72,2.00,2026.07.06 15:45:21,1.14125,STOP,-97.72,-1.000,A_prime_K3_strict_left,DEC-LOCK-001/SPEC-SW-001
4,BUY,1.14145,2026.07.06 15:35:00,2026.07.06 15:40:00,2026.07.06 15:45:00,1.14127,1.14139,BLOCKED(DEC-044),1.14139,2026.07.06 15:55:00,1.14153,14.0,1.14126,1.14207,3.59,96.93,2.00,2026.07.06 15:57:40,1.14126,STOP,-96.93,-1.000,A_prime_K3_strict_left,DEC-LOCK-001/SPEC-SW-001
5,BUY,1.14320,2026.07.07 08:15:00,2026.07.07 08:20:00,2026.07.07 08:25:00,1.14292,1.14308,BLOCKED(DEC-044),1.14308,2026.07.07 08:35:00,1.14327,19.0,1.14291,1.14399,2.66,95.76,2.00,2026.07.07 08:44:01,1.14291,STOP,-95.76,-1.000,A_prime_K3_strict_left,DEC-LOCK-001/SPEC-SW-001
6,BUY,1.14303,2026.07.07 11:45:00,2026.07.07 11:50:00,2026.07.07 11:55:00,1.14274,1.14280,BLOCKED(DEC-044),1.14271,2026.07.07 11:10:00,1.14289,18.0,1.14247,1.14373,2.26,94.92,2.00,2026.07.07 12:50:08,1.14247,STOP,-94.92,-1.000,A_prime_K3_strict_left,DEC-LOCK-001/SPEC-SW-001
7,BUY,1.14339,2026.07.07 15:55:00,2026.07.07 16:00:00,2026.07.07 16:05:00,1.14316,1.14321,BLOCKED(DEC-044),1.14326,2026.07.07 15:05:00,1.14345,19.0,1.14252,1.14531,1.01,93.93,2.00,2026.07.07 17:09:00,1.14252,STOP,-93.93,-1.000,A_prime_K3_strict_left,DEC-LOCK-001/SPEC-SW-001
8,BUY,1.14280,2026.07.07 18:10:00,2026.07.07 18:15:00,2026.07.07 18:20:00,1.14253,1.14272,BLOCKED(DEC-044),1.14267,2026.07.07 17:20:00,1.14296,29.0,1.14248,1.14392,1.94,93.12,2.00,2026.07.07 18:49:56,1.14248,STOP,-93.12,-1.000,A_prime_K3_strict_left,DEC-LOCK-001/SPEC-SW-001
9,BUY,1.14238,2026.07.07 18:50:00,2026.07.07 18:55:00,2026.07.07 19:00:00,1.14221,1.14236,BLOCKED(DEC-044),1.14236,2026.07.07 19:10:00,1.14245,9.0,1.14220,1.14295,3.68,92.00,2.00,2026.07.07 19:12:23,1.14220,STOP,-92.00,-1.000,A_prime_K3_strict_left,DEC-LOCK-001/SPEC-SW-001
10,BUY,1.14138,2026.07.07 23:10:00,2026.07.07 23:15:00,2026.07.07 23:20:00,1.14122,1.14144,BLOCKED(DEC-044),1.14144,2026.07.07 23:30:00,1.14141,-3.0,1.14121,1.14181,4.56,91.20,2.00,2026.07.07 23:30:54,1.14120,STOP,-95.76,-1.050,A_prime_K3_strict_left,DEC-LOCK-001/SPEC-SW-001
11,BUY,1.14047,2026.07.08 01:30:00,2026.07.08 01:35:00,2026.07.08 01:40:00,1.14030,1.14049,BLOCKED(DEC-044),1.14049,2026.07.08 01:50:00,1.14050,1.0,1.14029,1.14092,4.30,90.30,2.00,2026.07.08 02:48:36,1.14028,STOP,-94.60,-1.048,A_prime_K3_strict_left,DEC-LOCK-001/SPEC-SW-001
12,BUY,1.14007,2026.07.08 04:35:00,2026.07.08 04:40:00,2026.07.08 04:45:00,1.13985,1.14045,BLOCKED(DEC-044),1.14045,2026.07.08 04:55:00,1.14037,-8.0,1.13984,1.14143,1.68,89.04,2.00,2026.07.08 06:01:56,1.14143,TARGET,178.08,2.000,A_prime_K3_strict_left,DEC-LOCK-001/SPEC-SW-001
13,BUY,1.14224,2026.07.08 11:10:00,2026.07.08 11:15:00,2026.07.08 11:20:00,1.14007,1.14073,BLOCKED(DEC-044),1.14073,2026.07.08 11:30:00,1.14142,69.0,1.14006,1.14414,0.67,91.12,2.00,2026.07.08 12:10:40,1.14006,STOP,-91.12,-1.000,A_prime_K3_strict_left,DEC-LOCK-001/SPEC-SW-001
14,BUY,1.14081,2026.07.08 13:55:00,2026.07.08 14:00:00,2026.07.08 14:05:00,1.14048,1.14070,BLOCKED(DEC-044),1.14052,2026.07.08 12:25:00,1.14041,-11.0,1.13959,1.14205,1.10,90.20,2.00,2026.07.08 14:38:09,1.13958,STOP,-91.30,-1.012,A_prime_K3_strict_left,DEC-LOCK-001/SPEC-SW-001
15,BUY,1.14028,2026.07.08 14:30:00,2026.07.08 14:35:00,2026.07.08 14:40:00,1.13940,1.14044,BLOCKED(DEC-044),1.14044,2026.07.08 14:50:00,1.14006,-38.0,1.13939,1.14140,1.33,89.11,2.00,2026.07.08 16:48:33,1.14140,TARGET,178.22,2.000,A_prime_K3_strict_left,DEC-LOCK-001/SPEC-SW-001
16,BUY,1.14071,2026.07.08 17:05:00,2026.07.08 17:10:00,2026.07.08 17:15:00,1.14058,1.14087,BLOCKED(DEC-044),1.14087,2026.07.08 17:25:00,1.14106,19.0,1.14057,1.14204,1.85,90.65,2.00,2026.07.08 17:31:37,1.14057,STOP,-90.65,-1.000,A_prime_K3_strict_left,DEC-LOCK-001/SPEC-SW-001
17,BUY,1.13934,2026.07.08 18:35:00,2026.07.08 18:40:00,2026.07.08 18:45:00,1.13912,1.13929,BLOCKED(DEC-044),1.13929,2026.07.08 18:55:00,1.13956,27.0,1.13911,1.14046,2.00,90.00,2.00,2026.07.08 19:31:51,1.14047,TARGET,182.00,2.022,A_prime_K3_strict_left,DEC-LOCK-001/SPEC-SW-001
18,BUY,1.14268,2026.07.08 22:40:00,2026.07.08 22:45:00,2026.07.08 22:50:00,1.14226,1.14267,BLOCKED(DEC-044),1.14215,2026.07.08 21:10:00,1.14240,25.0,1.14176,1.14368,1.43,91.52,2.00,2026.07.08 23:35:45,1.14176,STOP,-91.52,-1.000,A_prime_K3_strict_left,DEC-LOCK-001/SPEC-SW-001
19,BUY,1.14165,2026.07.09 00:30:00,2026.07.09 00:35:00,2026.07.09 00:40:00,1.14147,1.14167,BLOCKED(DEC-044),1.14167,2026.07.09 00:50:00,1.14180,13.0,1.14146,1.14248,2.67,90.78,2.00,2026.07.09 00:51:30,1.14146,STOP,-90.78,-1.000,A_prime_K3_strict_left,DEC-LOCK-001/SPEC-SW-001
20,BUY,1.14384,2026.07.09 10:00:00,2026.07.09 10:05:00,2026.07.09 10:10:00,1.14350,1.14369,BLOCKED(DEC-044),1.14369,2026.07.09 10:20:00,1.14378,9.0,1.14349,1.14436,3.11,90.19,2.00,2026.07.09 10:35:30,1.14349,STOP,-90.19,-1.000,A_prime_K3_strict_left,DEC-LOCK-001/SPEC-SW-001
21,BUY,1.14346,2026.07.09 10:40:00,2026.07.09 10:45:00,2026.07.09 10:50:00,1.14324,1.14342,BLOCKED(DEC-044),1.14342,2026.07.09 11:00:00,1.14356,14.0,1.14323,1.14422,2.70,89.10,2.00,2026.07.09 11:40:19,1.14323,STOP,-89.10,-1.000,A_prime_K3_strict_left,DEC-LOCK-001/SPEC-SW-001
22,BUY,1.14403,2026.07.10 07:45:00,2026.07.10 07:50:00,2026.07.10 07:55:00,1.14396,1.14429,BLOCKED(DEC-044),1.14429,2026.07.10 08:05:00,1.14434,5.0,1.14395,1.14512,2.26,88.14,2.00,2026.07.10 08:17:46,1.14395,STOP,-88.14,-1.000,A_prime_K3_strict_left,DEC-LOCK-001/SPEC-SW-001
23,BUY,1.14400,2026.07.10 09:40:00,2026.07.10 09:45:00,2026.07.10 09:50:00,1.14389,1.14408,BLOCKED(DEC-044),1.14408,2026.07.10 10:00:00,1.14420,12.0,1.14388,1.14484,2.73,87.36,2.00,2026.07.10 10:02:25,1.14388,STOP,-87.36,-1.000,A_prime_K3_strict_left,DEC-LOCK-001/SPEC-SW-001
24,BUY,1.14350,2026.07.10 11:15:00,2026.07.10 11:20:00,2026.07.10 11:25:00,1.14331,1.14340,BLOCKED(DEC-044),1.14340,2026.07.10 11:35:00,1.14349,9.0,1.14330,1.14387,4.56,86.64,2.00,2026.07.10 11:37:36,1.14330,STOP,-86.64,-1.000,A_prime_K3_strict_left,DEC-LOCK-001/SPEC-SW-001
25,BUY,1.14305,2026.07.10 11:50:00,2026.07.10 11:55:00,2026.07.10 12:00:00,1.14300,1.14341,BLOCKED(DEC-044),1.14341,2026.07.10 12:10:00,1.14321,-20.0,1.14299,1.14365,3.89,85.58,2.00,2026.07.10 12:36:26,1.14298,STOP,-89.47,-1.045,A_prime_K3_strict_left,DEC-LOCK-001/SPEC-SW-001
26,BUY,1.14224,2026.07.10 16:00:00,2026.07.10 16:05:00,2026.07.10 16:10:00,1.14197,1.14221,BLOCKED(DEC-044),1.14221,2026.07.10 16:20:00,1.14221,0.0,1.14196,1.14271,3.39,84.75,2.00,2026.07.10 16:27:53,1.14196,STOP,-84.75,-1.000,A_prime_K3_strict_left,DEC-LOCK-001/SPEC-SW-001
27,BUY,1.14187,2026.07.10 16:55:00,2026.07.10 17:00:00,2026.07.10 17:05:00,1.14166,1.14201,BLOCKED(DEC-044),1.14201,2026.07.10 17:15:00,1.14236,35.0,1.14165,1.14378,1.18,83.78,2.00,2026.07.10 17:33:06,1.14160,STOP,-89.68,-1.070,A_prime_K3_strict_left,DEC-LOCK-001/SPEC-SW-001
