sample,price_field,m1_open_time,ny_time,m1_open,m1_high,m1_low,m1_close,tick_count,first_high_tick_time,first_low_tick_time,high_before_low,low_before_high,same_tick,order_reconstructable,bid_available,ask_available,last_available,note
RANDOM,BID,2026.07.24 17:07:00,2026.07.24 10:07:00,1.13727,1.13735,1.13722,1.13722,277,1784912843655,1784912867460,1,0,0,1,1,1,0,
RANDOM,ASK,2026.07.24 17:07:00,2026.07.24 10:07:00,1.13727,1.13735,1.13722,1.13722,277,1784912843655,1784912867599,1,0,0,1,1,1,0,
RANDOM,BID,2026.08.07 17:20:00,2026.08.07 10:20:00,1.15630,1.15642,1.15620,1.15636,412,1786123240780,1786123210907,0,1,0,1,1,1,0,
RANDOM,ASK,2026.08.07 17:20:00,2026.08.07 10:20:00,1.15630,1.15642,1.15620,1.15636,412,1786123240780,1786123210907,0,1,0,1,1,1,0,
RANDOM,BID,2026.08.07 10:45:00,2026.08.07 03:45:00,1.15203,1.15209,1.15201,1.15207,128,1786099558336,1786099500216,0,1,0,1,1,1,0,
RANDOM,ASK,2026.08.07 10:45:00,2026.08.07 03:45:00,1.15203,1.15209,1.15201,1.15207,128,1786099558336,1786099500221,0,1,0,1,1,1,0,
RANDOM,BID,2026.07.23 16:31:00,2026.07.23 09:31:00,1.13781,1.13796,1.13774,1.13791,432,1784824308976,1784824276705,0,1,0,1,1,1,0,
RANDOM,ASK,2026.07.23 16:31:00,2026.07.23 09:31:00,1.13781,1.13796,1.13774,1.13791,432,1784824308976,1784824276705,0,1,0,1,1,1,0,
RANDOM,BID,2026.07.28 17:01:00,2026.07.28 10:01:00,1.13723,1.13725,1.13715,1.13719,246,1785258060232,1785258094806,1,0,0,1,1,1,0,
RANDOM,ASK,2026.07.28 17:01:00,2026.07.28 10:01:00,1.13723,1.13725,1.13715,1.13719,246,1785258060232,1785258094806,1,0,0,1,1,1,0,
RANDOM,BID,2026.07.21 16:46:00,2026.07.21 09:46:00,1.14063,1.14075,1.14062,1.14070,419,1784652415142,1784652361902,0,1,0,1,1,1,0,
RANDOM,ASK,2026.07.21 16:46:00,2026.07.21 09:46:00,1.14063,1.14075,1.14062,1.14070,419,1784652415061,1784652361902,0,1,0,1,1,1,0,
RANDOM,BID,2026.07.14 10:59:00,2026.07.14 03:59:00,1.13948,1.13961,1.13947,1.13959,310,1784026796369,1784026740184,0,1,0,1,1,1,0,
RANDOM,ASK,2026.07.14 10:59:00,2026.07.14 03:59:00,1.13948,1.13961,1.13947,1.13959,310,1784026768586,1784026740802,0,1,0,1,1,1,0,
RANDOM,BID,2026.07.24 10:22:00,2026.07.24 03:22:00,1.13945,1.13950,1.13932,1.13941,273,1784888567218,1784888544155,0,1,0,1,1,1,0,
RANDOM,ASK,2026.07.24 10:22:00,2026.07.24 03:22:00,1.13945,1.13950,1.13932,1.13941,273,1784888567218,1784888544155,0,1,0,1,1,1,0,
RANDOM,BID,2026.08.04 10:31:00,2026.08.04 03:31:00,1.15115,1.15117,1.15106,1.15113,278,1785839461117,1785839487805,1,0,0,1,1,1,0,
RANDOM,ASK,2026.08.04 10:31:00,2026.08.04 03:31:00,1.15115,1.15117,1.15106,1.15113,278,1785839461117,1785839487745,1,0,0,1,1,1,0,
RANDOM,BID,2026.07.17 16:53:00,2026.07.17 09:53:00,1.14348,1.14368,1.14347,1.14347,518,1784307211310,1784307180181,0,1,0,1,1,1,0,
RANDOM,ASK,2026.07.17 16:53:00,2026.07.17 09:53:00,1.14348,1.14368,1.14347,1.14347,518,1784307211310,1784307180234,0,1,0,1,1,1,0,
RANDOM,BID,2026.07.13 17:20:00,2026.07.13 10:20:00,1.14040,1.14061,1.14037,1.14055,605,1783963211342,1783963234211,1,0,0,1,1,1,0,
RANDOM,ASK,2026.07.13 17:20:00,2026.07.13 10:20:00,1.14040,1.14061,1.14037,1.14055,605,1783963211195,1783963234692,1,0,0,1,1,1,0,
RANDOM,BID,2026.08.07 10:36:00,2026.08.07 03:36:00,1.15208,1.15213,1.15204,1.15212,235,1786099003025,1786098982964,0,1,0,1,1,1,0,
RANDOM,ASK,2026.08.07 10:36:00,2026.08.07 03:36:00,1.15208,1.15213,1.15204,1.15212,235,1786099003025,1786098982964,0,1,0,1,1,1,0,
RANDOM,BID,2026.07.09 17:16:00,2026.07.09 10:16:00,1.14383,1.14390,1.14372,1.14385,378,1783617389776,1783617399885,1,0,0,1,1,1,0,
RANDOM,ASK,2026.07.09 17:16:00,2026.07.09 10:16:00,1.14383,1.14390,1.14372,1.14385,378,1783617389728,1783617399885,1,0,0,1,1,1,0,
RANDOM,BID,2026.08.05 17:46:00,2026.08.05 10:46:00,1.15495,1.15504,1.15489,1.15502,412,1785952015462,1785951970357,0,1,0,1,1,1,0,
RANDOM,ASK,2026.08.05 17:46:00,2026.08.05 10:46:00,1.15495,1.15504,1.15489,1.15502,412,1785952015462,1785951970406,0,1,0,1,1,1,0,
RANDOM,BID,2026.08.04 17:06:00,2026.08.04 10:06:00,1.15244,1.15257,1.15238,1.15256,402,1785863218644,1785863174531,0,1,0,1,1,1,0,
RANDOM,ASK,2026.08.04 17:06:00,2026.08.04 10:06:00,1.15244,1.15257,1.15238,1.15256,402,1785863218644,1785863174531,0,1,0,1,1,1,0,
RANDOM,BID,2026.07.27 10:25:00,2026.07.27 03:25:00,1.14072,1.14090,1.14067,1.14068,386,1785147925605,1785147958034,1,0,0,1,1,1,0,
RANDOM,ASK,2026.07.27 10:25:00,2026.07.27 03:25:00,1.14072,1.14090,1.14067,1.14068,386,1785147925605,1785147958907,1,0,0,1,1,1,0,
RANDOM,BID,2026.07.27 10:58:00,2026.07.27 03:58:00,1.14004,1.14005,1.13986,1.13986,173,1785149880261,1785149917976,1,0,0,1,1,1,0,
RANDOM,ASK,2026.07.27 10:58:00,2026.07.27 03:58:00,1.14004,1.14005,1.13986,1.13986,173,1785149880261,1785149917976,1,0,0,1,1,1,0,
RANDOM,BID,2026.08.04 10:32:00,2026.08.04 03:32:00,1.15112,1.15123,1.15110,1.15120,269,1785839540793,1785839520824,0,1,0,1,1,1,0,
RANDOM,ASK,2026.08.04 10:32:00,2026.08.04 03:32:00,1.15112,1.15123,1.15110,1.15120,269,1785839540793,1785839520340,0,1,0,1,1,1,0,
RANDOM,BID,2026.08.03 10:16:00,2026.08.03 03:16:00,1.15294,1.15297,1.15259,1.15260,358,1785752160095,1785752209275,1,0,0,1,1,1,0,
RANDOM,ASK,2026.08.03 10:16:00,2026.08.03 03:16:00,1.15294,1.15297,1.15259,1.15260,358,1785752160095,1785752209275,1,0,0,1,1,1,0,
RANDOM,BID,2026.07.30 10:05:00,2026.07.30 03:05:00,1.14499,1.14502,1.14482,1.14487,494,1785405945312,1785405917845,0,1,0,1,1,1,0,
RANDOM,ASK,2026.07.30 10:05:00,2026.07.30 03:05:00,1.14499,1.14502,1.14482,1.14487,494,1785405945312,1785405917845,0,1,0,1,1,1,0,
RANDOM,BID,2026.08.04 17:23:00,2026.08.04 10:23:00,1.15269,1.15286,1.15267,1.15284,445,1785864238892,1785864212271,0,1,0,1,1,1,0,
RANDOM,ASK,2026.08.04 17:23:00,2026.08.04 10:23:00,1.15269,1.15286,1.15267,1.15284,445,1785864238892,1785864212271,0,1,0,1,1,1,0,
RANDOM,BID,2026.07.31 17:28:00,2026.07.31 10:28:00,1.14784,1.14803,1.14780,1.14801,430,1785518918098,1785518883177,0,1,0,1,1,1,0,
RANDOM,ASK,2026.07.31 17:28:00,2026.07.31 10:28:00,1.14784,1.14803,1.14780,1.14801,430,1785518918098,1785518883177,0,1,0,1,1,1,0,
RANDOM,BID,2026.08.07 16:45:00,2026.08.07 09:45:00,1.15720,1.15724,1.15709,1.15712,504,1786121108286,1786121121164,1,0,0,1,1,1,0,
RANDOM,ASK,2026.08.07 16:45:00,2026.08.07 09:45:00,1.15720,1.15724,1.15709,1.15712,504,1786121108286,1786121121164,1,0,0,1,1,1,0,
RANDOM,BID,2026.07.27 10:10:00,2026.07.27 03:10:00,1.14060,1.14066,1.14050,1.14053,264,1785147010612,1785147054214,1,0,0,1,1,1,0,
RANDOM,ASK,2026.07.27 10:10:00,2026.07.27 03:10:00,1.14060,1.14066,1.14050,1.14053,264,1785147010612,1785147054214,1,0,0,1,1,1,0,
RANDOM,BID,2026.07.10 10:35:00,2026.07.10 03:35:00,1.14384,1.14391,1.14379,1.14385,410,1783679728202,1783679707615,0,1,0,1,1,1,0,
RANDOM,ASK,2026.07.10 10:35:00,2026.07.10 03:35:00,1.14384,1.14391,1.14379,1.14385,410,1783679728202,1783679707615,0,1,0,1,1,1,0,
RANDOM,BID,2026.08.04 17:20:00,2026.08.04 10:20:00,1.15275,1.15279,1.15263,1.15271,316,1785864000537,1785864009891,1,0,0,1,1,1,0,
RANDOM,ASK,2026.08.04 17:20:00,2026.08.04 10:20:00,1.15275,1.15279,1.15263,1.15271,316,1785864000518,1785864009891,1,0,0,1,1,1,0,
RANDOM,BID,2026.08.03 10:37:00,2026.08.03 03:37:00,1.15279,1.15290,1.15267,1.15273,313,1785753430602,1785753468163,1,0,0,1,1,1,0,
RANDOM,ASK,2026.08.03 10:37:00,2026.08.03 03:37:00,1.15279,1.15290,1.15267,1.15273,313,1785753430008,1785753468163,1,0,0,1,1,1,0,
RANDOM,BID,2026.07.23 10:19:00,2026.07.23 03:19:00,1.14263,1.14277,1.14263,1.14271,185,1784801957526,1784801940592,0,1,0,1,1,1,0,
RANDOM,ASK,2026.07.23 10:19:00,2026.07.23 03:19:00,1.14263,1.14277,1.14263,1.14271,185,1784801957526,1784801940592,0,1,0,1,1,1,0,
RANDOM,BID,2026.07.21 17:38:00,2026.07.21 10:38:00,1.14065,1.14066,1.14055,1.14064,258,1784655482029,1784655526686,1,0,0,1,1,1,0,
RANDOM,ASK,2026.07.21 17:38:00,2026.07.21 10:38:00,1.14065,1.14066,1.14055,1.14064,258,1784655482029,1784655526792,1,0,0,1,1,1,0,
RANDOM,BID,2026.07.22 10:39:00,2026.07.22 03:39:00,1.14129,1.14132,1.14110,1.14110,268,1784716742258,1784716785255,1,0,0,1,1,1,0,
RANDOM,ASK,2026.07.22 10:39:00,2026.07.22 03:39:00,1.14129,1.14132,1.14110,1.14110,268,1784716742258,1784716785261,1,0,0,1,1,1,0,
RANDOM,BID,2026.07.31 17:08:00,2026.07.31 10:08:00,1.14651,1.14659,1.14631,1.14644,579,1785517685602,1785517719149,1,0,0,1,1,1,0,
RANDOM,ASK,2026.07.31 17:08:00,2026.07.31 10:08:00,1.14651,1.14659,1.14631,1.14644,579,1785517685602,1785517719149,1,0,0,1,1,1,0,
RANDOM,BID,2026.08.06 17:42:00,2026.08.06 10:42:00,1.15348,1.15354,1.15340,1.15353,356,1786038175152,1786038146159,0,1,0,1,1,1,0,
RANDOM,ASK,2026.08.06 17:42:00,2026.08.06 10:42:00,1.15348,1.15354,1.15340,1.15353,356,1786038172063,1786038146159,0,1,0,1,1,1,0,
RANDOM,BID,2026.08.03 10:36:00,2026.08.03 03:36:00,1.15312,1.15315,1.15278,1.15279,294,1785753361514,1785753413402,1,0,0,1,1,1,0,
RANDOM,ASK,2026.08.03 10:36:00,2026.08.03 03:36:00,1.15312,1.15315,1.15278,1.15279,294,1785753361514,1785753418998,1,0,0,1,1,1,0,
RANDOM,BID,2026.07.13 17:30:00,2026.07.13 10:30:00,1.14079,1.14092,1.14057,1.14079,596,1783963846196,1783963815537,0,1,0,1,1,1,0,
RANDOM,ASK,2026.07.13 17:30:00,2026.07.13 10:30:00,1.14079,1.14092,1.14057,1.14079,596,1783963846196,1783963815601,0,1,0,1,1,1,0,
RANDOM,BID,2026.08.06 16:55:00,2026.08.06 09:55:00,1.15422,1.15428,1.15420,1.15425,352,1786035343121,1786035311382,0,1,0,1,1,1,0,
RANDOM,ASK,2026.08.06 16:55:00,2026.08.06 09:55:00,1.15422,1.15428,1.15420,1.15425,352,1786035344873,1786035311382,0,1,0,1,1,1,0,
RANDOM,BID,2026.07.28 17:48:00,2026.07.28 10:48:00,1.13779,1.13783,1.13762,1.13772,335,1785260882416,1785260936914,1,0,0,1,1,1,0,
RANDOM,ASK,2026.07.28 17:48:00,2026.07.28 10:48:00,1.13779,1.13783,1.13762,1.13772,335,1785260882416,1785260936914,1,0,0,1,1,1,0,
RANDOM,BID,2026.07.22 17:11:00,2026.07.22 10:11:00,1.14116,1.14132,1.14113,1.14131,214,1784740319471,1784740279789,0,1,0,1,1,1,0,
RANDOM,ASK,2026.07.22 17:11:00,2026.07.22 10:11:00,1.14116,1.14132,1.14113,1.14131,214,1784740319471,1784740279789,0,1,0,1,1,1,0,
RANDOM,BID,2026.08.07 10:35:00,2026.08.07 03:35:00,1.15212,1.15212,1.15202,1.15208,251,1786098900080,1786098905298,1,0,0,1,1,1,0,
RANDOM,ASK,2026.08.07 10:35:00,2026.08.07 03:35:00,1.15212,1.15212,1.15202,1.15208,251,1786098900080,1786098905351,1,0,0,1,1,1,0,
RANDOM,BID,2026.07.29 17:41:00,2026.07.29 10:41:00,1.13969,1.13970,1.13954,1.13958,202,1785346869372,1785346906284,1,0,0,1,1,1,0,
RANDOM,ASK,2026.07.29 17:41:00,2026.07.29 10:41:00,1.13969,1.13970,1.13954,1.13958,202,1785346865862,1785346906378,1,0,0,1,1,1,0,
RANDOM,BID,2026.07.24 16:39:00,2026.07.24 09:39:00,1.13720,1.13727,1.13713,1.13727,452,1784911181817,1784911153227,0,1,0,1,1,1,0,
RANDOM,ASK,2026.07.24 16:39:00,2026.07.24 09:39:00,1.13720,1.13727,1.13713,1.13727,452,1784911181748,1784911153227,0,1,0,1,1,1,0,
RANDOM,BID,2026.08.06 16:40:00,2026.08.06 09:40:00,1.15415,1.15438,1.15412,1.15434,372,1786034448582,1786034412517,0,1,0,1,1,1,0,
RANDOM,ASK,2026.08.06 16:40:00,2026.08.06 09:40:00,1.15415,1.15438,1.15412,1.15434,372,1786034448582,1786034412517,0,1,0,1,1,1,0,
RANDOM,BID,2026.07.27 10:06:00,2026.07.27 03:06:00,1.14068,1.14072,1.14060,1.14068,186,1785146779654,1785146765345,0,1,0,1,1,1,0,
RANDOM,ASK,2026.07.27 10:06:00,2026.07.27 03:06:00,1.14068,1.14072,1.14060,1.14068,186,1785146779654,1785146768947,0,1,0,1,1,1,0,
RANDOM,BID,2026.07.31 16:37:00,2026.07.31 09:37:00,1.14741,1.14768,1.14692,1.14729,1034,1785515829342,1785515870657,1,0,0,1,1,1,0,
RANDOM,ASK,2026.07.31 16:37:00,2026.07.31 09:37:00,1.14741,1.14768,1.14692,1.14729,1034,1785515829342,1785515870657,1,0,0,1,1,1,0,
RANDOM,BID,2026.07.09 10:53:00,2026.07.09 03:53:00,1.14342,1.14350,1.14336,1.14348,191,1783594394862,1783594385365,0,1,0,1,1,1,0,
RANDOM,ASK,2026.07.09 10:53:00,2026.07.09 03:53:00,1.14342,1.14350,1.14336,1.14348,191,1783594424639,1783594380854,0,1,0,1,1,1,0,
RANDOM,BID,2026.07.15 17:30:00,2026.07.15 10:30:00,1.14325,1.14343,1.14323,1.14335,485,1784136630488,1784136600267,0,1,0,1,1,1,0,
RANDOM,ASK,2026.07.15 17:30:00,2026.07.15 10:30:00,1.14325,1.14343,1.14323,1.14335,485,1784136630488,1784136600284,0,1,0,1,1,1,0,
RANDOM,BID,2026.07.22 17:14:00,2026.07.22 10:14:00,1.14175,1.14177,1.14161,1.14164,220,1784740441666,1784740493629,1,0,0,1,1,1,0,
RANDOM,ASK,2026.07.22 17:14:00,2026.07.22 10:14:00,1.14175,1.14177,1.14161,1.14164,220,1784740441666,1784740493593,1,0,0,1,1,1,0,
RANDOM,BID,2026.07.09 16:50:00,2026.07.09 09:50:00,1.14371,1.14376,1.14357,1.14367,452,1783615813939,1783615843687,1,0,0,1,1,1,0,
RANDOM,ASK,2026.07.09 16:50:00,2026.07.09 09:50:00,1.14371,1.14376,1.14357,1.14367,452,1783615813939,1783615843687,1,0,0,1,1,1,0,
RANDOM,BID,2026.07.20 10:24:00,2026.07.20 03:24:00,1.14402,1.14412,1.14396,1.14409,369,1784543097185,1784543064373,0,1,0,1,1,1,0,
RANDOM,ASK,2026.07.20 10:24:00,2026.07.20 03:24:00,1.14402,1.14412,1.14396,1.14409,369,1784543097185,1784543062788,0,1,0,1,1,1,0,
RANDOM,BID,2026.08.07 16:47:00,2026.08.07 09:47:00,1.15702,1.15703,1.15680,1.15688,516,1786121228928,1786121235293,1,0,0,1,1,1,0,
RANDOM,ASK,2026.08.07 16:47:00,2026.08.07 09:47:00,1.15702,1.15703,1.15680,1.15688,516,1786121228928,1786121235293,1,0,0,1,1,1,0,
RANDOM,BID,2026.07.09 17:32:00,2026.07.09 10:32:00,1.14359,1.14383,1.14358,1.14375,419,1783618365339,1783618320983,0,1,0,1,1,1,0,
RANDOM,ASK,2026.07.09 17:32:00,2026.07.09 10:32:00,1.14359,1.14383,1.14358,1.14375,419,1783618365339,1783618321745,0,1,0,1,1,1,0,
RANDOM,BID,2026.07.13 10:44:00,2026.07.13 03:44:00,1.14179,1.14179,1.14163,1.14167,301,1783939440040,1783939496605,1,0,0,1,1,1,0,
RANDOM,ASK,2026.07.13 10:44:00,2026.07.13 03:44:00,1.14179,1.14179,1.14163,1.14167,301,1783939440040,1783939496605,1,0,0,1,1,1,0,
RANDOM,BID,2026.07.20 10:12:00,2026.07.20 03:12:00,1.14351,1.14357,1.14347,1.14350,172,1784542344403,1784542326554,0,1,0,1,1,1,0,
RANDOM,ASK,2026.07.20 10:12:00,2026.07.20 03:12:00,1.14351,1.14357,1.14347,1.14350,172,1784542344403,1784542326554,0,1,0,1,1,1,0,
RANDOM,BID,2026.07.23 17:29:00,2026.07.23 10:29:00,1.13694,1.13706,1.13686,1.13703,497,1784827797725,1784827753318,0,1,0,1,1,1,0,
RANDOM,ASK,2026.07.23 17:29:00,2026.07.23 10:29:00,1.13694,1.13706,1.13686,1.13703,497,1784827797725,1784827755161,0,1,0,1,1,1,0,
RANDOM,BID,2026.07.24 17:14:00,2026.07.24 10:14:00,1.13737,1.13751,1.13716,1.13720,399,1784913248587,1784913289055,1,0,0,1,1,1,0,
RANDOM,ASK,2026.07.24 17:14:00,2026.07.24 10:14:00,1.13737,1.13751,1.13716,1.13720,399,1784913248577,1784913289055,1,0,0,1,1,1,0,
RANDOM,BID,2026.07.21 10:12:00,2026.07.21 03:12:00,1.14236,1.14236,1.14219,1.14221,220,1784628720050,1784628771025,1,0,0,1,1,1,0,
RANDOM,ASK,2026.07.21 10:12:00,2026.07.21 03:12:00,1.14236,1.14236,1.14219,1.14221,220,1784628720050,1784628771025,1,0,0,1,1,1,0,
RANDOM,BID,2026.07.13 10:42:00,2026.07.13 03:42:00,1.14180,1.14190,1.14176,1.14181,282,1783939354197,1783939344723,0,1,0,1,1,1,0,
RANDOM,ASK,2026.07.13 10:42:00,2026.07.13 03:42:00,1.14180,1.14190,1.14176,1.14181,282,1783939354197,1783939345003,0,1,0,1,1,1,0,
RANDOM,BID,2026.07.23 10:36:00,2026.07.23 03:36:00,1.14267,1.14267,1.14260,1.14262,137,1784802960498,1784802980123,1,0,0,1,1,1,0,
RANDOM,ASK,2026.07.23 10:36:00,2026.07.23 03:36:00,1.14267,1.14267,1.14260,1.14262,137,1784802960498,1784803010364,1,0,0,1,1,1,0,
RANDOM,BID,2026.07.29 10:50:00,2026.07.29 03:50:00,1.14001,1.14012,1.13999,1.14006,91,1785322230262,1785322200547,0,1,0,1,1,1,0,
RANDOM,ASK,2026.07.29 10:50:00,2026.07.29 03:50:00,1.14001,1.14012,1.13999,1.14006,91,1785322230262,1785322200547,0,1,0,1,1,1,0,
RANDOM,BID,2026.08.07 17:21:00,2026.08.07 10:21:00,1.15636,1.15644,1.15634,1.15637,316,1786123281818,1786123298503,1,0,0,1,1,1,0,
RANDOM,ASK,2026.08.07 17:21:00,2026.08.07 10:21:00,1.15636,1.15644,1.15634,1.15637,316,1786123281818,1786123298503,1,0,0,1,1,1,0,
RANDOM,BID,2026.08.07 10:47:00,2026.08.07 03:47:00,1.15205,1.15214,1.15203,1.15211,223,1786099637283,1786099621017,0,1,0,1,1,1,0,
RANDOM,ASK,2026.08.07 10:47:00,2026.08.07 03:47:00,1.15205,1.15214,1.15203,1.15211,223,1786099637283,1786099621017,0,1,0,1,1,1,0,
RANDOM,BID,2026.07.28 10:07:00,2026.07.28 03:07:00,1.13675,1.13693,1.13674,1.13691,186,1785233265523,1785233220224,0,1,0,1,1,1,0,
RANDOM,ASK,2026.07.28 10:07:00,2026.07.28 03:07:00,1.13675,1.13693,1.13674,1.13691,186,1785233265523,1785233220017,0,1,0,1,1,1,0,
RANDOM,BID,2026.08.07 17:12:00,2026.08.07 10:12:00,1.15567,1.15578,1.15550,1.15571,540,1786122774394,1786122738190,0,1,0,1,1,1,0,
RANDOM,ASK,2026.08.07 17:12:00,2026.08.07 10:12:00,1.15567,1.15578,1.15550,1.15571,540,1786122774394,1786122739074,0,1,0,1,1,1,0,
RANDOM,BID,2026.07.24 17:29:00,2026.07.24 10:29:00,1.13765,1.13767,1.13753,1.13754,398,1784914141341,1784914195149,1,0,0,1,1,1,0,
RANDOM,ASK,2026.07.24 17:29:00,2026.07.24 10:29:00,1.13765,1.13767,1.13753,1.13754,398,1784914141341,1784914195149,1,0,0,1,1,1,0,
RANDOM,BID,2026.08.06 17:04:00,2026.08.06 10:04:00,1.15411,1.15417,1.15403,1.15405,318,1786035841373,1786035889569,1,0,0,1,1,1,0,
RANDOM,ASK,2026.08.06 17:04:00,2026.08.06 10:04:00,1.15411,1.15417,1.15403,1.15405,318,1786035841404,1786035889569,1,0,0,1,1,1,0,
RANDOM,BID,2026.07.09 17:35:00,2026.07.09 10:35:00,1.14416,1.14422,1.14397,1.14421,504,1783618521126,1783618536345,1,0,0,1,1,1,0,
RANDOM,ASK,2026.07.09 17:35:00,2026.07.09 10:35:00,1.14416,1.14422,1.14397,1.14421,504,1783618521126,1783618541001,1,0,0,1,1,1,0,
RANDOM,BID,2026.07.15 10:41:00,2026.07.15 03:41:00,1.14230,1.14232,1.14216,1.14221,316,1784112061456,1784112083025,1,0,0,1,1,1,0,
RANDOM,ASK,2026.07.15 10:41:00,2026.07.15 03:41:00,1.14230,1.14232,1.14216,1.14221,316,1784112061010,1784112083025,1,0,0,1,1,1,0,
RANDOM,BID,2026.07.16 10:37:00,2026.07.16 03:37:00,1.14691,1.14713,1.14686,1.14710,250,1784198277838,1784198242505,0,1,0,1,1,1,0,
RANDOM,ASK,2026.07.16 10:37:00,2026.07.16 03:37:00,1.14691,1.14713,1.14686,1.14710,250,1784198277781,1784198242505,0,1,0,1,1,1,0,
RANDOM,BID,2026.08.06 16:31:00,2026.08.06 09:31:00,1.15396,1.15400,1.15377,1.15381,295,1786033863308,1786033907339,1,0,0,1,1,1,0,
RANDOM,ASK,2026.08.06 16:31:00,2026.08.06 09:31:00,1.15396,1.15400,1.15377,1.15381,295,1786033863308,1786033907339,1,0,0,1,1,1,0,
RANDOM,BID,2026.07.22 17:47:00,2026.07.22 10:47:00,1.14110,1.14119,1.14106,1.14115,224,1784742442248,1784742458877,1,0,0,1,1,1,0,
RANDOM,ASK,2026.07.22 17:47:00,2026.07.22 10:47:00,1.14110,1.14119,1.14106,1.14115,224,1784742442248,1784742458877,1,0,0,1,1,1,0,
RANDOM,BID,2026.07.20 10:14:00,2026.07.20 03:14:00,1.14341,1.14352,1.14341,1.14349,190,1784542474530,1784542440483,0,1,0,1,1,1,0,
RANDOM,ASK,2026.07.20 10:14:00,2026.07.20 03:14:00,1.14341,1.14352,1.14341,1.14349,190,1784542474530,1784542440483,0,1,0,1,1,1,0,
RANDOM,BID,2026.07.22 10:45:00,2026.07.22 03:45:00,1.14066,1.14070,1.14048,1.14053,237,1784717101828,1784717144730,1,0,0,1,1,1,0,
RANDOM,ASK,2026.07.22 10:45:00,2026.07.22 03:45:00,1.14066,1.14070,1.14048,1.14053,237,1784717101828,1784717144832,1,0,0,1,1,1,0,
RANDOM,BID,2026.07.10 17:37:00,2026.07.10 10:37:00,1.14211,1.14218,1.14199,1.14214,567,1783705077009,1783705055679,0,1,0,1,1,1,0,
RANDOM,ASK,2026.07.10 17:37:00,2026.07.10 10:37:00,1.14211,1.14218,1.14199,1.14214,567,1783705079917,1783705055679,0,1,0,1,1,1,0,
RANDOM,BID,2026.07.14 16:55:00,2026.07.14 09:55:00,1.14528,1.14534,1.14506,1.14513,561,1784048114984,1784048151933,1,0,0,1,1,1,0,
RANDOM,ASK,2026.07.14 16:55:00,2026.07.14 09:55:00,1.14528,1.14534,1.14506,1.14513,561,1784048115182,1784048151933,1,0,0,1,1,1,0,
RANDOM,BID,2026.07.22 10:10:00,2026.07.22 03:10:00,1.14121,1.14125,1.14116,1.14123,159,1784715023287,1784715000642,0,1,0,1,1,1,0,
RANDOM,ASK,2026.07.22 10:10:00,2026.07.22 03:10:00,1.14121,1.14125,1.14116,1.14123,159,1784715023162,1784715000642,0,1,0,1,1,1,0,
RANDOM,BID,2026.07.13 17:09:00,2026.07.13 10:09:00,1.14140,1.14153,1.14137,1.14150,477,1783962599191,1783962545670,0,1,0,1,1,1,0,
RANDOM,ASK,2026.07.13 17:09:00,2026.07.13 10:09:00,1.14140,1.14153,1.14137,1.14150,477,1783962599191,1783962545366,0,1,0,1,1,1,0,
RANDOM,BID,2026.08.07 16:40:00,2026.08.07 09:40:00,1.15702,1.15722,1.15700,1.15710,520,1786120831356,1786120800224,0,1,0,1,1,1,0,
RANDOM,ASK,2026.08.07 16:40:00,2026.08.07 09:40:00,1.15702,1.15722,1.15700,1.15710,520,1786120831356,1786120800472,0,1,0,1,1,1,0,
RANDOM,BID,2026.07.20 17:21:00,2026.07.20 10:21:00,1.14150,1.14154,1.14136,1.14140,307,1784568062197,1784568098246,1,0,0,1,1,1,0,
RANDOM,ASK,2026.07.20 17:21:00,2026.07.20 10:21:00,1.14150,1.14154,1.14136,1.14140,307,1784568062197,1784568098394,1,0,0,1,1,1,0,
RANDOM,BID,2026.07.23 10:53:00,2026.07.23 03:53:00,1.14242,1.14242,1.14229,1.14231,206,1784803980032,1784804034910,1,0,0,1,1,1,0,
RANDOM,ASK,2026.07.23 10:53:00,2026.07.23 03:53:00,1.14242,1.14242,1.14229,1.14231,206,1784803980032,1784804034910,1,0,0,1,1,1,0,
RANDOM,BID,2026.07.24 16:34:00,2026.07.24 09:34:00,1.13692,1.13695,1.13686,1.13687,293,1784910842499,1784910848750,1,0,0,1,1,1,0,
RANDOM,ASK,2026.07.24 16:34:00,2026.07.24 09:34:00,1.13692,1.13695,1.13686,1.13687,293,1784910842499,1784910848776,1,0,0,1,1,1,0,
RANDOM,BID,2026.07.15 17:20:00,2026.07.15 10:20:00,1.14352,1.14357,1.14343,1.14351,523,1784136007486,1784136028676,1,0,0,1,1,1,0,
RANDOM,ASK,2026.07.15 17:20:00,2026.07.15 10:20:00,1.14352,1.14357,1.14343,1.14351,523,1784136007486,1784136028676,1,0,0,1,1,1,0,
RANDOM,BID,2026.07.21 10:38:00,2026.07.21 03:38:00,1.14241,1.14249,1.14235,1.14246,151,1784630321129,1784630289436,0,1,0,1,1,1,0,
RANDOM,ASK,2026.07.21 10:38:00,2026.07.21 03:38:00,1.14241,1.14249,1.14235,1.14246,151,1784630321183,1784630289436,0,1,0,1,1,1,0,
RANDOM,BID,2026.08.04 17:09:00,2026.08.04 10:09:00,1.15285,1.15287,1.15273,1.15281,336,1785863349135,1785863392818,1,0,0,1,1,1,0,
RANDOM,ASK,2026.08.04 17:09:00,2026.08.04 10:09:00,1.15285,1.15287,1.15273,1.15281,336,1785863349135,1785863392818,1,0,0,1,1,1,0,
RANDOM,BID,2026.08.04 16:33:00,2026.08.04 09:33:00,1.15172,1.15175,1.15148,1.15169,498,1785861224505,1785861201328,0,1,0,1,1,1,0,
RANDOM,ASK,2026.08.04 16:33:00,2026.08.04 09:33:00,1.15172,1.15175,1.15148,1.15169,498,1785861224505,1785861201212,0,1,0,1,1,1,0,
RANDOM,BID,2026.07.23 17:08:00,2026.07.23 10:08:00,1.13726,1.13727,1.13689,1.13689,393,1784826481057,1784826535407,1,0,0,1,1,1,0,
RANDOM,ASK,2026.07.23 17:08:00,2026.07.23 10:08:00,1.13726,1.13727,1.13689,1.13689,393,1784826481057,1784826535407,1,0,0,1,1,1,0,
RANDOM,BID,2026.07.28 10:16:00,2026.07.28 03:16:00,1.13733,1.13736,1.13732,1.13733,217,1785233766733,1785233771266,1,0,0,1,1,1,0,
RANDOM,ASK,2026.07.28 10:16:00,2026.07.28 03:16:00,1.13733,1.13736,1.13732,1.13733,217,1785233766733,1785233771266,1,0,0,1,1,1,0,
RANDOM,BID,2026.07.16 10:02:00,2026.07.16 03:02:00,1.14690,1.14690,1.14681,1.14686,248,1784196120098,1784196153860,1,0,0,1,1,1,0,
RANDOM,ASK,2026.07.16 10:02:00,2026.07.16 03:02:00,1.14690,1.14690,1.14681,1.14686,248,1784196120098,1784196153875,1,0,0,1,1,1,0,
RANDOM,BID,2026.08.04 10:21:00,2026.08.04 03:21:00,1.15135,1.15136,1.15128,1.15135,227,1785838860252,1785838866553,1,0,0,1,1,1,0,
RANDOM,ASK,2026.08.04 10:21:00,2026.08.04 03:21:00,1.15135,1.15136,1.15128,1.15135,227,1785838860190,1785838866553,1,0,0,1,1,1,0,
RANDOM,BID,2026.07.15 10:25:00,2026.07.15 03:25:00,1.14240,1.14241,1.14224,1.14226,272,1784111101145,1784111151166,1,0,0,1,1,1,0,
RANDOM,ASK,2026.07.15 10:25:00,2026.07.15 03:25:00,1.14240,1.14241,1.14224,1.14226,272,1784111101145,1784111151249,1,0,0,1,1,1,0,
RANDOM,BID,2026.07.24 17:49:00,2026.07.24 10:49:00,1.13777,1.13789,1.13770,1.13785,311,1784915393342,1784915341323,0,1,0,1,1,1,0,
RANDOM,ASK,2026.07.24 17:49:00,2026.07.24 10:49:00,1.13777,1.13789,1.13770,1.13785,311,1784915393342,1784915341323,0,1,0,1,1,1,0,
RANDOM,BID,2026.07.22 10:11:00,2026.07.22 03:11:00,1.14123,1.14123,1.14110,1.14111,176,1784715060534,1784715100225,1,0,0,1,1,1,0,
RANDOM,ASK,2026.07.22 10:11:00,2026.07.22 03:11:00,1.14123,1.14123,1.14110,1.14111,176,1784715060534,1784715100421,1,0,0,1,1,1,0,
RANDOM,BID,2026.08.06 10:51:00,2026.08.06 03:51:00,1.15422,1.15433,1.15420,1.15426,302,1786013476175,1786013461517,0,1,0,1,1,1,0,
RANDOM,ASK,2026.08.06 10:51:00,2026.08.06 03:51:00,1.15422,1.15433,1.15420,1.15426,302,1786013476175,1786013460359,0,1,0,1,1,1,0,
RANDOM,BID,2026.08.03 10:36:00,2026.08.03 03:36:00,1.15312,1.15315,1.15278,1.15279,294,1785753361514,1785753413402,1,0,0,1,1,1,0,
RANDOM,ASK,2026.08.03 10:36:00,2026.08.03 03:36:00,1.15312,1.15315,1.15278,1.15279,294,1785753361514,1785753418998,1,0,0,1,1,1,0,
RANDOM,BID,2026.07.15 10:23:00,2026.07.15 03:23:00,1.14240,1.14246,1.14229,1.14236,374,1784110988716,1784111017611,1,0,0,1,1,1,0,
RANDOM,ASK,2026.07.15 10:23:00,2026.07.15 03:23:00,1.14240,1.14246,1.14229,1.14236,374,1784110988716,1784111003518,1,0,0,1,1,1,0,
RANDOM,BID,2026.07.16 17:49:00,2026.07.16 10:49:00,1.14422,1.14432,1.14418,1.14427,457,1784224172589,1784224152060,0,1,0,1,1,1,0,
RANDOM,ASK,2026.07.16 17:49:00,2026.07.16 10:49:00,1.14422,1.14432,1.14418,1.14427,457,1784224172589,1784224152060,0,1,0,1,1,1,0,
RANDOM,BID,2026.07.10 10:32:00,2026.07.10 03:32:00,1.14396,1.14403,1.14388,1.14396,239,1783679531595,1783679528581,0,1,0,1,1,1,0,
RANDOM,ASK,2026.07.10 10:32:00,2026.07.10 03:32:00,1.14396,1.14403,1.14388,1.14396,239,1783679531595,1783679567421,1,0,0,1,1,1,0,
RANDOM,BID,2026.07.13 16:52:00,2026.07.13 09:52:00,1.14174,1.14191,1.14173,1.14186,472,1783961571455,1783961520305,0,1,0,1,1,1,0,
RANDOM,ASK,2026.07.13 16:52:00,2026.07.13 09:52:00,1.14174,1.14191,1.14173,1.14186,472,1783961571455,1783961520710,0,1,0,1,1,1,0,
RANDOM,BID,2026.07.10 16:58:00,2026.07.10 09:58:00,1.14210,1.14216,1.14197,1.14200,419,1783702694032,1783702729299,1,0,0,1,1,1,0,
RANDOM,ASK,2026.07.10 16:58:00,2026.07.10 09:58:00,1.14210,1.14216,1.14197,1.14200,419,1783702694032,1783702729410,1,0,0,1,1,1,0,
RANDOM,BID,2026.07.28 10:48:00,2026.07.28 03:48:00,1.13675,1.13675,1.13661,1.13665,166,1785235682400,1785235721198,1,0,0,1,1,1,0,
RANDOM,ASK,2026.07.28 10:48:00,2026.07.28 03:48:00,1.13675,1.13675,1.13661,1.13665,166,1785235682400,1785235721198,1,0,0,1,1,1,0,
RANDOM,BID,2026.08.03 17:00:00,2026.08.03 10:00:00,1.15271,1.15271,1.15221,1.15221,525,1785776400037,1785776400213,1,0,0,1,1,1,0,
RANDOM,ASK,2026.08.03 17:00:00,2026.08.03 10:00:00,1.15271,1.15271,1.15221,1.15221,525,1785776400037,1785776400404,1,0,0,1,1,1,0,
RANDOM,BID,2026.08.05 10:47:00,2026.08.05 03:47:00,1.15353,1.15366,1.15351,1.15365,242,1785926876410,1785926836930,0,1,0,1,1,1,0,
RANDOM,ASK,2026.08.05 10:47:00,2026.08.05 03:47:00,1.15353,1.15366,1.15351,1.15365,242,1785926876410,1785926836930,0,1,0,1,1,1,0,
RANDOM,BID,2026.07.16 17:39:00,2026.07.16 10:39:00,1.14451,1.14454,1.14434,1.14442,463,1784223544984,1784223583675,1,0,0,1,1,1,0,
RANDOM,ASK,2026.07.16 17:39:00,2026.07.16 10:39:00,1.14451,1.14454,1.14434,1.14442,463,1784223544984,1784223582584,1,0,0,1,1,1,0,
RANDOM,BID,2026.08.04 10:53:00,2026.08.04 03:53:00,1.15116,1.15126,1.15116,1.15123,204,1785840838740,1785840780660,0,1,0,1,1,1,0,
RANDOM,ASK,2026.08.04 10:53:00,2026.08.04 03:53:00,1.15116,1.15126,1.15116,1.15123,204,1785840838740,1785840781202,0,1,0,1,1,1,0,
RANDOM,BID,2026.07.15 10:49:00,2026.07.15 03:49:00,1.14241,1.14241,1.14235,1.14235,164,1784112540052,1784112540841,1,0,0,1,1,1,0,
RANDOM,ASK,2026.07.15 10:49:00,2026.07.15 03:49:00,1.14241,1.14241,1.14235,1.14235,164,1784112540052,1784112540841,1,0,0,1,1,1,0,
RANDOM,BID,2026.08.07 17:28:00,2026.08.07 10:28:00,1.15598,1.15600,1.15589,1.15596,454,1786123686505,1786123721048,1,0,0,1,1,1,0,
RANDOM,ASK,2026.08.07 17:28:00,2026.08.07 10:28:00,1.15598,1.15600,1.15589,1.15596,454,1786123686249,1786123721107,1,0,0,1,1,1,0,
RANDOM,BID,2026.07.09 10:08:00,2026.07.09 03:08:00,1.14367,1.14374,1.14352,1.14366,212,1783591681357,1783591699086,1,0,0,1,1,1,0,
RANDOM,ASK,2026.07.09 10:08:00,2026.07.09 03:08:00,1.14367,1.14374,1.14352,1.14366,212,1783591681357,1783591701774,1,0,0,1,1,1,0,
RANDOM,BID,2026.08.06 17:48:00,2026.08.06 10:48:00,1.15343,1.15346,1.15325,1.15327,270,1786038515256,1786038534036,1,0,0,1,1,1,0,
RANDOM,ASK,2026.08.06 17:48:00,2026.08.06 10:48:00,1.15343,1.15346,1.15325,1.15327,270,1786038515256,1786038534036,1,0,0,1,1,1,0,
RANDOM,BID,2026.07.27 10:53:00,2026.07.27 03:53:00,1.14006,1.14018,1.14003,1.14017,288,1785149635848,1785149599183,0,1,0,1,1,1,0,
RANDOM,ASK,2026.07.27 10:53:00,2026.07.27 03:53:00,1.14006,1.14018,1.14003,1.14017,288,1785149635848,1785149599183,0,1,0,1,1,1,0,
RANDOM,BID,2026.07.21 17:14:00,2026.07.21 10:14:00,1.14187,1.14196,1.14183,1.14190,303,1784654072440,1784654040422,0,1,0,1,1,1,0,
RANDOM,ASK,2026.07.21 17:14:00,2026.07.21 10:14:00,1.14187,1.14196,1.14183,1.14190,303,1784654072516,1784654040519,0,1,0,1,1,1,0,
RANDOM,BID,2026.08.03 17:04:00,2026.08.03 10:04:00,1.15229,1.15229,1.15201,1.15215,452,1785776640024,1785776689585,1,0,0,1,1,1,0,
RANDOM,ASK,2026.08.03 17:04:00,2026.08.03 10:04:00,1.15229,1.15229,1.15201,1.15215,452,1785776640024,1785776689609,1,0,0,1,1,1,0,
RANDOM,BID,2026.08.04 10:23:00,2026.08.04 03:23:00,1.15140,1.15151,1.15139,1.15150,276,1785839017503,1785838983532,0,1,0,1,1,1,0,
RANDOM,ASK,2026.08.04 10:23:00,2026.08.04 03:23:00,1.15140,1.15151,1.15139,1.15150,276,1785839017503,1785838983532,0,1,0,1,1,1,0,
RANDOM,BID,2026.07.27 17:25:00,2026.07.27 10:25:00,1.13742,1.13744,1.13725,1.13728,300,1785173109155,1785173150941,1,0,0,1,1,1,0,
RANDOM,ASK,2026.07.27 17:25:00,2026.07.27 10:25:00,1.13742,1.13744,1.13725,1.13728,300,1785173109155,1785173151631,1,0,0,1,1,1,0,
RANDOM,BID,2026.08.03 10:18:00,2026.08.03 03:18:00,1.15219,1.15228,1.15208,1.15225,609,1785752282774,1785752304110,1,0,0,1,1,1,0,
RANDOM,ASK,2026.08.03 10:18:00,2026.08.03 03:18:00,1.15219,1.15228,1.15208,1.15225,609,1785752282758,1785752304110,1,0,0,1,1,1,0,
RANDOM,BID,2026.07.21 17:23:00,2026.07.21 10:23:00,1.14153,1.14156,1.14138,1.14143,246,1784654591702,1784654631213,1,0,0,1,1,1,0,
RANDOM,ASK,2026.07.21 17:23:00,2026.07.21 10:23:00,1.14153,1.14156,1.14138,1.14143,246,1784654589025,1784654631213,1,0,0,1,1,1,0,
RANDOM,BID,2026.07.22 10:46:00,2026.07.22 03:46:00,1.14053,1.14056,1.14045,1.14046,227,1784717166864,1784717199814,1,0,0,1,1,1,0,
RANDOM,ASK,2026.07.22 10:46:00,2026.07.22 03:46:00,1.14053,1.14056,1.14045,1.14046,227,1784717166864,1784717204267,1,0,0,1,1,1,0,
RANDOM,BID,2026.07.14 10:35:00,2026.07.14 03:35:00,1.13902,1.13904,1.13897,1.13899,338,1784025317371,1784025354248,1,0,0,1,1,1,0,
RANDOM,ASK,2026.07.14 10:35:00,2026.07.14 03:35:00,1.13902,1.13904,1.13897,1.13899,338,1784025317371,1784025354248,1,0,0,1,1,1,0,
RANDOM,BID,2026.07.23 17:37:00,2026.07.23 10:37:00,1.13695,1.13721,1.13695,1.13717,311,1784828270521,1784828220031,0,1,0,1,1,1,0,
RANDOM,ASK,2026.07.23 17:37:00,2026.07.23 10:37:00,1.13695,1.13721,1.13695,1.13717,311,1784828270521,1784828220031,0,1,0,1,1,1,0,
RANDOM,BID,2026.08.06 17:30:00,2026.08.06 10:30:00,1.15347,1.15362,1.15346,1.15357,304,1786037452110,1786037400622,0,1,0,1,1,1,0,
RANDOM,ASK,2026.08.06 17:30:00,2026.08.06 10:30:00,1.15347,1.15362,1.15346,1.15357,304,1786037447529,1786037400622,0,1,0,1,1,1,0,
RANDOM,BID,2026.07.22 16:41:00,2026.07.22 09:41:00,1.14165,1.14189,1.14165,1.14184,368,1784738502151,1784738460236,0,1,0,1,1,1,0,
RANDOM,ASK,2026.07.22 16:41:00,2026.07.22 09:41:00,1.14165,1.14189,1.14165,1.14184,368,1784738502151,1784738460236,0,1,0,1,1,1,0,
RANDOM,BID,2026.07.30 16:34:00,2026.07.30 09:34:00,1.14826,1.14830,1.14795,1.14805,370,1785429246787,1785429285660,1,0,0,1,1,1,0,
RANDOM,ASK,2026.07.30 16:34:00,2026.07.30 09:34:00,1.14826,1.14830,1.14795,1.14805,370,1785429246787,1785429285660,1,0,0,1,1,1,0,
RANDOM,BID,2026.08.04 17:31:00,2026.08.04 10:31:00,1.15260,1.15283,1.15258,1.15280,305,1785864714420,1785864661815,0,1,0,1,1,1,0,
RANDOM,ASK,2026.08.04 17:31:00,2026.08.04 10:31:00,1.15260,1.15283,1.15258,1.15280,305,1785864714420,1785864661911,0,1,0,1,1,1,0,
RANDOM,BID,2026.07.20 10:23:00,2026.07.20 03:23:00,1.14419,1.14420,1.14387,1.14402,531,1784542980111,1784543007568,1,0,0,1,1,1,0,
RANDOM,ASK,2026.07.20 10:23:00,2026.07.20 03:23:00,1.14419,1.14420,1.14387,1.14402,531,1784542980111,1784543007568,1,0,0,1,1,1,0,
RANDOM,BID,2026.07.30 10:56:00,2026.07.30 03:56:00,1.14376,1.14385,1.14369,1.14372,218,1785408972918,1785409015924,1,0,0,1,1,1,0,
RANDOM,ASK,2026.07.30 10:56:00,2026.07.30 03:56:00,1.14376,1.14385,1.14369,1.14372,218,1785408972918,1785409015924,1,0,0,1,1,1,0,
RANDOM,BID,2026.07.13 10:49:00,2026.07.13 03:49:00,1.14204,1.14225,1.14202,1.14218,406,1783939757469,1783939740387,0,1,0,1,1,1,0,
RANDOM,ASK,2026.07.13 10:49:00,2026.07.13 03:49:00,1.14204,1.14225,1.14202,1.14218,406,1783939757616,1783939740387,0,1,0,1,1,1,0,
RANDOM,BID,2026.07.17 10:58:00,2026.07.17 03:58:00,1.14458,1.14462,1.14452,1.14458,330,1784285881508,1784285894377,1,0,0,1,1,1,0,
RANDOM,ASK,2026.07.17 10:58:00,2026.07.17 03:58:00,1.14458,1.14462,1.14452,1.14458,330,1784285881508,1784285894377,1,0,0,1,1,1,0,
RANDOM,BID,2026.07.22 10:16:00,2026.07.22 03:16:00,1.14109,1.14119,1.14107,1.14115,218,1784715391393,1784715360618,0,1,0,1,1,1,0,
RANDOM,ASK,2026.07.22 10:16:00,2026.07.22 03:16:00,1.14109,1.14119,1.14107,1.14115,218,1784715391393,1784715360618,0,1,0,1,1,1,0,
RANDOM,BID,2026.07.27 10:17:00,2026.07.27 03:17:00,1.14075,1.14077,1.14057,1.14066,193,1785147420046,1785147442748,1,0,0,1,1,1,0,
RANDOM,ASK,2026.07.27 10:17:00,2026.07.27 03:17:00,1.14075,1.14077,1.14057,1.14066,193,1785147420046,1785147439474,1,0,0,1,1,1,0,
RANDOM,BID,2026.07.22 10:39:00,2026.07.22 03:39:00,1.14129,1.14132,1.14110,1.14110,268,1784716742258,1784716785255,1,0,0,1,1,1,0,
RANDOM,ASK,2026.07.22 10:39:00,2026.07.22 03:39:00,1.14129,1.14132,1.14110,1.14110,268,1784716742258,1784716785261,1,0,0,1,1,1,0,
RANDOM,BID,2026.08.05 17:02:00,2026.08.05 10:02:00,1.15466,1.15468,1.15445,1.15458,310,1785949321424,1785949358244,1,0,0,1,1,1,0,
RANDOM,ASK,2026.08.05 17:02:00,2026.08.05 10:02:00,1.15466,1.15468,1.15445,1.15458,310,1785949321424,1785949362053,1,0,0,1,1,1,0,
RANDOM,BID,2026.07.20 10:09:00,2026.07.20 03:09:00,1.14366,1.14370,1.14362,1.14364,178,1784542161144,1784542169898,1,0,0,1,1,1,0,
RANDOM,ASK,2026.07.20 10:09:00,2026.07.20 03:09:00,1.14366,1.14370,1.14362,1.14364,178,1784542161144,1784542169898,1,0,0,1,1,1,0,
RANDOM,BID,2026.07.28 17:36:00,2026.07.28 10:36:00,1.13771,1.13772,1.13763,1.13766,253,1785260166239,1785260199455,1,0,0,1,1,1,0,
RANDOM,ASK,2026.07.28 17:36:00,2026.07.28 10:36:00,1.13771,1.13772,1.13763,1.13766,253,1785260160160,1785260199455,1,0,0,1,1,1,0,
RANDOM,BID,2026.07.28 10:07:00,2026.07.28 03:07:00,1.13675,1.13693,1.13674,1.13691,186,1785233265523,1785233220224,0,1,0,1,1,1,0,
RANDOM,ASK,2026.07.28 10:07:00,2026.07.28 03:07:00,1.13675,1.13693,1.13674,1.13691,186,1785233265523,1785233220017,0,1,0,1,1,1,0,
RANDOM,BID,2026.07.16 10:37:00,2026.07.16 03:37:00,1.14691,1.14713,1.14686,1.14710,250,1784198277838,1784198242505,0,1,0,1,1,1,0,
RANDOM,ASK,2026.07.16 10:37:00,2026.07.16 03:37:00,1.14691,1.14713,1.14686,1.14710,250,1784198277781,1784198242505,0,1,0,1,1,1,0,
RANDOM,BID,2026.07.15 16:41:00,2026.07.15 09:41:00,1.14266,1.14270,1.14264,1.14265,206,1784133698746,1784133660403,0,1,0,1,1,1,0,
RANDOM,ASK,2026.07.15 16:41:00,2026.07.15 09:41:00,1.14266,1.14270,1.14264,1.14265,206,1784133698746,1784133660403,0,1,0,1,1,1,0,
RANDOM,BID,2026.07.27 16:57:00,2026.07.27 09:57:00,1.13752,1.13755,1.13731,1.13731,356,1785171420634,1785171474143,1,0,0,1,1,1,0,
RANDOM,ASK,2026.07.27 16:57:00,2026.07.27 09:57:00,1.13752,1.13755,1.13731,1.13731,356,1785171420634,1785171474143,1,0,0,1,1,1,0,
RANDOM,BID,2026.08.03 17:27:00,2026.08.03 10:27:00,1.15187,1.15196,1.15176,1.15189,454,1785778076909,1785778043759,0,1,0,1,1,1,0,
RANDOM,ASK,2026.08.03 17:27:00,2026.08.03 10:27:00,1.15187,1.15196,1.15176,1.15189,454,1785778076909,1785778043759,0,1,0,1,1,1,0,
RANDOM,BID,2026.07.31 16:30:00,2026.07.31 09:30:00,1.15004,1.15015,1.14985,1.14992,578,1785515402671,1785515432875,1,0,0,1,1,1,0,
RANDOM,ASK,2026.07.31 16:30:00,2026.07.31 09:30:00,1.15004,1.15015,1.14985,1.14992,578,1785515402671,1785515432321,1,0,0,1,1,1,0,
RANDOM,BID,2026.07.09 17:08:00,2026.07.09 10:08:00,1.14415,1.14425,1.14410,1.14421,481,1783616896907,1783616882204,0,1,0,1,1,1,0,
RANDOM,ASK,2026.07.09 17:08:00,2026.07.09 10:08:00,1.14415,1.14425,1.14410,1.14421,481,1783616896907,1783616882204,0,1,0,1,1,1,0,
RANDOM,BID,2026.08.07 10:39:00,2026.08.07 03:39:00,1.15215,1.15215,1.15209,1.15210,149,1786099140885,1786099197149,1,0,0,1,1,1,0,
RANDOM,ASK,2026.08.07 10:39:00,2026.08.07 03:39:00,1.15215,1.15215,1.15209,1.15210,149,1786099140918,1786099197149,1,0,0,1,1,1,0,
RANDOM,BID,2026.07.24 10:29:00,2026.07.24 03:29:00,1.13994,1.13994,1.13970,1.13973,294,1784888940002,1784888989044,1,0,0,1,1,1,0,
RANDOM,ASK,2026.07.24 10:29:00,2026.07.24 03:29:00,1.13994,1.13994,1.13970,1.13973,294,1784888940002,1784888988964,1,0,0,1,1,1,0,
RANDOM,BID,2026.07.14 10:12:00,2026.07.14 03:12:00,1.13873,1.13887,1.13871,1.13872,432,1784023931706,1784023922012,0,1,0,1,1,1,0,
RANDOM,ASK,2026.07.14 10:12:00,2026.07.14 03:12:00,1.13873,1.13887,1.13871,1.13872,432,1784023931706,1784023922035,0,1,0,1,1,1,0,
RANDOM,BID,2026.07.29 10:14:00,2026.07.29 03:14:00,1.13931,1.13942,1.13930,1.13938,200,1785320068381,1785320040584,0,1,0,1,1,1,0,
RANDOM,ASK,2026.07.29 10:14:00,2026.07.29 03:14:00,1.13931,1.13942,1.13930,1.13938,200,1785320068381,1785320040021,0,1,0,1,1,1,0,
RANDOM,BID,2026.08.06 17:25:00,2026.08.06 10:25:00,1.15372,1.15374,1.15360,1.15362,318,1786037100868,1786037141090,1,0,0,1,1,1,0,
RANDOM,ASK,2026.08.06 17:25:00,2026.08.06 10:25:00,1.15372,1.15374,1.15360,1.15362,318,1786037100868,1786037141137,1,0,0,1,1,1,0,
RANDOM,BID,2026.08.04 10:21:00,2026.08.04 03:21:00,1.15135,1.15136,1.15128,1.15135,227,1785838860252,1785838866553,1,0,0,1,1,1,0,
RANDOM,ASK,2026.08.04 10:21:00,2026.08.04 03:21:00,1.15135,1.15136,1.15128,1.15135,227,1785838860190,1785838866553,1,0,0,1,1,1,0,
RANDOM,BID,2026.07.28 17:46:00,2026.07.28 10:46:00,1.13774,1.13787,1.13774,1.13774,301,1785260793768,1785260760064,0,1,0,1,1,1,0,
RANDOM,ASK,2026.07.28 17:46:00,2026.07.28 10:46:00,1.13774,1.13787,1.13774,1.13774,301,1785260793768,1785260760064,0,1,0,1,1,1,0,
RANDOM,BID,2026.07.17 10:18:00,2026.07.17 03:18:00,1.14474,1.14475,1.14463,1.14463,164,1784283482965,1784283535205,1,0,0,1,1,1,0,
RANDOM,ASK,2026.07.17 10:18:00,2026.07.17 03:18:00,1.14474,1.14475,1.14463,1.14463,164,1784283482965,1784283535205,1,0,0,1,1,1,0,
RANDOM,BID,2026.08.06 16:59:00,2026.08.06 09:59:00,1.15432,1.15436,1.15422,1.15428,377,1786035594809,1786035584004,0,1,0,1,1,1,0,
RANDOM,ASK,2026.08.06 16:59:00,2026.08.06 09:59:00,1.15432,1.15436,1.15422,1.15428,377,1786035594780,1786035584004,0,1,0,1,1,1,0,
RANDOM,BID,2026.07.22 17:05:00,2026.07.22 10:05:00,1.14146,1.14150,1.14120,1.14123,433,1784739901224,1784739941181,1,0,0,1,1,1,0,
RANDOM,ASK,2026.07.22 17:05:00,2026.07.22 10:05:00,1.14146,1.14150,1.14120,1.14123,433,1784739901224,1784739941181,1,0,0,1,1,1,0,
RANDOM,BID,2026.08.05 17:17:00,2026.08.05 10:17:00,1.15552,1.15556,1.15543,1.15550,418,1785950226626,1785950256650,1,0,0,1,1,1,0,
RANDOM,ASK,2026.08.05 17:17:00,2026.08.05 10:17:00,1.15552,1.15556,1.15543,1.15550,418,1785950226587,1785950256736,1,0,0,1,1,1,0,
RANDOM,BID,2026.07.09 17:25:00,2026.07.09 10:25:00,1.14404,1.14406,1.14384,1.14389,302,1783617904304,1783617947751,1,0,0,1,1,1,0,
RANDOM,ASK,2026.07.09 17:25:00,2026.07.09 10:25:00,1.14404,1.14406,1.14384,1.14389,302,1783617904304,1783617946132,1,0,0,1,1,1,0,
RANDOM,BID,2026.08.07 16:50:00,2026.08.07 09:50:00,1.15655,1.15657,1.15638,1.15641,482,1786121400129,1786121458936,1,0,0,1,1,1,0,
RANDOM,ASK,2026.08.07 16:50:00,2026.08.07 09:50:00,1.15655,1.15657,1.15638,1.15641,482,1786121448560,1786121458936,1,0,0,1,1,1,0,
TARGETED,BID,2026.07.09 10:01:00,2026.07.09 03:01:00,1.14412,1.14420,1.14400,1.14407,288,1783591271008,1783591280469,1,0,0,1,1,1,0,
TARGETED,ASK,2026.07.09 10:01:00,2026.07.09 03:01:00,1.14412,1.14420,1.14400,1.14407,288,1783591271008,1783591280669,1,0,0,1,1,1,0,
TARGETED,BID,2026.07.09 10:02:00,2026.07.09 03:02:00,1.14407,1.14414,1.14396,1.14402,302,1783591356657,1783591322110,0,1,0,1,1,1,0,
TARGETED,ASK,2026.07.09 10:02:00,2026.07.09 03:02:00,1.14407,1.14414,1.14396,1.14402,302,1783591356657,1783591323250,0,1,0,1,1,1,0,
TARGETED,BID,2026.07.09 10:08:00,2026.07.09 03:08:00,1.14367,1.14374,1.14352,1.14366,212,1783591681357,1783591699086,1,0,0,1,1,1,0,
TARGETED,ASK,2026.07.09 10:08:00,2026.07.09 03:08:00,1.14367,1.14374,1.14352,1.14366,212,1783591681357,1783591701774,1,0,0,1,1,1,0,
TARGETED,BID,2026.07.09 10:21:00,2026.07.09 03:21:00,1.14367,1.14374,1.14362,1.14370,239,1783592471940,1783592509040,1,0,0,1,1,1,0,
TARGETED,ASK,2026.07.09 10:21:00,2026.07.09 03:21:00,1.14367,1.14374,1.14362,1.14370,239,1783592469891,1783592509040,1,0,0,1,1,1,0,
TARGETED,BID,2026.07.09 10:25:00,2026.07.09 03:25:00,1.14373,1.14380,1.14367,1.14374,304,1783592720401,1783592707356,0,1,0,1,1,1,0,
TARGETED,ASK,2026.07.09 10:25:00,2026.07.09 03:25:00,1.14373,1.14380,1.14367,1.14374,304,1783592720401,1783592709239,0,1,0,1,1,1,0,
TARGETED,BID,2026.07.09 10:26:00,2026.07.09 03:26:00,1.14374,1.14380,1.14371,1.14377,219,1783592806183,1783592761086,0,1,0,1,1,1,0,
TARGETED,ASK,2026.07.09 10:26:00,2026.07.09 03:26:00,1.14374,1.14380,1.14371,1.14377,219,1783592806183,1783592761086,0,1,0,1,1,1,0,
TARGETED,BID,2026.07.09 10:38:00,2026.07.09 03:38:00,1.14360,1.14365,1.14357,1.14361,220,1783593522599,1783593491475,0,1,0,1,1,1,0,
TARGETED,ASK,2026.07.09 10:38:00,2026.07.09 03:38:00,1.14360,1.14365,1.14357,1.14361,220,1783593522599,1783593491475,0,1,0,1,1,1,0,
TARGETED,BID,2026.07.09 10:39:00,2026.07.09 03:39:00,1.14361,1.14370,1.14356,1.14363,203,1783593573639,1783593543188,0,1,0,1,1,1,0,
TARGETED,ASK,2026.07.09 10:39:00,2026.07.09 03:39:00,1.14361,1.14370,1.14356,1.14363,203,1783593573639,1783593543188,0,1,0,1,1,1,0,
TARGETED,BID,2026.07.09 10:41:00,2026.07.09 03:41:00,1.14357,1.14370,1.14351,1.14358,239,1783593669891,1783593701836,1,0,0,1,1,1,0,
TARGETED,ASK,2026.07.09 10:41:00,2026.07.09 03:41:00,1.14357,1.14370,1.14351,1.14358,239,1783593669891,1783593701866,1,0,0,1,1,1,0,
TARGETED,BID,2026.07.09 10:49:00,2026.07.09 03:49:00,1.14342,1.14348,1.14339,1.14344,273,1783594166523,1783594155816,0,1,0,1,1,1,0,
TARGETED,ASK,2026.07.09 10:49:00,2026.07.09 03:49:00,1.14342,1.14348,1.14339,1.14344,273,1783594166523,1783594155816,0,1,0,1,1,1,0,
TARGETED,BID,2026.07.09 16:35:00,2026.07.09 09:35:00,1.14328,1.14338,1.14320,1.14326,413,1783614920261,1783614928871,1,0,0,1,1,1,0,
TARGETED,ASK,2026.07.09 16:35:00,2026.07.09 09:35:00,1.14328,1.14338,1.14320,1.14326,413,1783614920261,1783614958189,1,0,0,1,1,1,0,
TARGETED,BID,2026.07.09 16:37:00,2026.07.09 09:37:00,1.14338,1.14342,1.14329,1.14334,397,1783615050628,1783615033614,0,1,0,1,1,1,0,
TARGETED,ASK,2026.07.09 16:37:00,2026.07.09 09:37:00,1.14338,1.14342,1.14329,1.14334,397,1783615070534,1783615033635,0,1,0,1,1,1,0,
TARGETED,BID,2026.07.09 16:39:00,2026.07.09 09:39:00,1.14330,1.14335,1.14321,1.14326,445,1783615162763,1783615153698,0,1,0,1,1,1,0,
TARGETED,ASK,2026.07.09 16:39:00,2026.07.09 09:39:00,1.14330,1.14335,1.14321,1.14326,445,1783615162763,1783615153698,0,1,0,1,1,1,0,
TARGETED,BID,2026.07.09 16:45:00,2026.07.09 09:45:00,1.14348,1.14358,1.14339,1.14349,345,1783615531538,1783615507209,0,1,0,1,1,1,0,
TARGETED,ASK,2026.07.09 16:45:00,2026.07.09 09:45:00,1.14348,1.14358,1.14339,1.14349,345,1783615531538,1783615543200,1,0,0,1,1,1,0,
TARGETED,BID,2026.07.09 16:46:00,2026.07.09 09:46:00,1.14349,1.14357,1.14334,1.14341,472,1783615564558,1783615606727,1,0,0,1,1,1,0,
TARGETED,ASK,2026.07.09 16:46:00,2026.07.09 09:46:00,1.14349,1.14357,1.14334,1.14341,472,1783615564558,1783615606727,1,0,0,1,1,1,0,
TARGETED,BID,2026.07.09 17:13:00,2026.07.09 10:13:00,1.14413,1.14418,1.14404,1.14411,357,1783617205591,1783617221593,1,0,0,1,1,1,0,
TARGETED,ASK,2026.07.09 17:13:00,2026.07.09 10:13:00,1.14413,1.14418,1.14404,1.14411,357,1783617205591,1783617221593,1,0,0,1,1,1,0,
TARGETED,BID,2026.07.09 17:33:00,2026.07.09 10:33:00,1.14375,1.14387,1.14367,1.14379,480,1783618407796,1783618430272,1,0,0,1,1,1,0,
TARGETED,ASK,2026.07.09 17:33:00,2026.07.09 10:33:00,1.14375,1.14387,1.14367,1.14379,480,1783618386963,1783618381235,0,1,0,1,1,1,0,
TARGETED,BID,2026.07.09 17:43:00,2026.07.09 10:43:00,1.14363,1.14370,1.14357,1.14364,292,1783619032731,1783618991231,0,1,0,1,1,1,0,
TARGETED,ASK,2026.07.09 17:43:00,2026.07.09 10:43:00,1.14363,1.14370,1.14357,1.14364,292,1783619032731,1783618991231,0,1,0,1,1,1,0,
TARGETED,BID,2026.07.09 17:44:00,2026.07.09 10:44:00,1.14364,1.14370,1.14358,1.14365,336,1783619076373,1783619042327,0,1,0,1,1,1,0,
TARGETED,ASK,2026.07.09 17:44:00,2026.07.09 10:44:00,1.14364,1.14370,1.14358,1.14365,336,1783619076373,1783619042327,0,1,0,1,1,1,0,
TARGETED,BID,2026.07.10 10:08:00,2026.07.10 03:08:00,1.14389,1.14394,1.14384,1.14389,273,1783678086057,1783678116495,1,0,0,1,1,1,0,
TARGETED,ASK,2026.07.10 10:08:00,2026.07.10 03:08:00,1.14389,1.14394,1.14384,1.14389,273,1783678086057,1783678131215,1,0,0,1,1,1,0,
TARGETED,BID,2026.07.10 10:32:00,2026.07.10 03:32:00,1.14396,1.14403,1.14388,1.14396,239,1783679531595,1783679528581,0,1,0,1,1,1,0,
TARGETED,ASK,2026.07.10 10:32:00,2026.07.10 03:32:00,1.14396,1.14403,1.14388,1.14396,239,1783679531595,1783679567421,1,0,0,1,1,1,0,
TARGETED,BID,2026.07.10 10:35:00,2026.07.10 03:35:00,1.14384,1.14391,1.14379,1.14385,410,1783679728202,1783679707615,0,1,0,1,1,1,0,
TARGETED,ASK,2026.07.10 10:35:00,2026.07.10 03:35:00,1.14384,1.14391,1.14379,1.14385,410,1783679728202,1783679707615,0,1,0,1,1,1,0,
TARGETED,BID,2026.07.10 10:39:00,2026.07.10 03:39:00,1.14383,1.14386,1.14380,1.14383,116,1783679942403,1783679949818,1,0,0,1,1,1,0,
TARGETED,ASK,2026.07.10 10:39:00,2026.07.10 03:39:00,1.14383,1.14386,1.14380,1.14383,116,1783679942403,1783679949818,1,0,0,1,1,1,0,
TARGETED,BID,2026.07.10 10:43:00,2026.07.10 03:43:00,1.14396,1.14400,1.14389,1.14395,277,1783680201662,1783680211324,1,0,0,1,1,1,0,
TARGETED,ASK,2026.07.10 10:43:00,2026.07.10 03:43:00,1.14396,1.14400,1.14389,1.14395,277,1783680201662,1783680211386,1,0,0,1,1,1,0,
TARGETED,BID,2026.07.10 10:55:00,2026.07.10 03:55:00,1.14381,1.14386,1.14372,1.14377,311,1783680904004,1783680949479,1,0,0,1,1,1,0,
TARGETED,ASK,2026.07.10 10:55:00,2026.07.10 03:55:00,1.14381,1.14386,1.14372,1.14377,311,1783680904004,1783680949614,1,0,0,1,1,1,0,
TARGETED,BID,2026.07.10 16:35:00,2026.07.10 09:35:00,1.14207,1.14213,1.14196,1.14203,408,1783701305881,1783701352952,1,0,0,1,1,1,0,
TARGETED,ASK,2026.07.10 16:35:00,2026.07.10 09:35:00,1.14207,1.14213,1.14196,1.14203,408,1783701305881,1783701352997,1,0,0,1,1,1,0,
TARGETED,BID,2026.07.10 16:36:00,2026.07.10 09:36:00,1.14203,1.14213,1.14198,1.14206,374,1783701384969,1783701363971,0,1,0,1,1,1,0,
TARGETED,ASK,2026.07.10 16:36:00,2026.07.10 09:36:00,1.14203,1.14213,1.14198,1.14206,374,1783701384969,1783701360095,0,1,0,1,1,1,0,
TARGETED,BID,2026.07.10 16:44:00,2026.07.10 09:44:00,1.14263,1.14267,1.14256,1.14260,363,1783701862777,1783701887662,1,0,0,1,1,1,0,
TARGETED,ASK,2026.07.10 16:44:00,2026.07.10 09:44:00,1.14263,1.14267,1.14256,1.14260,363,1783701862777,1783701887708,1,0,0,1,1,1,0,
TARGETED,BID,2026.07.10 16:56:00,2026.07.10 09:56:00,1.14209,1.14218,1.14200,1.14208,372,1783702594357,1783702581232,0,1,0,1,1,1,0,
TARGETED,ASK,2026.07.10 16:56:00,2026.07.10 09:56:00,1.14209,1.14218,1.14200,1.14208,372,1783702566308,1783702616898,1,0,0,1,1,1,0,
TARGETED,BID,2026.07.10 16:57:00,2026.07.10 09:57:00,1.14208,1.14218,1.14201,1.14210,435,1783702647120,1783702627666,0,1,0,1,1,1,0,
TARGETED,ASK,2026.07.10 16:57:00,2026.07.10 09:57:00,1.14208,1.14218,1.14201,1.14210,435,1783702679087,1783702627666,0,1,0,1,1,1,0,
TARGETED,BID,2026.07.10 17:03:00,2026.07.10 10:03:00,1.14176,1.14189,1.14166,1.14180,480,1783703022821,1783702991503,0,1,0,1,1,1,0,
TARGETED,ASK,2026.07.10 17:03:00,2026.07.10 10:03:00,1.14176,1.14189,1.14166,1.14180,480,1783703022804,1783702996351,0,1,0,1,1,1,0,
TARGETED,BID,2026.07.10 17:05:00,2026.07.10 10:05:00,1.14185,1.14192,1.14180,1.14187,307,1783703156375,1783703121894,0,1,0,1,1,1,0,
TARGETED,ASK,2026.07.10 17:05:00,2026.07.10 10:05:00,1.14185,1.14192,1.14180,1.14187,307,1783703156375,1783703115507,0,1,0,1,1,1,0,
TARGETED,BID,2026.07.10 17:07:00,2026.07.10 10:07:00,1.14181,1.14189,1.14177,1.14185,326,1783703272715,1783703228956,0,1,0,1,1,1,0,
TARGETED,ASK,2026.07.10 17:07:00,2026.07.10 10:07:00,1.14181,1.14189,1.14177,1.14185,326,1783703272715,1783703228956,0,1,0,1,1,1,0,
TARGETED,BID,2026.07.10 17:23:00,2026.07.10 10:23:00,1.14254,1.14260,1.14244,1.14255,370,1783704194934,1783704211811,1,0,0,1,1,1,0,
TARGETED,ASK,2026.07.10 17:23:00,2026.07.10 10:23:00,1.14254,1.14260,1.14244,1.14255,370,1783704194934,1783704212806,1,0,0,1,1,1,0,
TARGETED,BID,2026.07.10 17:26:00,2026.07.10 10:26:00,1.14260,1.14268,1.14254,1.14260,353,1783704371520,1783704362044,0,1,0,1,1,1,0,
TARGETED,ASK,2026.07.10 17:26:00,2026.07.10 10:26:00,1.14260,1.14268,1.14254,1.14260,353,1783704371520,1783704386752,1,0,0,1,1,1,0,
TARGETED,BID,2026.07.10 17:29:00,2026.07.10 10:29:00,1.14263,1.14267,1.14254,1.14262,313,1783704554139,1783704575315,1,0,0,1,1,1,0,
TARGETED,ASK,2026.07.10 17:29:00,2026.07.10 10:29:00,1.14263,1.14267,1.14254,1.14262,313,1783704554139,1783704575315,1,0,0,1,1,1,0,
TARGETED,BID,2026.07.10 17:35:00,2026.07.10 10:35:00,1.14201,1.14215,1.14177,1.14191,924,1783704905755,1783704950185,1,0,0,1,1,1,0,
TARGETED,ASK,2026.07.10 17:35:00,2026.07.10 10:35:00,1.14201,1.14215,1.14177,1.14191,924,1783704905755,1783704950185,1,0,0,1,1,1,0,
TARGETED,BID,2026.07.10 17:40:00,2026.07.10 10:40:00,1.14206,1.14214,1.14201,1.14210,422,1783705255705,1783705230981,0,1,0,1,1,1,0,
TARGETED,ASK,2026.07.10 17:40:00,2026.07.10 10:40:00,1.14206,1.14214,1.14201,1.14210,422,1783705255705,1783705230981,0,1,0,1,1,1,0,
TARGETED,BID,2026.07.10 17:43:00,2026.07.10 10:43:00,1.14225,1.14229,1.14219,1.14224,397,1783705401872,1783705407577,1,0,0,1,1,1,0,
TARGETED,ASK,2026.07.10 17:43:00,2026.07.10 10:43:00,1.14225,1.14229,1.14219,1.14224,397,1783705401872,1783705408426,1,0,0,1,1,1,0,
TARGETED,BID,2026.07.10 17:45:00,2026.07.10 10:45:00,1.14206,1.14210,1.14197,1.14205,507,1783705554655,1783705525623,0,1,0,1,1,1,0,
TARGETED,ASK,2026.07.10 17:45:00,2026.07.10 10:45:00,1.14206,1.14210,1.14197,1.14205,507,1783705554655,1783705525623,0,1,0,1,1,1,0,
TARGETED,BID,2026.07.10 17:48:00,2026.07.10 10:48:00,1.14226,1.14233,1.14212,1.14220,423,1783705706176,1783705681688,0,1,0,1,1,1,0,
TARGETED,ASK,2026.07.10 17:48:00,2026.07.10 10:48:00,1.14226,1.14233,1.14212,1.14220,423,1783705706176,1783705693206,0,1,0,1,1,1,0,
TARGETED,BID,2026.07.13 10:02:00,2026.07.13 03:02:00,1.14019,1.14029,1.14008,1.14020,431,1783936972457,1783936926117,0,1,0,1,1,1,0,
TARGETED,ASK,2026.07.13 10:02:00,2026.07.13 03:02:00,1.14019,1.14029,1.14008,1.14020,431,1783936972457,1783936925982,0,1,0,1,1,1,0,
TARGETED,BID,2026.07.13 10:20:00,2026.07.13 03:20:00,1.14073,1.14082,1.14066,1.14072,366,1783938002403,1783938039136,1,0,0,1,1,1,0,
TARGETED,ASK,2026.07.13 10:20:00,2026.07.13 03:20:00,1.14073,1.14082,1.14066,1.14072,366,1783938002403,1783938030943,1,0,0,1,1,1,0,
TARGETED,BID,2026.07.13 10:22:00,2026.07.13 03:22:00,1.14088,1.14096,1.14080,1.14087,197,1783938176266,1783938160471,0,1,0,1,1,1,0,
TARGETED,ASK,2026.07.13 10:22:00,2026.07.13 03:22:00,1.14088,1.14096,1.14080,1.14087,197,1783938176266,1783938120875,0,1,0,1,1,1,0,
TARGETED,BID,2026.07.13 10:25:00,2026.07.13 03:25:00,1.14080,1.14088,1.14070,1.14082,264,1783938354383,1783938317859,0,1,0,1,1,1,0,
TARGETED,ASK,2026.07.13 10:25:00,2026.07.13 03:25:00,1.14080,1.14088,1.14070,1.14082,264,1783938354383,1783938318007,0,1,0,1,1,1,0,
TARGETED,BID,2026.07.13 10:43:00,2026.07.13 03:43:00,1.14180,1.14187,1.14171,1.14178,369,1783939388302,1783939405069,1,0,0,1,1,1,0,
TARGETED,ASK,2026.07.13 10:43:00,2026.07.13 03:43:00,1.14180,1.14187,1.14171,1.14178,369,1783939388302,1783939405069,1,0,0,1,1,1,0,
TARGETED,BID,2026.07.13 10:46:00,2026.07.13 03:46:00,1.14188,1.14192,1.14179,1.14184,313,1783939586138,1783939592301,1,0,0,1,1,1,0,
TARGETED,ASK,2026.07.13 10:46:00,2026.07.13 03:46:00,1.14188,1.14192,1.14179,1.14184,313,1783939586138,1783939592301,1,0,0,1,1,1,0,
TARGETED,BID,2026.07.13 10:47:00,2026.07.13 03:47:00,1.14183,1.14189,1.14175,1.14182,343,1783939621667,1783939645818,1,0,0,1,1,1,0,
TARGETED,ASK,2026.07.13 10:47:00,2026.07.13 03:47:00,1.14183,1.14189,1.14175,1.14182,343,1783939621667,1783939645818,1,0,0,1,1,1,0,
TARGETED,BID,2026.07.13 10:52:00,2026.07.13 03:52:00,1.14234,1.14249,1.14227,1.14242,404,1783939979584,1783939932278,0,1,0,1,1,1,0,
TARGETED,ASK,2026.07.13 10:52:00,2026.07.13 03:52:00,1.14234,1.14249,1.14227,1.14242,404,1783939979584,1783939932449,0,1,0,1,1,1,0,
TARGETED,BID,2026.07.13 10:55:00,2026.07.13 03:55:00,1.14256,1.14262,1.14250,1.14256,377,1783940140100,1783940105502,0,1,0,1,1,1,0,
TARGETED,ASK,2026.07.13 10:55:00,2026.07.13 03:55:00,1.14256,1.14262,1.14250,1.14256,377,1783940140100,1783940105457,0,1,0,1,1,1,0,
TARGETED,BID,2026.07.13 16:31:00,2026.07.13 09:31:00,1.14252,1.14263,1.14245,1.14255,595,1783960309655,1783960263835,0,1,0,1,1,1,0,
TARGETED,ASK,2026.07.13 16:31:00,2026.07.13 09:31:00,1.14252,1.14263,1.14245,1.14255,595,1783960309655,1783960263749,0,1,0,1,1,1,0,
TARGETED,BID,2026.07.13 16:38:00,2026.07.13 09:38:00,1.14250,1.14263,1.14241,1.14248,532,1783960692309,1783960720232,1,0,0,1,1,1,0,
TARGETED,ASK,2026.07.13 16:38:00,2026.07.13 09:38:00,1.14250,1.14263,1.14241,1.14248,532,1783960692309,1783960720232,1,0,0,1,1,1,0,
TARGETED,BID,2026.07.13 16:50:00,2026.07.13 09:50:00,1.14183,1.14188,1.14173,1.14181,430,1783961416132,1783961456968,1,0,0,1,1,1,0,
TARGETED,ASK,2026.07.13 16:50:00,2026.07.13 09:50:00,1.14183,1.14188,1.14173,1.14181,430,1783961416077,1783961456968,1,0,0,1,1,1,0,
TARGETED,BID,2026.07.13 16:51:00,2026.07.13 09:51:00,1.14181,1.14190,1.14165,1.14174,475,1783961460836,1783961513321,1,0,0,1,1,1,0,
TARGETED,ASK,2026.07.13 16:51:00,2026.07.13 09:51:00,1.14181,1.14190,1.14165,1.14174,475,1783961460836,1783961513321,1,0,0,1,1,1,0,
TARGETED,BID,2026.07.13 16:55:00,2026.07.13 09:55:00,1.14187,1.14191,1.14179,1.14183,392,1783961709760,1783961729517,1,0,0,1,1,1,0,
TARGETED,ASK,2026.07.13 16:55:00,2026.07.13 09:55:00,1.14187,1.14191,1.14179,1.14183,392,1783961709760,1783961729517,1,0,0,1,1,1,0,
TARGETED,BID,2026.07.13 17:07:00,2026.07.13 10:07:00,1.14145,1.14152,1.14134,1.14143,440,1783962437633,1783962464480,1,0,0,1,1,1,0,
TARGETED,ASK,2026.07.13 17:07:00,2026.07.13 10:07:00,1.14145,1.14152,1.14134,1.14143,440,1783962437633,1783962464509,1,0,0,1,1,1,0,
TARGETED,BID,2026.07.13 17:30:00,2026.07.13 10:30:00,1.14079,1.14092,1.14057,1.14079,596,1783963846196,1783963815537,0,1,0,1,1,1,0,
TARGETED,ASK,2026.07.13 17:30:00,2026.07.13 10:30:00,1.14079,1.14092,1.14057,1.14079,596,1783963846196,1783963815601,0,1,0,1,1,1,0,
TARGETED,BID,2026.07.13 17:32:00,2026.07.13 10:32:00,1.14067,1.14075,1.14063,1.14067,489,1783963945719,1783963970285,1,0,0,1,1,1,0,
TARGETED,ASK,2026.07.13 17:32:00,2026.07.13 10:32:00,1.14067,1.14075,1.14063,1.14067,489,1783963945719,1783963970285,1,0,0,1,1,1,0,
TARGETED,BID,2026.07.13 17:33:00,2026.07.13 10:33:00,1.14067,1.14073,1.14061,1.14066,407,1783964006853,1783964021276,1,0,0,1,1,1,0,
TARGETED,ASK,2026.07.13 17:33:00,2026.07.13 10:33:00,1.14067,1.14073,1.14061,1.14066,407,1783964006853,1783964021276,1,0,0,1,1,1,0,
TARGETED,BID,2026.07.13 17:42:00,2026.07.13 10:42:00,1.14006,1.14011,1.13996,1.14006,411,1783964537550,1783964524547,0,1,0,1,1,1,0,
TARGETED,ASK,2026.07.13 17:42:00,2026.07.13 10:42:00,1.14006,1.14011,1.13996,1.14006,411,1783964537550,1783964524586,0,1,0,1,1,1,0,
