id,dir,entry,stop,risk,spread_pips,pl,R
1,SELL,1.27212,1.27411,97.51,0.500,-97.51,-1.000
2,SELL,1.27337,1.27537,98.00,0.200,-98.00,-1.000
3,BUY,1.26755,1.26555,98.00,0.100,-98.98,-1.010
4,SELL,1.26578,1.26778,96.00,0.100,194.40,2.025
5,BUY,1.26192,1.25992,98.00,0.100,199.33,2.034
6,BUY,1.26621,1.26421,100.00,0.300,199.70,1.997
7,SELL,1.26898,1.27097,101.49,0.100,-101.49,-1.000
8,SELL,1.26916,1.27116,100.00,0.100,198.90,1.989
9,BUY,1.26556,1.26358,100.98,0.100,-101.49,-1.005
10,SELL,1.26309,1.26509,102.00,0.100,-103.02,-1.010
11,BUY,1.26596,1.26396,100.00,0.100,203.00,2.030
12,BUY,1.27037,1.26840,100.47,0.100,209.10,2.081
13,BUY,1.27638,1.27438,106.00,0.100,-106.00,-1.000
14,BUY,1.27361,1.27161,104.00,0.100,-104.00,-1.000
15,BUY,1.27105,1.26905,102.00,0.300,-106.69,-1.046
16,BUY,1.27131,1.26943,95.88,0.100,210.12,2.191
17,SELL,1.27484,1.27683,103.48,0.300,208.94,2.019
18,BUY,1.27116,1.26916,106.00,0.100,-109.18,-1.030
19,BUY,1.27153,1.26953,104.00,0.300,-105.56,-1.015
20,BUY,1.26954,1.26754,104.00,0.300,207.90,1.999
21,BUY,1.27228,1.27028,106.00,0.100,211.68,1.997
22,BUY,1.27417,1.27217,108.00,0.100,223.02,2.065
23,SELL,1.27252,1.27452,110.00,0.100,-111.10,-1.010
24,SELL,1.27563,1.27763,110.00,0.300,-111.21,-1.011
25,SELL,1.27756,1.27956,108.00,0.500,216.00,2.000
26,BUY,1.27323,1.27123,110.00,0.100,222.75,2.025
27,BUY,1.27733,1.27533,112.00,0.100,-112.00,-1.000
28,SELL,1.27387,1.27587,112.00,0.300,-123.31,-1.101
29,BUY,1.27399,1.27201,108.90,0.500,-108.90,-1.000
30,SELL,1.27197,1.27391,106.70,0.100,-106.70,-1.000
31,BUY,1.27272,1.27072,108.00,0.100,-108.11,-1.001
32,SELL,1.26981,1.27181,106.00,0.500,212.00,2.000
33,BUY,1.26569,1.26370,109.45,0.100,-109.45,-1.000
34,SELL,1.26444,1.26638,104.76,0.100,-104.76,-1.000
35,SELL,1.26485,1.26685,106.00,0.100,-110.24,-1.040
36,BUY,1.26701,1.26501,106.00,0.100,-106.00,-1.000
37,SELL,1.26278,1.26478,104.00,0.300,-106.18,-1.021
38,SELL,1.26565,1.26765,104.00,0.100,-106.08,-1.020
39,BUY,1.26761,1.26561,102.00,0.100,-112.20,-1.100
40,SELL,1.26486,1.26686,102.00,0.100,-102.00,-1.000
41,BUY,1.26779,1.26579,100.00,0.500,-100.00,-1.000
42,BUY,1.26549,1.26349,100.00,0.100,200.50,2.005
43,SELL,1.27001,1.27201,102.00,0.500,-103.12,-1.011
44,BUY,1.27049,1.26849,100.00,0.100,202.40,2.024
45,SELL,1.27247,1.27447,102.00,0.100,205.53,2.015
46,BUY,1.26666,1.26466,104.00,0.100,207.90,1.999
47,SELL,1.27178,1.27378,106.00,0.100,-106.00,-1.000
48,BUY,1.27568,1.27368,106.00,0.100,-106.00,-1.000
49,BUY,1.27286,1.27086,104.00,0.100,212.16,2.040
50,SELL,1.27457,1.27657,106.00,0.100,208.50,1.967
51,BUY,1.27122,1.26923,107.46,0.500,-108.54,-1.010
52,SELL,1.26988,1.27188,108.00,0.100,-109.19,-1.011
53,BUY,1.27208,1.27008,106.00,0.100,-106.00,-1.000
54,SELL,1.27034,1.27234,106.00,0.500,212.00,2.000
55,SELL,1.27121,1.27321,108.00,0.500,216.00,2.000
56,SELL,1.26792,1.26991,109.45,0.100,-110.00,-1.005
57,SELL,1.26804,1.27004,108.00,0.500,-108.00,-1.000
58,BUY,1.27269,1.27069,108.00,0.100,-108.00,-1.000
59,BUY,1.26922,1.26722,106.00,0.300,216.77,2.045
60,BUY,1.27241,1.27041,108.00,0.300,-113.94,-1.055
61,BUY,1.26812,1.26612,108.00,0.300,-108.00,-1.000
62,SELL,1.26772,1.26972,106.00,0.500,-106.00,-1.000
63,BUY,1.26875,1.26675,106.00,0.500,-107.06,-1.010
64,BUY,1.26619,1.26419,104.00,0.200,-104.52,-1.005
65,BUY,1.26454,1.26259,101.40,0.100,-102.96,-1.015
66,SELL,1.26553,1.26753,102.00,0.100,-102.00,-1.000
67,SELL,1.26772,1.26972,102.00,0.100,-102.00,-1.000
68,BUY,1.26987,1.26787,100.00,0.100,201.00,2.010
69,SELL,1.27380,1.27580,102.00,0.300,-103.12,-1.011
70,SELL,1.27624,1.27824,102.00,0.100,204.51,2.005
71,BUY,1.26751,1.26551,104.00,0.100,-104.52,-1.005
72,SELL,1.26629,1.26829,102.00,0.100,204.51,2.005
73,BUY,1.26425,1.26225,104.00,0.300,-110.86,-1.066
74,BUY,1.26156,1.25964,99.84,1.000,-99.84,-1.000
75,BUY,1.25915,1.25715,102.00,0.100,-102.00,-1.000
76,BUY,1.25549,1.25349,102.00,0.100,-102.00,-1.000
77,SELL,1.25249,1.25449,100.00,0.100,-102.10,-1.021
78,SELL,1.25423,1.25623,100.00,0.500,-100.00,-1.000
79,SELL,1.25558,1.25758,98.00,0.100,-99.96,-1.020
80,SELL,1.25764,1.25960,96.04,0.100,-96.04,-1.000
81,SELL,1.25938,1.26138,96.00,0.300,-97.54,-1.016
82,SELL,1.26183,1.26380,94.56,0.100,-94.56,-1.000
83,SELL,1.26304,1.26504,94.00,0.100,184.90,1.967
84,SELL,1.26149,1.26349,96.00,0.100,-97.54,-1.016
85,SELL,1.26282,1.26482,96.00,0.100,-98.98,-1.031
86,BUY,1.26434,1.26234,94.00,0.200,-94.00,-1.000
87,SELL,1.26266,1.26466,94.00,0.200,-95.03,-1.011
88,SELL,1.26407,1.26607,92.00,0.200,-92.00,-1.000
89,SELL,1.26717,1.26916,91.54,0.200,185.84,2.030
90,BUY,1.25902,1.25702,94.00,0.200,-94.56,-1.006
91,BUY,1.25611,1.25411,92.00,0.200,-92.00,-1.000
92,BUY,1.25483,1.25283,92.00,0.200,184.18,2.002
93,SELL,1.25828,1.26028,94.00,0.400,-94.47,-1.005
94,SELL,1.25847,1.26047,92.00,0.600,-92.46,-1.005
95,BUY,1.25813,1.25613,92.00,0.200,-92.00,-1.000
96,BUY,1.25607,1.25412,87.75,0.200,182.25,2.077
97,SELL,1.26213,1.26413,92.00,0.400,181.98,1.978
98,SELL,1.26513,1.26713,94.00,0.200,186.97,1.989
99,SELL,1.26074,1.26274,96.00,0.200,-97.44,-1.015
100,SELL,1.26266,1.26464,93.06,0.200,-96.63,-1.038
101,BUY,1.26339,1.26140,93.53,0.600,188.47,2.015
102,SELL,1.27004,1.27203,95.52,0.200,192.48,2.015
103,BUY,1.26380,1.26180,98.00,0.200,-98.49,-1.005
104,SELL,1.26155,1.26355,96.00,0.200,-96.00,-1.000
105,BUY,1.26823,1.26623,96.00,0.200,-96.10,-1.001
106,SELL,1.26600,1.26800,94.00,0.600,-94.00,-1.000
107,BUY,1.26872,1.26673,93.53,0.200,-93.62,-1.001
108,SELL,1.26907,1.27107,92.00,0.400,182.99,1.989
109,SELL,1.26480,1.26677,92.59,0.200,-93.06,-1.005
110,SELL,1.26667,1.26867,94.00,0.600,188.47,2.005
111,BUY,1.26193,1.25994,95.52,0.400,-95.62,-1.001
112,SELL,1.26197,1.26397,94.00,0.200,-94.00,-1.000
113,BUY,1.26399,1.26199,94.00,0.200,187.91,1.999
114,SELL,1.26707,1.26907,96.00,0.200,-96.00,-1.000
115,SELL,1.26935,1.27135,94.00,0.200,-95.97,-1.021
116,BUY,1.27040,1.26840,94.00,0.600,189.41,2.015
117,BUY,1.27552,1.27353,95.52,0.400,-95.52,-1.000
118,BUY,1.27367,1.27167,94.00,0.600,189.41,2.015
119,SELL,1.27993,1.28192,95.52,0.400,-96.58,-1.011
120,SELL,1.28265,1.28465,96.00,0.200,-97.44,-1.015
121,SELL,1.28650,1.28850,94.00,0.200,-94.00,-1.000
122,BUY,1.28824,1.28626,93.06,0.200,-93.06,-1.000
123,SELL,1.28504,1.28703,91.54,0.400,183.45,2.004
124,SELL,1.28091,1.28289,93.06,0.200,187.91,2.019
125,BUY,1.27876,1.27676,96.00,0.500,-96.39,-1.004
126,SELL,1.27300,1.27499,95.52,0.100,190.36,1.993
127,BUY,1.27162,1.26962,98.00,0.600,-98.49,-1.005
128,BUY,1.26936,1.26736,96.00,0.100,193.44,2.015
129,BUY,1.27247,1.27047,98.00,0.500,196.00,2.000
130,BUY,1.27750,1.27550,100.00,0.600,-100.30,-1.003
131,BUY,1.26635,1.26435,100.00,0.100,-100.10,-1.001
132,BUY,1.26411,1.26211,98.00,0.200,-98.49,-1.005
133,BUY,1.25948,1.25748,98.00,0.100,196.39,2.004
134,SELL,1.26407,1.26606,99.50,0.100,-100.60,-1.011
135,SELL,1.26153,1.26353,98.00,0.100,-98.00,-1.000
136,SELL,1.26132,1.26332,98.00,0.500,-98.49,-1.005
137,SELL,1.26343,1.26542,95.52,0.100,191.32,2.003
138,BUY,1.25400,1.25201,97.51,0.100,196.29,2.013
139,SELL,1.25696,1.25896,100.00,0.100,-100.50,-1.005
140,BUY,1.26492,1.26294,99.00,0.200,-100.40,-1.014
141,SELL,1.26430,1.26625,95.55,1.700,199.43,2.087
142,SELL,1.26368,1.26568,100.00,0.100,-100.00,-1.000
143,SELL,1.26615,1.26814,99.50,0.400,-100.60,-1.011
144,SELL,1.26783,1.26978,95.55,0.100,-95.55,-1.000
145,SELL,1.25667,1.25867,98.00,0.100,196.00,2.000
146,SELL,1.25295,1.25494,99.50,0.400,-103.30,-1.038
147,BUY,1.25452,1.25252,98.00,0.300,-98.00,-1.000
148,SELL,1.25268,1.25468,98.00,0.100,-99.96,-1.020
149,BUY,1.24392,1.24192,96.00,0.100,192.38,2.004
150,SELL,1.24884,1.25082,97.02,0.100,196.98,2.030
151,BUY,1.24376,1.24178,99.00,0.100,-100.00,-1.010
152,BUY,1.24287,1.24088,99.50,0.300,200.90,2.019
153,BUY,1.24504,1.24305,101.49,0.100,-102.10,-1.006
154,SELL,1.23932,1.24132,100.00,0.600,-100.00,-1.000
155,SELL,1.24233,1.24432,99.50,0.100,-100.00,-1.005
156,BUY,1.24404,1.24205,97.51,0.100,-98.98,-1.015
157,SELL,1.23280,1.23480,98.00,0.100,-98.00,-1.000
158,SELL,1.24417,1.24616,95.52,0.100,-96.58,-1.011
159,SELL,1.24558,1.24756,95.04,0.100,-100.13,-1.054
160,BUY,1.25188,1.24990,93.06,0.500,-94.09,-1.011
161,BUY,1.25584,1.25384,94.00,0.500,-94.09,-1.001
162,BUY,1.25319,1.25121,91.08,0.100,-91.08,-1.000
163,BUY,1.24964,1.24766,91.08,0.100,-91.08,-1.000
164,SELL,1.24841,1.25040,89.55,0.100,-91.80,-1.025
165,SELL,1.25098,1.25296,89.10,0.600,-89.10,-1.000
166,BUY,1.25346,1.25146,88.00,0.100,-88.88,-1.010
167,SELL,1.25403,1.25602,87.56,0.600,-87.56,-1.000
168,SELL,1.25597,1.25796,85.57,0.100,-90.73,-1.060
169,BUY,1.25903,1.25703,86.00,0.100,-86.00,-1.000
170,BUY,1.25556,1.25360,84.28,0.200,-84.28,-1.000
171,BUY,1.25914,1.25715,83.58,0.200,-84.00,-1.005
172,BUY,1.25492,1.25292,84.00,0.400,-84.00,-1.000
173,BUY,1.24757,1.24557,82.00,0.100,-82.25,-1.003
174,BUY,1.24776,1.24578,81.18,0.100,164.82,2.030
175,SELL,1.25138,1.25338,84.00,0.100,-84.92,-1.011
176,SELL,1.25281,1.25481,82.00,0.300,-82.90,-1.011
177,BUY,1.25571,1.25372,81.59,0.100,164.74,2.019
178,SELL,1.26165,1.26364,83.58,0.100,-108.36,-1.296
179,SELL,1.26763,1.26962,81.59,0.500,-84.30,-1.033
180,SELL,1.26541,1.26741,82.00,0.300,-82.41,-1.005
181,SELL,1.26565,1.26765,80.00,0.400,-80.80,-1.010
182,SELL,1.26977,1.27177,80.00,0.100,-80.88,-1.011
183,BUY,1.27096,1.26898,77.22,0.400,-78.47,-1.016
184,SELL,1.27162,1.27362,78.00,0.400,-78.00,-1.000
185,BUY,1.27575,1.27375,78.00,0.400,-78.00,-1.000
186,BUY,1.27247,1.27047,76.00,0.400,-77.75,-1.023
187,BUY,1.26981,1.26781,76.00,0.400,152.00,2.000
188,SELL,1.27655,1.27855,78.00,0.400,-78.39,-1.005
189,SELL,1.27399,1.27598,75.62,0.300,152.38,2.015
190,SELL,1.27016,1.27216,78.00,0.400,-81.35,-1.043
191,SELL,1.27223,1.27422,77.61,0.100,-77.61,-1.000
192,BUY,1.27436,1.27236,76.00,0.800,-76.46,-1.006
193,BUY,1.27310,1.27110,76.00,0.200,152.00,2.000
194,SELL,1.28166,1.28366,78.00,0.400,156.00,2.000
195,SELL,1.27739,1.27939,78.00,0.100,-78.00,-1.000
196,BUY,1.27889,1.27690,77.61,0.100,-78.39,-1.010
197,SELL,1.27890,1.28090,78.00,0.200,-78.39,-1.005
198,SELL,1.27163,1.27363,76.00,0.100,-76.00,-1.000
199,BUY,1.27095,1.26896,75.62,0.400,152.38,2.015
200,SELL,1.27357,1.27556,77.61,0.200,-77.61,-1.000
201,BUY,1.28345,1.28145,76.00,0.700,-76.38,-1.005
202,BUY,1.27937,1.27739,75.24,0.200,-75.47,-1.003
203,SELL,1.27850,1.28049,73.63,0.100,-74.74,-1.015
204,BUY,1.27736,1.27537,73.63,0.100,-73.63,-1.000
205,SELL,1.27540,1.27740,74.00,0.100,147.19,1.989
206,BUY,1.26879,1.26679,74.00,0.400,-74.00,-1.000
207,SELL,1.27093,1.27292,73.63,0.400,148.37,2.015
208,BUY,1.26917,1.26718,75.62,0.400,152.68,2.019
209,BUY,1.26859,1.26660,77.61,0.300,-77.61,-1.000
210,BUY,1.26570,1.26371,75.62,0.100,-75.70,-1.001
211,BUY,1.26377,1.26178,75.62,0.300,152.76,2.020
212,SELL,1.26825,1.27025,78.00,0.300,-78.86,-1.011
213,BUY,1.26783,1.26586,74.86,0.300,-74.94,-1.001
214,SELL,1.26342,1.26541,75.62,0.300,-78.13,-1.033
215,BUY,1.26512,1.26312,74.00,0.300,-74.81,-1.011
216,BUY,1.26449,1.26249,74.00,0.300,-74.74,-1.010
217,BUY,1.26404,1.26204,74.00,0.300,147.93,1.999
218,BUY,1.26687,1.26487,74.00,0.300,-74.74,-1.010
219,BUY,1.26358,1.26159,73.63,0.300,-73.63,-1.000
220,BUY,1.26881,1.26682,73.63,0.300,148.37,2.015
221,BUY,1.27394,1.27195,73.63,0.300,148.82,2.021
222,BUY,1.28020,1.27821,75.62,0.100,152.68,2.019
223,SELL,1.28103,1.28300,76.83,0.300,-78.94,-1.027
224,SELL,1.29223,1.29423,78.00,0.300,-78.86,-1.011
225,SELL,1.29488,1.29688,76.00,0.100,-76.00,-1.000
226,SELL,1.29886,1.30086,76.00,0.100,150.70,1.983
227,BUY,1.29744,1.29548,76.44,0.200,157.56,2.061
228,SELL,1.30242,1.30442,78.00,0.300,153.82,1.972
229,BUY,1.29652,1.29452,80.00,0.300,-80.00,-1.000
230,SELL,1.29442,1.29642,80.00,0.200,160.80,2.010
231,BUY,1.29257,1.29057,80.00,0.300,-80.00,-1.000
232,BUY,1.29216,1.29017,79.60,0.300,-79.68,-1.001
233,BUY,1.29145,1.28945,80.00,0.100,-80.08,-1.001
234,SELL,1.28782,1.28982,78.00,0.300,-78.39,-1.005
235,BUY,1.29240,1.29040,78.00,0.200,-78.00,-1.000
236,BUY,1.28917,1.28717,76.00,0.300,-76.00,-1.000
237,BUY,1.28832,1.28632,76.00,0.300,-77.14,-1.015
238,BUY,1.28692,1.28492,76.00,0.300,-76.46,-1.006
239,SELL,1.28244,1.28444,74.00,0.300,-74.74,-1.010
240,BUY,1.28399,1.28201,73.26,0.200,-73.33,-1.001
241,BUY,1.28246,1.28048,73.26,0.300,-73.48,-1.003
242,SELL,1.28047,1.28247,72.00,0.300,144.72,2.010
243,BUY,1.28088,1.27888,74.00,0.300,-74.00,-1.000
244,BUY,1.27938,1.27740,73.26,0.300,-74.37,-1.015
245,SELL,1.27630,1.27830,72.00,0.300,-72.00,-1.000
246,SELL,1.27895,1.28095,72.00,0.100,144.00,2.000
247,BUY,1.27035,1.26835,74.00,0.300,-75.11,-1.015
248,BUY,1.26920,1.26722,71.28,0.300,-105.19,-1.476
249,BUY,1.26912,1.26712,72.00,0.300,-72.36,-1.005
250,BUY,1.27619,1.27420,69.65,0.700,140.28,2.014
251,SELL,1.28691,1.28890,71.64,0.500,145.01,2.024
252,SELL,1.28309,1.28509,74.00,0.500,-74.00,-1.000
253,SELL,1.28450,1.28650,72.00,0.700,-74.38,-1.033
254,SELL,1.28909,1.29108,71.64,0.300,-72.00,-1.005
255,SELL,1.29464,1.29664,72.00,1.400,-72.72,-1.010
256,BUY,1.29450,1.29250,70.00,0.500,140.35,2.005
257,SELL,1.29879,1.30079,72.00,0.500,-74.59,-1.036
258,BUY,1.30470,1.30270,72.00,0.300,147.24,2.045
259,BUY,1.30988,1.30789,71.64,0.700,-71.64,-1.000
260,SELL,1.31025,1.31225,72.00,0.300,-72.00,-1.000
261,SELL,1.31926,1.32126,72.00,0.700,-72.36,-1.005
262,SELL,1.32202,1.32402,70.00,0.700,-70.35,-1.005
263,SELL,1.31945,1.32143,69.30,0.700,140.70,2.030
264,SELL,1.31865,1.32065,72.00,0.700,144.65,2.009
265,SELL,1.31367,1.31567,72.00,0.700,144.65,2.009
266,BUY,1.31375,1.31176,73.63,0.700,148.52,2.017
267,SELL,1.31704,1.31904,76.00,0.700,-77.22,-1.016
268,SELL,1.31838,1.32037,73.63,0.700,-73.63,-1.000
269,BUY,1.32318,1.32118,74.00,0.200,-74.00,-1.000
270,BUY,1.32314,1.32114,74.00,0.300,-74.37,-1.005
271,SELL,1.31310,1.31510,72.00,0.700,143.57,1.994
272,BUY,1.30751,1.30551,74.00,0.300,-74.07,-1.001
273,BUY,1.30520,1.30320,74.00,0.600,148.00,2.000
274,BUY,1.31064,1.30864,74.00,0.600,147.93,1.999
275,BUY,1.31571,1.31372,75.62,0.600,152.68,2.019
276,SELL,1.32256,1.32455,77.61,0.300,-77.61,-1.000
277,BUY,1.32466,1.32267,77.61,0.400,-77.61,-1.000
278,SELL,1.32002,1.32201,75.62,0.600,-181.64,-2.402
279,SELL,1.31725,1.31925,74.00,0.600,-74.37,-1.005
280,BUY,1.32888,1.32688,74.00,0.600,148.67,2.009
281,SELL,1.32874,1.33074,76.00,0.300,-76.00,-1.000
282,BUY,1.33150,1.32951,73.63,0.600,-74.74,-1.015
283,SELL,1.33258,1.33457,73.63,0.600,-73.63,-1.000
284,BUY,1.33580,1.33381,71.64,0.600,144.36,2.015
285,BUY,1.33935,1.33738,72.89,0.600,-72.89,-1.000
286,SELL,1.33778,1.33978,74.00,0.600,-74.00,-1.000
287,BUY,1.33344,1.33144,72.00,0.600,-72.36,-1.005
288,BUY,1.33383,1.33184,71.64,0.600,144.72,2.020
289,BUY,1.34153,1.33953,74.00,0.600,-96.27,-1.301
290,BUY,1.34212,1.34013,71.64,0.600,-71.64,-1.000
291,SELL,1.33867,1.34066,71.64,0.600,-72.43,-1.011
292,BUY,1.34046,1.33847,71.64,0.600,-71.64,-1.000
293,SELL,1.33168,1.33364,68.60,0.600,141.75,2.066
294,BUY,1.32500,1.32302,71.28,0.600,145.01,2.034
295,SELL,1.32656,1.32856,74.00,0.600,-74.00,-1.000
296,BUY,1.32986,1.32786,72.00,0.600,-72.00,-1.000
297,BUY,1.32579,1.32379,72.00,0.600,-74.02,-1.028
298,BUY,1.31182,1.30988,69.84,0.600,-69.84,-1.000
299,SELL,1.31707,1.31907,70.00,0.600,143.50,2.050
300,SELL,1.31024,1.31223,71.64,0.600,-71.64,-1.000
301,SELL,1.31098,1.31298,72.00,0.400,144.00,2.000
302,SELL,1.30745,1.30945,72.00,0.600,-73.44,-1.020
303,SELL,1.30917,1.31114,70.92,0.600,-71.64,-1.010
304,BUY,1.30789,1.30590,71.64,0.600,-72.07,-1.006
305,BUY,1.30636,1.30436,70.00,0.600,-71.96,-1.028
306,BUY,1.30768,1.30570,69.30,0.600,-69.65,-1.005
307,BUY,1.30472,1.30273,69.65,0.600,140.21,2.013
308,SELL,1.30834,1.31032,69.30,0.300,142.73,2.060
309,BUY,1.30014,1.29815,71.64,0.600,-71.64,-1.000
310,SELL,1.29874,1.30073,71.64,0.600,-71.64,-1.000
311,BUY,1.30050,1.29850,70.00,0.400,140.63,2.009
312,SELL,1.30361,1.30560,71.64,0.600,-73.51,-1.026
313,BUY,1.30482,1.30282,72.00,0.600,-72.72,-1.010
314,BUY,1.29523,1.29323,70.00,0.600,139.93,1.999
315,BUY,1.29886,1.29686,72.00,0.600,-72.00,-1.000
316,SELL,1.29575,1.29774,71.64,0.600,144.72,2.020
317,SELL,1.29269,1.29467,71.28,0.600,-71.28,-1.000
318,SELL,1.29644,1.29844,72.00,0.600,-72.36,-1.005
319,BUY,1.29750,1.29550,72.00,0.600,-74.59,-1.036
320,BUY,1.29655,1.29455,70.00,0.600,-70.42,-1.006
321,SELL,1.29829,1.30029,70.00,0.600,-71.47,-1.021
322,BUY,1.29869,1.29672,66.98,0.300,-67.32,-1.005
323,SELL,1.29842,1.30041,67.66,0.600,137.36,2.030
324,SELL,1.29188,1.29387,69.65,0.600,141.05,2.025
325,SELL,1.28702,1.28902,72.00,0.600,-72.00,-1.000
326,SELL,1.28967,1.29167,70.00,0.400,-70.35,-1.005
327,BUY,1.29316,1.29116,70.00,0.600,139.93,1.999
328,SELL,1.29650,1.29850,72.00,0.600,-72.00,-1.000
329,SELL,1.30130,1.30330,70.00,0.600,-70.35,-1.005
330,SELL,1.28752,1.28952,70.00,0.600,-71.40,-1.020
331,BUY,1.29194,1.28995,67.66,0.600,-67.66,-1.000
332,BUY,1.28786,1.28586,68.00,0.600,136.34,2.005
333,BUY,1.29846,1.29646,70.00,0.600,-72.10,-1.030
334,SELL,1.29837,1.30037,68.00,0.300,135.25,1.989
335,SELL,1.29360,1.29560,70.00,0.600,140.00,2.000
336,BUY,1.28964,1.28766,71.28,0.600,-72.00,-1.010
337,SELL,1.28694,1.28894,70.00,0.600,139.58,1.994
338,BUY,1.28192,1.27992,72.00,0.300,-72.36,-1.005
339,BUY,1.27868,1.27668,72.00,0.300,-72.00,-1.000
340,SELL,1.27340,1.27540,70.00,0.600,-74.27,-1.061
341,BUY,1.27348,1.27148,70.00,0.600,-70.35,-1.005
342,BUY,1.27090,1.26890,70.00,0.600,-70.00,-1.000
343,BUY,1.26681,1.26482,67.66,0.600,-68.68,-1.015
344,SELL,1.26591,1.26790,67.66,0.600,-67.66,-1.000
345,BUY,1.26879,1.26681,67.32,0.300,-67.32,-1.000
346,BUY,1.26748,1.26548,66.00,0.700,-66.00,-1.000
347,BUY,1.26249,1.26051,65.34,0.400,-65.34,-1.000
348,BUY,1.26268,1.26070,65.34,0.600,132.99,2.035
349,BUY,1.26738,1.26539,65.67,0.600,-65.67,-1.000
350,BUY,1.26438,1.26238,66.00,0.700,132.66,2.010
351,BUY,1.26783,1.26615,57.12,2.400,-57.80,-1.012
352,BUY,1.26503,1.26304,65.67,0.600,-66.99,-1.020
353,SELL,1.26312,1.26512,66.00,0.600,-66.33,-1.005
354,BUY,1.26286,1.26086,66.00,0.600,-66.00,-1.000
355,SELL,1.26058,1.26258,64.00,0.600,127.30,1.989
356,SELL,1.25255,1.25454,65.67,0.600,-232.39,-3.539
357,BUY,1.25916,1.25717,63.68,0.600,-63.68,-1.000
358,SELL,1.25562,1.25762,64.00,0.600,-64.64,-1.010
359,BUY,1.25686,1.25487,61.69,0.600,124.31,2.015
360,SELL,1.25769,1.25968,63.68,0.600,128.32,2.015
361,BUY,1.25688,1.25489,63.68,1.200,128.96,2.025
362,SELL,1.26365,1.26564,65.67,0.500,-65.67,-1.000
363,SELL,1.26806,1.27006,66.00,0.600,-67.39,-1.021
364,BUY,1.27000,1.26801,63.68,0.600,128.64,2.020
365,BUY,1.26903,1.26703,66.00,0.600,-66.66,-1.010
366,BUY,1.26556,1.26357,65.67,0.600,132.33,2.015
367,BUY,1.26717,1.26517,66.00,0.600,-66.73,-1.011
368,BUY,1.26743,1.26543,66.00,0.600,132.00,2.000
369,BUY,1.26967,1.26767,68.00,0.600,136.48,2.007
370,SELL,1.27373,1.27572,67.66,0.600,-67.66,-1.000
371,SELL,1.27513,1.27713,68.00,0.600,-69.43,-1.021
372,BUY,1.27718,1.27518,68.00,0.700,-68.00,-1.000
373,BUY,1.27395,1.27196,65.67,0.600,-66.40,-1.011
374,SELL,1.27763,1.27963,66.00,0.600,-66.00,-1.000
375,BUY,1.27478,1.27279,65.67,0.600,-65.67,-1.000
376,SELL,1.27316,1.27514,63.36,0.600,-63.36,-1.000
377,SELL,1.27578,1.27777,63.68,0.600,128.64,2.020
378,SELL,1.27569,1.27765,64.68,0.400,-67.19,-1.039
379,BUY,1.27003,1.26804,63.68,0.600,-63.68,-1.000
380,BUY,1.26258,1.26059,63.68,0.300,128.64,2.020
381,SELL,1.26309,1.26508,65.67,0.400,-66.73,-1.016
382,BUY,1.26473,1.26273,64.00,0.600,128.32,2.005
383,SELL,1.26911,1.27110,65.67,0.600,-67.65,-1.030
384,BUY,1.27140,1.26940,66.00,0.600,-66.00,-1.000
385,BUY,1.25803,1.25604,63.68,0.500,128.45,2.017
386,BUY,1.26632,1.26432,66.00,0.600,-66.33,-1.005
387,BUY,1.26415,1.26221,64.02,0.600,-64.02,-1.000
388,SELL,1.25079,1.25279,64.00,0.600,-64.32,-1.005
389,BUY,1.25055,1.24857,63.36,0.500,128.64,2.030
390,SELL,1.26036,1.26236,66.00,0.400,135.23,2.049
391,SELL,1.25748,1.25946,65.34,0.600,132.66,2.030
392,BUY,1.25249,1.25051,67.32,0.500,137.97,2.049
393,BUY,1.25429,1.25229,70.00,0.500,-70.00,-1.000
394,SELL,1.25236,1.25435,67.66,0.500,-68.00,-1.005
395,BUY,1.25690,1.25490,68.00,0.500,-68.00,-1.000
396,SELL,1.25568,1.25767,67.66,0.500,136.34,2.015
397,SELL,1.25100,1.25300,68.00,0.500,-68.68,-1.010
398,BUY,1.25514,1.25315,67.66,0.700,-67.73,-1.001
399,SELL,1.23775,1.23975,68.00,0.500,-68.75,-1.011
400,BUY,1.23972,1.23773,65.67,0.500,132.59,2.019
401,SELL,1.24699,1.24899,68.00,0.500,-68.00,-1.000
402,BUY,1.25396,1.25196,68.00,0.500,-68.68,-1.010
403,BUY,1.25185,1.24985,66.00,0.600,132.26,2.004
404,BUY,1.25446,1.25246,68.00,0.500,-68.00,-1.000
405,SELL,1.24930,1.25130,68.00,0.500,135.59,1.994
406,SELL,1.23279,1.23477,67.32,0.500,-67.32,-1.000
407,SELL,1.23554,1.23753,67.66,0.500,135.12,1.997
408,BUY,1.22772,1.22572,70.00,0.500,-70.00,-1.000
409,SELL,1.23129,1.23327,67.32,0.500,135.93,2.019
410,SELL,1.21461,1.21660,69.65,0.500,-70.00,-1.005
411,BUY,1.21394,1.21194,70.00,0.500,141.05,2.015
412,BUY,1.21787,1.21591,68.60,0.300,142.73,2.081
413,SELL,1.22556,1.22756,72.00,0.800,144.72,2.010
414,BUY,1.22394,1.22194,74.00,0.500,-74.37,-1.005
415,BUY,1.22042,1.21844,71.28,0.500,-71.28,-1.000
416,BUY,1.22318,1.22118,72.00,0.500,-72.72,-1.010
417,SELL,1.22209,1.22409,72.00,0.500,144.36,2.005
418,BUY,1.21680,1.21482,71.28,0.500,144.65,2.029
419,BUY,1.22205,1.22005,74.00,0.500,-74.74,-1.010
420,BUY,1.22154,1.21954,74.00,0.400,149.48,2.020
421,SELL,1.22918,1.23118,76.00,0.500,-76.00,-1.000
422,BUY,1.23361,1.23161,74.00,0.600,-76.29,-1.031
423,SELL,1.22756,1.22955,73.63,0.500,-74.00,-1.005
424,SELL,1.23231,1.23431,72.00,0.500,-72.72,-1.010
425,SELL,1.23545,1.23745,72.00,0.500,-72.36,-1.005
426,BUY,1.24517,1.24319,71.28,0.500,-71.28,-1.000
427,SELL,1.25077,1.25277,70.00,0.500,140.35,2.005
428,BUY,1.24462,1.24264,71.28,0.600,-71.28,-1.000
429,BUY,1.24326,1.24127,71.64,0.500,-71.71,-1.001
430,BUY,1.24451,1.24252,69.65,0.500,-69.86,-1.003
431,SELL,1.24282,1.24481,69.65,0.600,-70.35,-1.010
432,BUY,1.24649,1.24449,70.00,0.500,-71.05,-1.015
433,SELL,1.24449,1.24648,67.66,0.500,135.93,2.009
434,SELL,1.24661,1.24861,70.00,0.500,140.00,2.000
435,SELL,1.24035,1.24234,71.64,0.500,359.93,5.024
436,SELL,1.22766,1.22966,74.00,0.600,-74.00,-1.000
437,BUY,1.22649,1.22450,73.63,0.700,148.74,2.020
438,BUY,1.23397,1.23197,76.00,0.600,152.00,2.000
439,SELL,1.23859,1.24057,77.22,0.500,-78.39,-1.015
440,SELL,1.23936,1.24136,76.00,0.500,-76.76,-1.010
441,BUY,1.24238,1.24039,75.62,0.600,-75.62,-1.000
442,SELL,1.23864,1.24064,74.00,0.500,-74.00,-1.000
443,BUY,1.25172,1.24973,73.63,0.600,-75.33,-1.023
444,SELL,1.24289,1.24489,74.00,0.600,152.44,2.060
445,BUY,1.24388,1.24188,74.00,0.700,168.28,2.274
446,SELL,1.24317,1.24516,75.62,0.500,-76.38,-1.010
447,BUY,1.24152,1.23953,75.62,0.600,-174.88,-2.313
448,SELL,1.23791,1.23991,74.00,0.300,147.56,1.994
449,SELL,1.23593,1.23792,75.62,0.500,-75.62,-1.000
450,SELL,1.24138,1.24337,73.63,0.500,-74.37,-1.010
451,SELL,1.24442,1.24642,74.00,0.500,-74.00,-1.000
452,BUY,1.24543,1.24345,73.26,0.500,-250.12,-3.414
453,BUY,1.24010,1.23810,70.00,0.800,-70.00,-1.000
454,BUY,1.24156,1.23957,69.65,0.600,140.35,2.015
455,BUY,1.24510,1.24312,71.28,0.500,-75.10,-1.054
456,SELL,1.24489,1.24689,70.00,0.700,-70.00,-1.000
457,BUY,1.25129,1.24929,70.00,0.600,-70.35,-1.005
458,BUY,1.25870,1.25670,70.00,1.500,141.40,2.020
459,BUY,1.26275,1.26075,70.00,0.500,-70.42,-1.006
460,BUY,1.25962,1.25762,70.00,0.500,141.68,2.024
461,SELL,1.26008,1.26207,71.64,0.600,-74.38,-1.038
462,BUY,1.26639,1.26440,69.65,0.400,-70.00,-1.005
463,SELL,1.26520,1.26719,69.65,0.200,-70.42,-1.011
464,SELL,1.26794,1.26993,69.65,0.400,140.70,2.020
465,SELL,1.26438,1.26637,69.65,0.200,-71.12,-1.021
466,BUY,1.26657,1.26457,70.00,0.200,-70.35,-1.005
467,BUY,1.26481,1.26282,69.65,0.200,140.70,2.020
468,BUY,1.26748,1.26549,69.65,0.400,-70.00,-1.005
469,SELL,1.26624,1.26824,70.00,0.300,-70.00,-1.000
470,BUY,1.26178,1.25978,70.00,0.200,-70.00,-1.000
471,BUY,1.25824,1.25625,67.66,0.300,-68.00,-1.005
472,BUY,1.25778,1.25578,68.00,0.500,136.61,2.009
473,BUY,1.26505,1.26306,69.65,0.200,140.35,2.015
474,BUY,1.26981,1.26781,70.00,0.200,140.28,2.004
475,BUY,1.27181,1.26982,71.64,0.200,144.36,2.015
476,BUY,1.27912,1.27712,74.00,0.400,-74.37,-1.005
477,BUY,1.27897,1.27697,72.00,0.300,144.36,2.005
478,SELL,1.28216,1.28415,73.63,0.200,-73.63,-1.000
479,SELL,1.28627,1.28827,74.00,0.200,-74.00,-1.000
480,SELL,1.28948,1.29148,72.00,0.400,-74.38,-1.033
481,BUY,1.29115,1.28916,71.64,0.200,-72.36,-1.010
482,BUY,1.28866,1.28667,71.64,0.200,145.01,2.024
483,BUY,1.29075,1.28876,71.64,0.200,-72.07,-1.006
484,BUY,1.28887,1.28687,72.00,0.200,144.36,2.005
485,SELL,1.29005,1.29204,73.63,0.200,-74.81,-1.016
486,BUY,1.29290,1.29090,72.00,0.200,144.29,2.004
487,SELL,1.29459,1.29656,72.89,0.200,-72.89,-1.000
488,SELL,1.29786,1.29986,74.00,0.400,145.93,1.972
489,BUY,1.29456,1.29257,73.63,0.200,-73.70,-1.001
490,BUY,1.29345,1.29145,74.00,0.200,-74.00,-1.000
491,SELL,1.29317,1.29516,73.63,0.400,-73.63,-1.000
492,SELL,1.29751,1.29951,72.00,0.400,-72.00,-1.000
493,SELL,1.29921,1.30121,72.00,0.200,144.36,2.005
494,SELL,1.29986,1.30186,74.00,0.200,147.93,1.999
495,BUY,1.29618,1.29419,73.63,0.200,148.37,2.015
496,SELL,1.29513,1.29712,75.62,0.200,-75.62,-1.000
497,BUY,1.29265,1.29066,75.62,0.400,-76.00,-1.005
498,SELL,1.28987,1.29187,74.00,0.200,-74.74,-1.010
499,BUY,1.29328,1.29132,72.52,0.400,-72.52,-1.000
500,BUY,1.29133,1.28933,74.00,0.400,148.37,2.005
501,BUY,1.29339,1.29139,74.00,1.900,-74.00,-1.000
502,BUY,1.29348,1.29150,73.26,1.800,-73.63,-1.005
503,SELL,1.29119,1.29319,74.00,1.800,145.56,1.967
504,SELL,1.29053,1.29253,74.00,1.900,-74.00,-1.000
505,SELL,1.29211,1.29411,74.00,1.800,-74.37,-1.005
506,SELL,1.29449,1.29649,74.00,1.800,-74.37,-1.005
507,SELL,1.29892,1.30092,72.00,1.800,144.00,2.000
508,SELL,1.29436,1.29636,74.00,1.900,-74.00,-1.000
509,BUY,1.29538,1.29338,74.00,1.800,-74.37,-1.005
510,SELL,1.29503,1.29703,72.00,1.800,-72.79,-1.011
511,SELL,1.29245,1.29445,72.00,1.800,143.21,1.989
512,BUY,1.29081,1.28881,74.00,1.900,148.00,2.000
513,SELL,1.29333,1.29531,73.26,1.800,-73.26,-1.000
514,BUY,1.30467,1.30267,74.00,1.800,-74.74,-1.010
515,BUY,1.30864,1.30664,74.00,1.800,148.00,2.000
516,BUY,1.31215,1.31015,74.00,1.800,148.00,2.000
517,BUY,1.31724,1.31524,76.00,1.800,-76.38,-1.005
518,SELL,1.31545,1.31745,76.00,1.800,-76.00,-1.000
519,BUY,1.31521,1.31321,74.00,1.800,-74.00,-1.000
520,SELL,1.31247,1.31447,74.00,1.800,148.37,2.005
521,SELL,1.30944,1.31143,75.62,1.900,-76.00,-1.005
522,SELL,1.30980,1.31179,73.63,1.800,148.37,2.015
523,BUY,1.30083,1.29883,76.00,1.800,152.38,2.005
524,SELL,1.30091,1.30291,78.00,1.800,156.39,2.005
525,SELL,1.28714,1.28913,79.60,1.800,-80.00,-1.005
526,BUY,1.29069,1.28870,77.61,1.900,-78.00,-1.005
527,BUY,1.28927,1.28727,78.00,1.800,-78.00,-1.000
528,BUY,1.28924,1.28724,76.00,1.900,152.38,2.005
529,SELL,1.29021,1.29221,78.00,1.800,156.00,2.000
530,BUY,1.28367,1.28169,79.20,1.800,-80.00,-1.010
531,SELL,1.28046,1.28246,80.00,1.800,-80.80,-1.010
532,BUY,1.27497,1.27297,78.00,1.800,-78.78,-1.010
533,BUY,1.27391,1.27191,78.00,1.800,156.39,2.005
534,SELL,1.27795,1.27995,80.00,1.800,-80.00,-1.000
535,BUY,1.27644,1.27444,78.00,2.200,-122.54,-1.571
536,BUY,1.28258,1.28059,77.61,1.800,-77.61,-1.000
537,BUY,1.28034,1.27837,74.86,1.800,-74.86,-1.000
538,SELL,1.27781,1.27981,76.00,1.800,-76.00,-1.000
539,SELL,1.27667,1.27867,74.00,1.900,-74.37,-1.005
540,SELL,1.28209,1.28409,74.00,1.800,-76.44,-1.033
541,BUY,1.28375,1.28175,74.00,1.900,148.00,2.000
542,SELL,1.29048,1.29248,74.00,1.800,-74.00,-1.000
543,SELL,1.29206,1.29406,74.00,1.800,-74.00,-1.000
544,SELL,1.29724,1.29924,74.00,1.800,148.00,2.000
545,SELL,1.29526,1.29726,74.00,1.800,-74.00,-1.000
546,BUY,1.29866,1.29667,73.63,1.800,-74.00,-1.005
547,SELL,1.29758,1.29957,73.63,1.800,-73.63,-1.000
548,SELL,1.29947,1.30146,71.64,1.800,-73.44,-1.025
549,BUY,1.30369,1.30169,72.00,1.800,-72.36,-1.005
550,SELL,1.29992,1.30192,72.00,1.800,-74.16,-1.030
551,SELL,1.30529,1.30729,70.00,1.800,-70.00,-1.000
552,BUY,1.30942,1.30743,69.65,1.800,-69.65,-1.000
553,SELL,1.30903,1.31103,68.00,1.800,-68.00,-1.000
554,BUY,1.30521,1.30323,67.32,1.800,-67.32,-1.000
555,SELL,1.30509,1.30708,67.66,1.800,-67.66,-1.000
556,BUY,1.30732,1.30532,66.00,1.800,-66.33,-1.005
557,SELL,1.31094,1.31294,66.00,2.000,-66.00,-1.000
558,SELL,1.31426,1.31625,65.67,1.800,-66.00,-1.005
559,SELL,1.31796,1.31995,63.68,1.800,-64.00,-1.005
560,BUY,1.31436,1.31237,63.68,1.800,-63.68,-1.000
561,BUY,1.31788,1.31588,64.00,1.800,128.58,2.009
562,SELL,1.32048,1.32248,64.00,1.800,-64.00,-1.000
563,SELL,1.32352,1.32551,63.68,1.800,-64.70,-1.016
564,BUY,1.32605,1.32406,63.68,2.000,-63.68,-1.000
565,SELL,1.32450,1.32650,64.00,1.800,125.89,1.967
566,SELL,1.32332,1.32531,63.68,1.800,-64.32,-1.010
567,BUY,1.32596,1.32398,63.36,1.800,-63.36,-1.000
568,BUY,1.32718,1.32518,62.00,2.200,123.94,1.999
569,BUY,1.33875,1.33677,63.36,2.000,-63.36,-1.000
570,BUY,1.34097,1.33898,63.68,1.800,-63.68,-1.000
571,SELL,1.33462,1.33661,61.69,2.000,126.42,2.049
572,SELL,1.32477,1.32677,64.00,1.800,-64.64,-1.010
573,SELL,1.33107,1.33307,64.00,1.800,-64.00,-1.000
574,SELL,1.32998,1.33198,62.00,1.800,-62.00,-1.000
575,BUY,1.32664,1.32465,61.69,1.800,-69.94,-1.134
576,BUY,1.33001,1.32801,62.00,1.800,124.31,2.005
577,BUY,1.33374,1.33175,61.69,1.800,-62.06,-1.006
578,SELL,1.33188,1.33388,62.00,1.800,-62.99,-1.016
579,SELL,1.33480,1.33679,61.69,1.900,-62.00,-1.005
580,BUY,1.33934,1.33734,60.00,1.800,120.00,2.000
581,SELL,1.33860,1.34059,61.69,1.800,-62.00,-1.005
582,BUY,1.34108,1.33910,61.38,1.900,-61.69,-1.005
583,SELL,1.33555,1.33753,59.40,1.800,120.60,2.030
584,SELL,1.32922,1.33120,61.38,1.800,-61.38,-1.000
585,SELL,1.32977,1.33176,61.69,1.800,144.71,2.346
586,BUY,1.32919,1.32720,61.69,1.900,-62.00,-1.005
587,BUY,1.33183,1.32983,62.00,1.800,-62.00,-1.000
588,SELL,1.32849,1.33048,61.69,1.800,-62.37,-1.011
589,SELL,1.32858,1.33057,61.69,1.800,-62.00,-1.005
590,BUY,1.32931,1.32735,58.80,2.100,-59.16,-1.006
591,BUY,1.32664,1.32465,59.70,1.800,120.30,2.015
592,BUY,1.33116,1.32917,61.69,1.800,124.93,2.025
593,SELL,1.33634,1.33834,62.00,1.800,-62.00,-1.000
594,BUY,1.33349,1.33149,62.00,1.800,124.00,2.000
595,BUY,1.33353,1.33153,62.00,1.800,-96.41,-1.555
596,SELL,1.33039,1.33239,62.00,1.800,-62.31,-1.005
597,SELL,1.33377,1.33575,61.38,1.800,124.93,2.035
598,BUY,1.32875,1.32676,61.69,1.800,-61.69,-1.000
599,SELL,1.32391,1.32590,61.69,1.800,-62.00,-1.005
600,BUY,1.32865,1.32666,61.69,1.800,-89.03,-1.443
601,SELL,1.32890,1.33090,60.00,2.000,120.30,2.005
602,BUY,1.32174,1.31975,61.69,2.000,124.31,2.015
603,SELL,1.33086,1.33286,62.00,2.000,-62.31,-1.005
604,BUY,1.33385,1.33186,61.69,2.100,-62.31,-1.010
605,BUY,1.32992,1.32793,61.69,1.800,-64.17,-1.040
606,BUY,1.32604,1.32404,62.00,2.100,124.43,2.007
607,BUY,1.32909,1.32720,58.59,1.800,-58.59,-1.000
608,SELL,1.32858,1.33053,60.45,2.000,-61.69,-1.021
609,BUY,1.32931,1.32731,62.00,1.800,-62.68,-1.011
610,BUY,1.32589,1.32390,59.70,2.100,120.24,2.014
611,SELL,1.32982,1.33178,60.76,2.000,-60.76,-1.000
612,SELL,1.33247,1.33447,62.00,2.100,-62.62,-1.010
613,BUY,1.33575,1.33375,60.00,2.100,120.30,2.005
614,SELL,1.33809,1.34009,62.00,1.800,123.94,1.999
615,SELL,1.33712,1.33912,62.00,2.100,-62.00,-1.000
616,SELL,1.34055,1.34252,61.07,2.100,-61.38,-1.005
617,SELL,1.34459,1.34653,60.14,2.100,123.81,2.059
618,SELL,1.34020,1.34215,60.45,1.800,-60.76,-1.005
619,BUY,1.34153,1.33957,60.76,1.900,125.49,2.065
620,SELL,1.34526,1.34725,63.68,2.100,-65.28,-1.025
621,BUY,1.34950,1.34752,61.38,2.100,124.93,2.035
622,SELL,1.35336,1.35536,64.00,2.100,-65.34,-1.021
623,BUY,1.35648,1.35456,61.44,2.100,-61.82,-1.006
624,SELL,1.35603,1.35803,62.00,2.000,124.00,2.000
625,SELL,1.35059,1.35259,64.00,2.000,127.94,1.999
626,SELL,1.35155,1.35355,66.00,2.100,132.00,2.000
627,SELL,1.34699,1.34899,66.00,1.800,-66.66,-1.010
628,BUY,1.34277,1.34081,64.68,1.800,133.32,2.061
629,SELL,1.34658,1.34858,68.00,2.000,-73.78,-1.085
630,SELL,1.34968,1.35168,66.00,1.900,131.27,1.989
631,SELL,1.34555,1.34754,67.66,2.000,-67.66,-1.000
632,BUY,1.34670,1.34472,67.32,1.800,136.61,2.029
633,SELL,1.35227,1.35427,68.00,1.900,-68.00,-1.000
634,BUY,1.35191,1.34991,68.00,2.100,-68.41,-1.006
635,BUY,1.35249,1.35049,68.00,2.100,-68.07,-1.001
636,SELL,1.35173,1.35373,66.00,1.800,-66.66,-1.010
637,BUY,1.35132,1.34932,66.00,2.400,132.66,2.010
638,SELL,1.35647,1.35847,68.00,2.000,-70.24,-1.033
639,BUY,1.35834,1.35639,64.35,1.800,-64.42,-1.001
640,SELL,1.35487,1.35684,65.01,2.100,-65.74,-1.011
641,BUY,1.35755,1.35560,64.35,1.900,-64.68,-1.005
642,SELL,1.35356,1.35556,64.00,2.100,-64.00,-1.000
643,SELL,1.35098,1.35295,63.04,2.100,-63.04,-1.000
644,SELL,1.35346,1.35546,64.00,2.000,128.00,2.000
645,SELL,1.35224,1.35424,64.00,2.200,-64.00,-1.000
646,SELL,1.35548,1.35745,63.04,2.000,-65.15,-1.033
647,BUY,1.35833,1.35633,64.00,2.100,-64.00,-1.000
648,SELL,1.35657,1.35856,61.69,2.000,-62.62,-1.015
649,SELL,1.35926,1.36125,61.69,2.100,-62.93,-1.020
650,BUY,1.35937,1.35737,62.00,1.900,-62.68,-1.011
651,BUY,1.35637,1.35438,59.70,1.900,-60.60,-1.015
652,SELL,1.35659,1.35859,60.00,2.100,120.90,2.015
653,SELL,1.35983,1.36180,61.07,1.800,140.68,2.304
654,SELL,1.35536,1.35734,61.38,2.100,-61.38,-1.000
655,BUY,1.35701,1.35501,62.00,2.100,127.41,2.055
656,BUY,1.35942,1.35742,64.00,2.100,-64.00,-1.000
657,BUY,1.35620,1.35421,61.69,2.000,-62.00,-1.005
658,SELL,1.34735,1.34935,62.00,1.900,124.62,2.010
659,BUY,1.34308,1.34119,60.48,2.100,132.42,2.189
660,BUY,1.34464,1.34264,64.00,2.100,-65.60,-1.025
661,BUY,1.34018,1.33818,64.00,2.000,129.28,2.020
662,BUY,1.34265,1.34065,66.00,2.000,132.00,2.000
663,SELL,1.34638,1.34837,65.67,2.200,-67.32,-1.025
664,SELL,1.34949,1.35143,64.02,2.000,134.64,2.103
665,BUY,1.34338,1.34142,66.64,2.000,-66.98,-1.005
666,SELL,1.34163,1.34360,65.01,1.900,-65.01,-1.000
667,SELL,1.34328,1.34528,66.00,2.000,132.66,2.010
668,SELL,1.33856,1.34055,67.66,2.100,-68.34,-1.010
669,SELL,1.34192,1.34387,64.35,1.800,-64.35,-1.000
670,SELL,1.34484,1.34684,66.00,2.000,-66.33,-1.005
671,SELL,1.34746,1.34944,65.34,2.000,-65.34,-1.000
672,BUY,1.35194,1.34994,64.00,2.000,128.26,2.004
673,BUY,1.35606,1.35406,66.00,2.000,132.66,2.010
674,BUY,1.35983,1.35785,67.32,1.900,139.06,2.066
675,BUY,1.36251,1.36051,68.00,1.800,-68.07,-1.001
676,BUY,1.36061,1.35861,68.00,2.000,136.00,2.000
677,SELL,1.36575,1.36774,69.65,2.100,-71.96,-1.033
678,BUY,1.37072,1.36877,66.30,2.000,138.04,2.082
679,BUY,1.37480,1.37280,70.00,1.800,-70.35,-1.005
680,BUY,1.37266,1.37068,69.30,1.900,141.05,2.035
681,SELL,1.37317,1.37517,70.00,2.000,-71.40,-1.020
682,BUY,1.37192,1.36993,69.65,2.000,-72.45,-1.040
683,SELL,1.37179,1.37378,69.65,2.000,-70.42,-1.011
684,SELL,1.37294,1.37494,68.00,2.000,136.34,2.005
685,BUY,1.37128,1.36928,70.00,2.100,140.28,2.004
686,BUY,1.37798,1.37599,71.64,2.000,-72.36,-1.010
687,SELL,1.37264,1.37461,68.95,2.000,-69.30,-1.005
688,BUY,1.37447,1.37247,70.00,2.000,-71.40,-1.020
689,SELL,1.37231,1.37419,65.80,1.800,144.20,2.191
690,SELL,1.36472,1.36672,70.00,2.100,-71.12,-1.016
691,SELL,1.36527,1.36727,70.00,2.000,-85.12,-1.216
692,SELL,1.36487,1.36684,68.95,2.000,142.10,2.061
693,SELL,1.36008,1.36207,69.65,2.100,-82.67,-1.187
694,BUY,1.36320,1.36120,70.00,2.000,-71.05,-1.015
695,SELL,1.35618,1.35818,70.00,2.000,-70.00,-1.000
696,BUY,1.35828,1.35630,67.32,1.800,-73.03,-1.085
697,SELL,1.35554,1.35754,68.00,2.000,136.34,2.005
698,BUY,1.35030,1.34834,68.60,1.800,-70.07,-1.021
699,SELL,1.34922,1.35121,67.66,1.900,136.68,2.020
700,SELL,1.34327,1.34527,70.00,2.000,-70.35,-1.005
701,BUY,1.34387,1.34190,66.98,1.800,-66.98,-1.000
702,SELL,1.33836,1.34035,67.66,1.900,-117.03,-1.730
703,BUY,1.34109,1.33909,68.00,2.200,-68.34,-1.005
704,BUY,1.33946,1.33746,66.00,2.000,-66.33,-1.005
705,BUY,1.34227,1.34028,65.67,1.900,-67.85,-1.033
706,SELL,1.34075,1.34269,64.02,1.800,-64.75,-1.011
707,BUY,1.34296,1.34096,64.00,1.900,129.28,2.020
708,SELL,1.34546,1.34744,65.34,1.900,133.32,2.040
709,BUY,1.34160,1.33960,68.00,1.900,136.61,2.009
710,BUY,1.34776,1.34577,67.66,2.000,136.27,2.014
711,SELL,1.35192,1.35391,69.65,1.800,-77.70,-1.116
712,BUY,1.35304,1.35105,69.65,2.100,141.75,2.035
713,SELL,1.35688,1.35888,70.00,1.800,-72.31,-1.033
714,BUY,1.35856,1.35658,69.30,1.900,-70.00,-1.010
715,BUY,1.35579,1.35380,69.65,1.900,-69.65,-1.000
716,SELL,1.35401,1.35601,68.00,2.000,-68.34,-1.005
717,BUY,1.35171,1.34971,68.00,2.000,-68.07,-1.001
718,BUY,1.34963,1.34765,65.34,2.000,-65.67,-1.005
719,BUY,1.34476,1.34276,66.00,1.900,-66.66,-1.010
720,BUY,1.34383,1.34188,64.35,1.900,-65.34,-1.015
721,BUY,1.34293,1.34093,66.00,2.000,-67.65,-1.025
722,BUY,1.34136,1.33936,64.00,1.900,-64.32,-1.005
723,BUY,1.33521,1.33322,63.68,1.800,-63.68,-1.000
724,BUY,1.33399,1.33201,63.36,2.100,-64.00,-1.010
725,BUY,1.33258,1.33061,61.07,2.000,124.87,2.045
726,BUY,1.33655,1.33455,64.00,2.000,-64.32,-1.005
727,BUY,1.33610,1.33411,63.68,1.900,-64.64,-1.015
728,SELL,1.32911,1.33107,60.76,1.900,-61.07,-1.005
729,SELL,1.32382,1.32581,61.69,2.000,-62.00,-1.005
730,SELL,1.32168,1.32365,61.07,1.900,-61.38,-1.005
731,BUY,1.32204,1.32004,60.00,1.900,-61.80,-1.030
732,BUY,1.31824,1.31625,59.70,2.000,-61.20,-1.025
733,SELL,1.32577,1.32773,58.80,2.000,121.20,2.061
734,BUY,1.32560,1.32364,58.80,0.500,121.20,2.061
735,SELL,1.32951,1.33151,62.00,0.300,-62.62,-1.010
736,BUY,1.32803,1.32605,61.38,0.300,-61.69,-1.005
737,BUY,1.32969,1.32774,58.50,0.400,121.44,2.076
738,BUY,1.33412,1.33212,62.00,1.900,186.74,3.012
739,BUY,1.34324,1.34124,64.00,2.000,-64.64,-1.010
740,SELL,1.34284,1.34484,62.00,1.900,-62.62,-1.010
741,BUY,1.34447,1.34247,62.00,1.900,-62.06,-1.001
742,SELL,1.34368,1.34568,62.00,1.800,-62.62,-1.010
743,BUY,1.34491,1.34293,61.38,1.800,-61.44,-1.001
744,SELL,1.34148,1.34348,60.00,1.900,-61.20,-1.020
745,SELL,1.34402,1.34596,58.20,1.800,-58.50,-1.005
746,BUY,1.35144,1.34945,59.70,1.900,-59.70,-1.000
747,BUY,1.34977,1.34783,56.26,1.800,118.90,2.113
748,BUY,1.35570,1.35371,59.70,1.900,-59.88,-1.003
749,BUY,1.35511,1.35311,60.00,1.800,-60.30,-1.005
750,SELL,1.35307,1.35500,55.97,1.800,-58.64,-1.048
751,SELL,1.35454,1.35652,57.42,1.800,-57.42,-1.000
752,BUY,1.35639,1.35439,58.00,1.900,-58.06,-1.001
753,SELL,1.35393,1.35593,56.00,1.800,111.38,1.989
754,SELL,1.34895,1.35090,56.55,1.800,-57.42,-1.015
755,SELL,1.35025,1.35225,58.00,1.900,-58.00,-1.000
756,BUY,1.35199,1.34999,56.00,1.900,-56.00,-1.000
757,BUY,1.34876,1.34679,55.16,2.600,-55.16,-1.000
758,BUY,1.34740,1.34540,56.00,1.800,-56.00,-1.000
759,BUY,1.34527,1.34327,56.00,1.900,-61.32,-1.095
760,BUY,1.34209,1.34011,53.46,1.800,-53.51,-1.001
761,BUY,1.34187,1.33987,54.00,1.900,118.80,2.200
762,BUY,1.34914,1.34714,56.00,1.900,-57.12,-1.020
763,BUY,1.34710,1.34510,54.00,1.800,-54.00,-1.000
764,SELL,1.34747,1.34947,54.00,1.900,107.68,1.994
765,SELL,1.34688,1.34884,54.88,1.800,-55.16,-1.005
766,SELL,1.34994,1.35194,54.00,1.900,-54.00,-1.000
767,BUY,1.35060,1.34862,53.46,1.900,-54.00,-1.010
768,BUY,1.35234,1.35037,53.19,1.900,-81.05,-1.524
769,SELL,1.34850,1.35050,52.00,1.900,-52.78,-1.015
770,BUY,1.35213,1.35018,50.70,1.800,-51.27,-1.011
771,SELL,1.33975,1.34175,52.00,1.900,-52.00,-1.000
772,SELL,1.34116,1.34315,51.74,1.900,-52.52,-1.015
773,BUY,1.34063,1.33863,50.00,1.800,-50.75,-1.015
774,SELL,1.33872,1.34069,49.25,1.900,100.20,2.035
775,SELL,1.34424,1.34623,51.74,1.800,-54.81,-1.059
776,SELL,1.34618,1.34818,50.00,0.300,-50.00,-1.000
777,BUY,1.34795,1.34595,50.00,0.200,-51.25,-1.025
778,BUY,1.35087,1.34887,50.00,0.400,-50.05,-1.001
779,SELL,1.35450,1.35649,49.75,0.200,-50.30,-1.011
780,SELL,1.35602,1.35798,47.04,0.300,-48.00,-1.020
781,SELL,1.35813,1.36011,47.52,0.300,96.48,2.030
782,SELL,1.35454,1.35649,48.75,0.200,-49.30,-1.011
783,SELL,1.35469,1.35668,47.76,0.400,94.90,1.987
784,SELL,1.35034,1.35233,49.75,0.200,-53.25,-1.070
785,BUY,1.35796,1.35599,47.28,0.400,-48.77,-1.032
786,BUY,1.35723,1.35525,47.52,0.200,-48.00,-1.010
787,BUY,1.35590,1.35393,47.28,0.200,-48.24,-1.020
788,SELL,1.35413,1.35610,47.28,0.400,-47.76,-1.010
789,BUY,1.35563,1.35364,47.76,0.500,96.96,2.030
790,SELL,1.36094,1.36294,48.00,0.200,-50.69,-1.056
791,SELL,1.36584,1.36781,47.28,0.200,-52.85,-1.118
792,SELL,1.36362,1.36560,45.54,0.200,-46.92,-1.030
793,SELL,1.35498,1.35696,45.54,2.100,92.64,2.034
794,BUY,1.34891,1.34692,47.76,0.200,-47.76,-1.000
795,SELL,1.34916,1.35114,45.54,0.200,-46.51,-1.021
796,BUY,1.35087,1.34888,45.77,0.500,-47.89,-1.046
797,BUY,1.35046,1.34847,45.77,0.400,-46.97,-1.026
798,SELL,1.34872,1.35072,46.00,0.200,92.69,2.015
799,BUY,1.34604,1.34408,45.08,0.200,-45.08,-1.000
800,SELL,1.34037,1.34233,45.08,0.200,-45.59,-1.011
801,SELL,1.34384,1.34584,46.00,0.200,-46.51,-1.011
802,BUY,1.34746,1.34548,45.54,0.200,92.69,2.035
803,SELL,1.35096,1.35292,45.08,0.200,94.30,2.092
804,BUY,1.34777,1.34578,45.77,0.400,-45.77,-1.000
805,SELL,1.34273,1.34466,44.39,0.200,-44.39,-1.000
806,BUY,1.34449,1.34249,46.00,2.200,91.95,1.999
807,BUY,1.34543,1.34343,46.00,0.200,-46.46,-1.010
808,SELL,1.34332,1.34532,46.00,0.200,-46.00,-1.000
809,SELL,1.34766,1.34963,45.31,0.500,92.69,2.046
810,BUY,1.34378,1.34184,44.62,0.400,-45.54,-1.021
811,SELL,1.34028,1.34221,44.39,0.300,-44.85,-1.010
812,SELL,1.34087,1.34287,46.00,0.300,-46.46,-1.010
813,BUY,1.33894,1.33703,43.93,0.300,-43.93,-1.000
814,BUY,1.33682,1.33483,45.77,0.200,-45.77,-1.000
815,BUY,1.33103,1.32905,43.56,0.400,-45.98,-1.056
816,BUY,1.33090,1.32893,43.34,0.400,-44.22,-1.020
817,SELL,1.33053,1.33251,43.56,0.200,88.88,2.040
818,SELL,1.33432,1.33632,44.00,0.400,-44.22,-1.005
819,BUY,1.33474,1.33275,43.78,0.500,-44.00,-1.005
820,SELL,1.33376,1.33574,43.56,0.200,-44.92,-1.031
821,SELL,1.32604,1.32803,43.78,0.200,-44.66,-1.020
822,SELL,1.32822,1.33019,41.37,0.200,-41.58,-1.005
823,SELL,1.34027,1.34227,42.00,2.100,-45.15,-1.075
824,SELL,1.34358,1.34558,42.00,0.400,-42.88,-1.021
825,BUY,1.34703,1.34503,42.00,0.400,-43.05,-1.025
826,SELL,1.34329,1.34529,42.00,0.200,84.84,2.020
827,BUY,1.33980,1.33780,42.00,0.400,-42.00,-1.000
828,BUY,1.33719,1.33519,42.00,0.400,-42.25,-1.006
829,SELL,1.33600,1.33791,40.11,2.100,86.18,2.149
830,BUY,1.33116,1.32916,42.00,0.300,91.98,2.190
831,SELL,1.33455,1.33649,42.68,0.200,91.30,2.139
832,SELL,1.33055,1.33255,44.00,0.400,-49.54,-1.126
833,BUY,1.33231,1.33033,43.56,0.400,88.40,2.029
834,BUY,1.33492,1.33296,43.12,0.300,-44.00,-1.020
835,BUY,1.32349,1.32150,43.78,0.400,-43.78,-1.000
836,SELL,1.32180,1.32377,43.34,0.200,-44.00,-1.015
837,SELL,1.32031,1.32229,41.58,0.200,84.84,2.040
838,BUY,1.31621,1.31422,43.78,0.200,-44.00,-1.005
839,SELL,1.31647,1.31840,42.46,0.200,89.28,2.103
840,BUY,1.31396,1.31196,44.00,0.200,-44.48,-1.011
841,BUY,1.31199,1.30999,44.00,0.300,88.00,2.000
842,SELL,1.31380,1.31580,44.00,0.400,88.40,2.009
843,SELL,1.30272,1.30472,46.00,0.400,-46.92,-1.020
844,SELL,1.30455,1.30652,45.31,0.200,-48.21,-1.064
845,BUY,1.30914,1.30717,43.34,0.400,-43.56,-1.005
846,SELL,1.31042,1.31239,43.34,0.200,-43.56,-1.005
847,SELL,1.31292,1.31492,44.00,0.400,-45.10,-1.025
848,SELL,1.31628,1.31828,44.00,0.200,-44.92,-1.021
849,SELL,1.31545,1.31742,41.37,0.300,-41.58,-1.005
850,SELL,1.31609,1.31809,42.00,0.500,84.21,2.005
851,SELL,1.31468,1.31663,42.90,0.200,-44.88,-1.046
852,SELL,1.31732,1.31929,41.37,0.200,84.17,2.035
853,BUY,1.31463,1.31263,44.00,0.300,-45.10,-1.025
854,SELL,1.31364,1.31553,41.58,0.400,-43.91,-1.056
855,SELL,1.31633,1.31827,40.74,0.200,-40.74,-1.000
856,BUY,1.31945,1.31745,42.00,0.200,-42.46,-1.011
857,SELL,1.31479,1.31675,41.16,0.400,-42.84,-1.041
858,BUY,1.31727,1.31527,42.00,0.200,-42.00,-1.000
859,SELL,1.31686,1.31886,42.00,0.200,84.00,2.000
860,BUY,1.31562,1.31362,42.00,0.400,-42.04,-1.001
861,BUY,1.31616,1.31416,42.00,0.200,-43.09,-1.026
862,BUY,1.31524,1.31324,42.00,0.200,-42.46,-1.011
863,BUY,1.30781,1.30581,40.00,0.300,-40.00,-1.000
864,BUY,1.30834,1.30635,39.80,0.200,-40.44,-1.016
865,SELL,1.30581,1.30780,39.80,0.200,-40.60,-1.020
866,SELL,1.30879,1.31079,40.00,0.200,-40.00,-1.000
867,BUY,1.31120,1.30921,39.80,0.500,80.60,2.025
868,BUY,1.32085,1.31885,40.00,0.400,-40.60,-1.015
869,SELL,1.31907,1.32106,39.80,0.500,80.20,2.015
870,SELL,1.32003,1.32202,39.80,0.200,-41.60,-1.045
871,SELL,1.32081,1.32272,38.20,0.200,-38.20,-1.000
872,BUY,1.32257,1.32057,40.00,0.400,80.28,2.007
873,SELL,1.32358,1.32558,40.00,0.200,-41.68,-1.042
874,BUY,1.32583,1.32385,39.60,0.200,-39.80,-1.005
875,BUY,1.32118,1.31918,40.00,0.400,-40.64,-1.016
876,SELL,1.32068,1.32267,39.80,0.200,-40.24,-1.011
877,BUY,1.32866,1.32666,38.00,0.200,76.95,2.025
878,SELL,1.33308,1.33508,40.00,0.200,-43.00,-1.075
879,BUY,1.33330,1.33136,38.80,0.400,82.40,2.124
880,SELL,1.33398,1.33598,40.00,0.400,-40.44,-1.011
881,SELL,1.33549,1.33749,40.00,0.200,81.56,2.039
882,BUY,1.33317,1.33121,39.20,0.200,-39.20,-1.000
883,BUY,1.33168,1.32969,39.80,0.200,-39.84,-1.001
884,BUY,1.33000,1.32801,39.80,3.200,80.16,2.014
885,BUY,1.33910,1.33711,39.80,0.400,-39.80,-1.000
886,SELL,1.33717,1.33917,40.00,0.200,-40.44,-1.011
887,BUY,1.33915,1.33725,38.00,0.200,-38.00,-1.000
888,SELL,1.33695,1.33893,39.60,0.200,-40.60,-1.025
889,BUY,1.34278,1.34079,37.81,0.200,-38.19,-1.010
890,BUY,1.34225,1.34025,38.00,0.400,-39.33,-1.035
891,SELL,1.33272,1.33472,38.00,0.300,-38.19,-1.005
892,BUY,1.34221,1.34021,38.00,0.200,-38.38,-1.010
893,BUY,1.33859,1.33667,36.48,0.400,-36.52,-1.001
894,BUY,1.33823,1.33623,36.00,0.200,-36.36,-1.010
895,SELL,1.33842,1.34041,35.82,0.200,-64.84,-1.810
896,SELL,1.33774,1.33974,36.00,0.400,-36.72,-1.020
897,BUY,1.34756,1.34556,36.00,0.500,72.72,2.020
898,SELL,1.35103,1.35302,35.82,0.300,-37.48,-1.046
899,SELL,1.35338,1.35536,35.64,0.500,72.54,2.035
900,SELL,1.34973,1.35172,35.82,0.400,-68.73,-1.919
901,BUY,1.34811,1.34611,36.00,0.200,72.36,2.010
902,SELL,1.34872,1.35072,36.00,0.200,-36.00,-1.000
903,BUY,1.34970,1.34774,35.28,0.400,-35.28,-1.000
904,SELL,1.34869,1.35067,35.64,0.300,-36.90,-1.035
905,BUY,1.34987,1.34790,35.46,0.200,-35.46,-1.000
906,SELL,1.34826,1.35025,35.82,0.200,-35.82,-1.000
907,SELL,1.35050,1.35247,33.49,0.200,-33.86,-1.011
908,BUY,1.34632,1.34434,33.66,0.500,-34.00,-1.010
909,SELL,1.34290,1.34489,33.83,0.200,-34.17,-1.010
910,BUY,1.34483,1.34286,33.49,0.200,68.51,2.046
911,BUY,1.34321,1.34121,34.00,0.400,68.17,2.005
912,BUY,1.35293,1.35096,35.46,0.400,-35.50,-1.001
913,BUY,1.34961,1.34766,33.15,0.200,-33.15,-1.000
914,BUY,1.34779,1.34579,34.00,0.200,-34.34,-1.010
915,SELL,1.34612,1.34812,34.00,0.400,68.17,2.005
916,SELL,1.34126,1.34326,34.00,0.200,-34.17,-1.005
917,BUY,1.34074,1.33881,32.81,0.200,70.35,2.144
918,BUY,1.34736,1.34537,35.82,0.400,-36.72,-1.025
919,SELL,1.34277,1.34473,33.32,0.200,-33.69,-1.011
920,BUY,1.34397,1.34198,33.83,0.200,-34.61,-1.023
921,SELL,1.34082,1.34277,33.15,0.200,69.02,2.082
922,BUY,1.33806,1.33606,34.00,0.200,-63.27,-1.861
923,SELL,1.34002,1.34200,33.66,0.400,-33.83,-1.005
924,BUY,1.34333,1.34133,34.00,0.300,68.00,2.000
925,BUY,1.34754,1.34555,33.83,0.300,-34.51,-1.020
926,BUY,1.34610,1.34412,33.66,0.200,-34.00,-1.010
927,SELL,1.34652,1.34852,34.00,0.200,68.00,2.000
928,SELL,1.34384,1.34584,34.00,0.400,-34.00,-1.000
929,SELL,1.34229,1.34424,33.15,0.400,-33.32,-1.005
930,BUY,1.34470,1.34270,34.00,0.300,-34.17,-1.005
931,SELL,1.34210,1.34409,33.83,0.200,-33.83,-1.000
932,SELL,1.34688,1.34887,33.83,0.200,-34.00,-1.005
933,SELL,1.35247,1.35439,30.72,0.200,-30.88,-1.005
934,SELL,1.36865,1.37061,31.36,0.200,-31.84,-1.015
935,BUY,1.37062,1.36862,32.00,0.200,-32.80,-1.025
936,BUY,1.36810,1.36611,31.84,0.400,64.29,2.019
937,BUY,1.37782,1.37586,31.36,0.200,65.12,2.077
938,BUY,1.38474,1.38275,33.83,2.100,-34.71,-1.026
939,SELL,1.38277,1.38477,32.00,0.400,64.00,2.000
940,SELL,1.37790,1.37989,33.83,0.300,-33.83,-1.000
941,BUY,1.37581,1.37384,33.49,0.200,68.68,2.051
942,SELL,1.38012,1.38211,33.83,0.400,-34.95,-1.033
943,SELL,1.38044,1.38242,33.66,0.400,-34.34,-1.020
944,BUY,1.38328,1.38131,31.52,0.400,-31.52,-1.000
945,BUY,1.37950,1.37751,31.84,0.200,-32.00,-1.005
946,SELL,1.38030,1.38230,32.00,0.400,63.65,1.989
947,BUY,1.37527,1.37327,32.00,0.200,-32.16,-1.005
948,BUY,1.36760,1.36566,31.04,0.400,-32.32,-1.041
949,BUY,1.36525,1.36326,31.84,0.200,-31.84,-1.000
950,BUY,1.36756,1.36556,32.00,0.400,-32.96,-1.030
951,BUY,1.36541,1.36346,31.20,0.200,65.28,2.092
952,BUY,1.36914,1.36716,31.68,0.200,64.45,2.034
953,SELL,1.36644,1.36843,33.83,0.200,67.73,2.002
954,SELL,1.36116,1.36313,33.49,0.500,-33.49,-1.000
955,BUY,1.36232,1.36033,33.83,0.200,-34.51,-1.020
956,BUY,1.35620,1.35422,33.66,0.300,68.34,2.030
957,SELL,1.35790,1.35986,33.32,0.200,68.68,2.061
958,SELL,1.35293,1.35491,33.66,0.200,-33.66,-1.000
959,SELL,1.35217,1.35417,34.00,0.500,-34.00,-1.000
960,BUY,1.35759,1.35565,32.98,0.300,69.70,2.113
961,BUY,1.36041,1.35843,33.66,0.400,68.51,2.035
962,BUY,1.36670,1.36470,36.00,0.200,-37.12,-1.031
963,BUY,1.36373,1.36174,33.83,0.400,68.34,2.020
964,BUY,1.36683,1.36487,35.28,0.200,73.62,2.087
965,BUY,1.36609,1.36414,35.10,0.200,-35.10,-1.000
966,SELL,1.36411,1.36607,35.28,0.200,-35.28,-1.000
967,BUY,1.36421,1.36222,35.82,0.300,-35.82,-1.000
968,SELL,1.36238,1.36437,35.82,0.400,-37.84,-1.056
969,SELL,1.36316,1.36513,33.49,0.200,-35.53,-1.061
970,BUY,1.36441,1.36241,34.00,0.500,-34.68,-1.020
971,SELL,1.35944,1.36140,33.32,0.200,69.02,2.071
972,SELL,1.35504,1.35703,33.83,0.200,68.34,2.020
973,BUY,1.35559,1.35362,35.46,0.500,-35.64,-1.005
974,SELL,1.34944,1.35144,34.00,0.200,68.00,2.000
975,SELL,1.34597,1.34797,36.00,0.200,-37.12,-1.031
976,BUY,1.34846,1.34647,35.82,0.200,-36.72,-1.025
977,SELL,1.34616,1.34815,33.83,0.200,-33.83,-1.000
978,BUY,1.35078,1.34878,34.00,0.200,-34.34,-1.010
979,SELL,1.34831,1.35029,33.66,0.400,-35.73,-1.061
980,SELL,1.34892,1.35092,34.00,0.500,-34.00,-1.000
981,BUY,1.35182,1.34982,34.00,0.200,-34.00,-1.000
982,BUY,1.34963,1.34765,33.66,0.500,69.19,2.056
983,SELL,1.35673,1.35873,34.00,0.500,68.51,2.015
984,SELL,1.35288,1.35484,33.32,0.200,-34.51,-1.036
985,BUY,1.35483,1.35287,33.32,0.200,-33.49,-1.005
986,SELL,1.34506,1.34706,34.00,0.200,-34.51,-1.015
987,SELL,1.34026,1.34226,34.00,0.500,-35.02,-1.030
988,BUY,1.34496,1.34297,33.83,0.500,-34.17,-1.010
989,BUY,1.33601,1.33404,31.52,0.300,-32.16,-1.020
990,BUY,1.33978,1.33779,31.84,0.200,-32.00,-1.005
991,SELL,1.34126,1.34324,31.68,0.200,64.96,2.051
992,BUY,1.33091,1.32891,32.00,0.200,-32.16,-1.005
993,SELL,1.33046,1.33241,31.20,0.300,65.44,2.097
994,SELL,1.33083,1.33282,33.83,0.200,68.17,2.015
995,SELL,1.33537,1.33736,33.83,0.400,68.31,2.019
996,BUY,1.33435,1.33237,33.66,0.400,68.68,2.040
997,BUY,1.33788,1.33589,35.82,0.200,-36.18,-1.010
998,BUY,1.33693,1.33493,34.00,0.200,-34.34,-1.010
999,BUY,1.33839,1.33639,34.00,0.400,-34.85,-1.025
1000,BUY,1.33391,1.33194,33.49,0.500,-35.36,-1.056
1001,BUY,1.33639,1.33442,33.49,0.200,-34.85,-1.041
1002,BUY,1.33516,1.33316,34.00,0.300,-34.68,-1.020
1003,SELL,1.33321,1.33517,33.32,0.400,-34.00,-1.020
1004,SELL,1.33663,1.33863,32.00,0.400,64.00,2.000
1005,SELL,1.33134,1.33334,34.00,0.300,-34.00,-1.000
1006,BUY,1.33332,1.33133,33.83,0.100,68.17,2.015
1007,BUY,1.33650,1.33450,34.00,0.100,68.34,2.010
1008,BUY,1.33897,1.33697,34.00,0.100,-87.24,-2.566
1009,BUY,1.32991,1.32791,34.00,0.200,68.00,2.000
1010,SELL,1.33313,1.33510,33.49,0.000,-33.66,-1.005
1011,SELL,1.33597,1.33797,34.00,0.000,-34.00,-1.000
1012,SELL,1.33636,1.33834,33.66,0.100,-33.83,-1.005
1013,SELL,1.33895,1.34095,34.00,0.000,-34.00,-1.000
1014,BUY,1.34416,1.34217,31.84,0.100,-31.87,-1.001
1015,BUY,1.34329,1.34129,32.00,0.100,64.00,2.000
1016,SELL,1.34647,1.34847,34.00,0.000,68.00,2.000
1017,SELL,1.34215,1.34415,34.00,0.100,-34.17,-1.005
1018,SELL,1.34465,1.34665,34.00,0.100,68.00,2.000
1019,BUY,1.34026,1.33826,34.00,0.100,-34.27,-1.008
1020,SELL,1.33659,1.33859,34.00,0.000,-34.34,-1.010
1021,SELL,1.33735,1.33935,34.00,0.100,67.63,1.989
1022,BUY,1.33266,1.33067,33.83,0.000,-34.00,-1.005
1023,BUY,1.32583,1.32383,34.00,0.100,-34.00,-1.000
1024,SELL,1.32467,1.32667,34.00,0.500,-34.37,-1.011
1025,BUY,1.32785,1.32585,34.00,0.500,68.00,2.000
1026,SELL,1.33100,1.33298,33.66,0.500,-34.00,-1.010
1027,SELL,1.33463,1.33662,33.83,0.600,-34.20,-1.011
1028,BUY,1.33565,1.33366,33.83,0.600,-34.00,-1.005
1029,BUY,1.33353,1.33154,31.84,1.600,-32.16,-1.010
1030,SELL,1.33216,1.33416,32.00,0.500,-32.00,-1.000
1031,SELL,1.33417,1.33617,32.00,0.600,64.00,2.000
1032,BUY,1.32662,1.32462,32.00,0.600,-32.00,-1.000
1033,SELL,1.32653,1.32853,32.00,0.600,-32.00,-1.000
1034,SELL,1.32783,1.32983,32.00,0.400,-36.96,-1.155
1035,SELL,1.32963,1.33162,31.84,0.600,-32.64,-1.025
1036,SELL,1.32892,1.33090,31.68,0.600,-32.00,-1.010
1037,SELL,1.33643,1.33843,32.00,0.200,-32.00,-1.000
1038,BUY,1.34182,1.33982,30.00,0.500,60.00,2.000
1039,BUY,1.34195,1.33997,31.68,0.500,-31.68,-1.000
1040,SELL,1.34082,1.34282,32.00,0.600,-32.00,-1.000
1041,BUY,1.34303,1.34103,30.00,0.600,-30.00,-1.000
1042,SELL,1.33499,1.33698,29.85,0.600,60.15,2.015
1043,BUY,1.33280,1.33080,32.00,0.400,-39.71,-1.241
1044,SELL,1.33243,1.33443,30.00,0.900,60.00,2.000
1045,SELL,1.32907,1.33107,32.00,0.600,-33.12,-1.035
1046,BUY,1.33121,1.32923,31.68,0.600,-32.00,-1.010
1047,SELL,1.33552,1.33751,29.85,0.900,-30.15,-1.010
1048,BUY,1.33810,1.33610,30.00,0.500,-30.15,-1.005
1049,BUY,1.34045,1.33845,30.00,0.400,60.15,2.005
1050,SELL,1.33883,1.34083,30.00,0.500,-30.00,-1.000
1051,BUY,1.34188,1.33988,30.00,0.600,-30.18,-1.006
1052,SELL,1.33983,1.34178,29.25,0.600,-30.00,-1.026
1053,SELL,1.33928,1.34128,30.00,0.600,-30.00,-1.000
1054,BUY,1.33947,1.33748,29.85,0.500,-30.00,-1.005
1055,SELL,1.33627,1.33825,29.70,0.400,-30.15,-1.015
1056,SELL,1.33768,1.33968,28.00,0.600,-28.42,-1.015
1057,BUY,1.34082,1.33882,28.00,0.900,-28.00,-1.000
1058,SELL,1.33962,1.34161,27.86,0.600,-27.86,-1.000
1059,SELL,1.34158,1.34358,28.00,0.600,56.42,2.015
1060,BUY,1.33814,1.33614,28.00,0.600,-28.00,-1.000
1061,BUY,1.33647,1.33447,28.00,0.600,-28.14,-1.005
1062,BUY,1.33239,1.33039,28.00,0.600,56.00,2.000
1063,SELL,1.33533,1.33731,27.72,0.600,-27.72,-1.000
1064,SELL,1.33402,1.33602,28.00,0.600,-28.14,-1.005
1065,BUY,1.33355,1.33155,28.00,0.600,-28.28,-1.010
1066,BUY,1.32763,1.32563,28.00,0.600,56.00,2.000
1067,BUY,1.33128,1.32929,27.86,0.600,-28.42,-1.020
1068,BUY,1.32549,1.32350,27.86,0.600,-27.86,-1.000
1069,SELL,1.32288,1.32488,28.00,0.600,56.00,2.000
1070,BUY,1.31929,1.31729,28.00,0.600,-28.03,-1.001
1071,BUY,1.32020,1.31820,28.00,0.600,56.00,2.000
1072,SELL,1.32345,1.32545,28.00,0.600,-28.00,-1.000
1073,BUY,1.32543,1.32343,28.00,0.600,-28.00,-1.000
1074,SELL,1.32359,1.32559,28.00,0.600,56.14,2.005
1075,SELL,1.32352,1.32552,28.00,0.600,-28.31,-1.011
1076,BUY,1.32729,1.32530,27.86,0.600,56.42,2.025
1077,SELL,1.33353,1.33553,28.00,0.600,56.00,2.000
1078,SELL,1.33019,1.33219,30.00,0.600,59.01,1.967
1079,SELL,1.32528,1.32726,29.70,0.600,60.30,2.030
1080,SELL,1.32002,1.32202,30.00,0.600,-30.00,-1.000
1081,SELL,1.32293,1.32493,30.00,0.600,-30.45,-1.015
1082,SELL,1.32092,1.32291,29.85,0.600,-30.18,-1.011
1083,BUY,1.32300,1.32100,30.00,0.600,60.12,2.004
1084,BUY,1.32749,1.32549,30.00,0.600,-30.00,-1.000
1085,BUY,1.32441,1.32243,29.70,0.600,61.35,2.066
1086,BUY,1.32844,1.32644,30.00,0.600,62.97,2.099
1087,SELL,1.33715,1.33913,31.68,0.400,-31.84,-1.005
1088,BUY,1.33991,1.33791,32.00,0.900,-32.00,-1.000
1089,BUY,1.33906,1.33706,30.00,0.500,60.15,2.005
1090,SELL,1.34283,1.34483,32.00,0.600,-32.32,-1.010
1091,BUY,1.34525,1.34325,30.00,0.600,-30.30,-1.010
1092,BUY,1.34408,1.34210,29.70,0.600,-29.70,-1.000
1093,BUY,1.34242,1.34042,30.00,0.600,-30.00,-1.000
1094,SELL,1.33978,1.34175,29.55,0.600,-29.55,-1.000
1095,BUY,1.34382,1.34183,29.85,0.600,-30.03,-1.006
1096,BUY,1.34586,1.34387,29.85,0.600,-109.98,-3.684
1097,BUY,1.33978,1.33778,28.00,0.600,56.14,2.005
1098,BUY,1.34223,1.34025,27.72,0.600,56.42,2.035
1099,SELL,1.35002,1.35202,30.00,0.600,-30.63,-1.021
1100,BUY,1.35230,1.35030,30.00,0.500,60.15,2.005
1101,SELL,1.35692,1.35890,29.70,0.600,-30.00,-1.010
1102,SELL,1.35814,1.36014,30.00,0.600,58.68,1.956
1103,BUY,1.35264,1.35067,29.55,0.600,-29.88,-1.011
1104,SELL,1.35241,1.35438,29.55,0.300,-29.85,-1.010
1105,BUY,1.35718,1.35520,29.70,0.600,-29.70,-1.000
1106,BUY,1.34807,1.34608,29.85,0.900,60.45,2.025
1107,BUY,1.35171,1.34971,30.00,0.600,-30.48,-1.016
1108,BUY,1.34849,1.34651,29.70,0.600,60.75,2.045
1109,SELL,1.35085,1.35285,30.00,0.600,-30.33,-1.011
1110,BUY,1.35290,1.35091,29.85,0.600,-30.45,-1.020
1111,SELL,1.35069,1.35269,30.00,0.600,59.16,1.972
1112,SELL,1.34752,1.34952,30.00,0.600,-30.15,-1.005
1113,BUY,1.35012,1.34813,29.85,0.500,60.27,2.019
1114,SELL,1.35433,1.35632,29.85,0.600,-30.15,-1.010
1115,BUY,1.35482,1.35283,29.85,0.600,-29.88,-1.001
1116,SELL,1.34919,1.35119,30.00,0.600,-30.00,-1.000
1117,SELL,1.35089,1.35289,30.00,0.600,59.82,1.994
1118,SELL,1.34730,1.34929,29.85,0.600,-30.84,-1.033
1119,SELL,1.34743,1.34943,30.00,0.600,-30.00,-1.000
1120,SELL,1.34929,1.35128,29.85,0.600,-30.00,-1.005
1121,SELL,1.35118,1.35317,29.85,0.600,-29.85,-1.000
1122,SELL,1.35214,1.35412,27.72,0.600,-27.86,-1.005
1123,SELL,1.35794,1.35994,28.00,0.600,-28.14,-1.005
1124,BUY,1.36038,1.35838,28.00,0.600,56.00,2.000
1125,SELL,1.36512,1.36710,27.72,0.600,56.70,2.045
1126,BUY,1.35816,1.35616,30.00,0.600,-30.33,-1.011
1127,SELL,1.35488,1.35686,29.70,0.600,-29.85,-1.005
1128,BUY,1.35556,1.35356,28.00,0.600,-28.42,-1.015
1129,SELL,1.35375,1.35574,27.86,0.600,-28.17,-1.011
1130,BUY,1.35558,1.35360,27.72,0.200,-27.89,-1.006
1131,BUY,1.35776,1.35576,28.00,0.600,56.28,2.010
1132,SELL,1.36270,1.36470,28.00,0.600,56.14,2.005
1133,BUY,1.35948,1.35748,30.00,0.600,-30.09,-1.003
1134,BUY,1.35828,1.35628,28.00,0.600,-28.00,-1.000
1135,SELL,1.35697,1.35895,27.72,0.600,-27.72,-1.000
1136,SELL,1.36175,1.36375,28.00,0.600,76.41,2.729
1137,BUY,1.35897,1.35698,29.85,0.600,60.15,2.015
1138,BUY,1.36290,1.36090,30.00,0.600,-30.45,-1.015
1139,SELL,1.36111,1.36305,29.10,0.900,60.72,2.087
1140,BUY,1.35147,1.34947,30.00,0.600,-30.78,-1.026
1141,BUY,1.35020,1.34823,29.55,0.600,-29.64,-1.003
1142,BUY,1.33529,1.33330,29.85,0.600,-29.85,-1.000
1143,SELL,1.33346,1.33546,30.00,0.600,-30.33,-1.011
1144,SELL,1.33526,1.33726,28.00,0.600,-28.28,-1.010
1145,SELL,1.33868,1.34067,27.86,0.600,-27.86,-1.000
1146,BUY,1.33961,1.33762,27.86,0.600,-27.89,-1.001
1147,SELL,1.34012,1.34212,28.00,0.600,-28.14,-1.005
1148,SELL,1.34539,1.34739,28.00,0.600,55.08,1.967
1149,SELL,1.33959,1.34159,28.00,0.600,-28.28,-1.010
1150,BUY,1.34075,1.33875,28.00,0.600,56.00,2.000
1151,BUY,1.34350,1.34150,28.00,0.600,-28.03,-1.001
1152,SELL,1.34219,1.34419,28.00,0.600,-28.00,-1.000
1153,BUY,1.34360,1.34160,28.00,0.600,56.25,2.009
1154,SELL,1.35066,1.35266,28.00,0.600,55.97,1.999
1155,SELL,1.34724,1.34923,27.86,0.600,55.83,2.004
1156,SELL,1.34508,1.34704,29.40,0.600,60.06,2.043
1157,BUY,1.34011,1.33811,30.00,0.600,-30.15,-1.005
1158,BUY,1.33696,1.33496,30.00,0.600,60.00,2.000
1159,BUY,1.34175,1.33977,29.70,0.600,61.32,2.065
1160,SELL,1.34787,1.34987,32.00,0.600,63.81,1.994
1161,SELL,1.34264,1.34463,31.84,0.600,-31.84,-1.000
1162,SELL,1.34677,1.34877,32.00,0.600,63.81,1.994
1163,BUY,1.34234,1.34034,32.00,0.600,64.61,2.019
1164,BUY,1.34661,1.34461,32.00,0.600,-32.00,-1.000
1165,SELL,1.33437,1.33637,32.00,0.200,-32.16,-1.005
1166,BUY,1.33577,1.33377,32.00,0.600,-32.32,-1.010
1167,SELL,1.34002,1.34200,31.68,0.600,64.32,2.030
1168,SELL,1.33818,1.34018,32.00,0.600,-32.35,-1.011
1169,BUY,1.34068,1.33868,32.00,0.600,-32.32,-1.010
1170,SELL,1.33910,1.34110,32.00,0.600,62.94,1.967
1171,BUY,1.33624,1.33424,32.00,0.600,-32.00,-1.000
1172,BUY,1.33450,1.33251,31.84,0.600,-31.84,-1.000
1173,BUY,1.34032,1.33832,32.00,0.600,-32.03,-1.001
1174,BUY,1.34121,1.33921,32.00,0.600,-32.00,-1.000
1175,BUY,1.33986,1.33786,32.00,0.000,65.25,2.039
1176,SELL,1.34507,1.34707,32.00,0.000,64.00,2.000
1177,SELL,1.34024,1.34224,32.00,0.000,-32.00,-1.000
1178,BUY,1.34233,1.34033,32.00,0.000,-32.00,-1.000
1179,SELL,1.34227,1.34426,31.84,0.000,-31.84,-1.000
1180,BUY,1.34265,1.34065,32.00,0.100,-32.03,-1.001
1181,SELL,1.34027,1.34227,32.00,0.000,64.00,2.000
1182,SELL,1.33608,1.33807,31.84,0.000,64.16,2.015
1183,SELL,1.33030,1.33230,32.00,0.000,64.00,2.000
1184,BUY,1.32639,1.32439,32.00,0.000,64.06,2.002
1185,BUY,1.33130,1.32930,34.00,0.000,-34.00,-1.000
1186,BUY,1.32757,1.32557,34.00,0.100,-34.00,-1.000
1187,SELL,1.32439,1.32638,31.84,0.000,64.48,2.025
1188,SELL,1.31955,1.32155,34.00,0.000,-34.71,-1.021
1189,BUY,1.32052,1.31852,34.00,0.200,-34.00,-1.000
1190,BUY,1.31707,1.31508,31.84,0.100,64.16,2.015
1191,BUY,1.32312,1.32112,34.00,0.000,-85.37,-2.511
1192,SELL,1.32132,1.32332,32.00,0.100,-32.00,-1.000
1193,SELL,1.32249,1.32449,32.00,0.000,64.00,2.000
1194,SELL,1.31967,1.32166,33.83,0.000,-33.83,-1.000
1195,BUY,1.32294,1.32094,32.00,0.100,64.16,2.005
1196,BUY,1.32698,1.32498,34.00,0.000,-34.00,-1.000
1197,SELL,1.32553,1.32753,32.00,0.100,63.65,1.989
1198,SELL,1.32224,1.32423,33.83,0.000,68.17,2.015
1199,BUY,1.31956,1.31757,33.83,0.000,-33.86,-1.001
1200,BUY,1.31804,1.31604,34.00,0.000,-34.00,-1.000
1201,BUY,1.31545,1.31345,34.00,0.100,67.90,1.997
1202,BUY,1.31926,1.31728,33.66,0.000,-33.66,-1.000
1203,SELL,1.31570,1.31770,34.00,0.100,-34.17,-1.005
1204,BUY,1.31822,1.31623,33.83,0.000,68.14,2.014
1205,SELL,1.32118,1.32318,34.00,0.100,-34.00,-1.000
1206,BUY,1.31978,1.31778,34.00,0.000,67.97,1.999
1207,BUY,1.32339,1.32139,34.00,0.000,-34.03,-1.001
1208,BUY,1.32316,1.32116,34.00,0.200,68.00,2.000
1209,SELL,1.32632,1.32831,33.83,0.000,67.80,2.004
1210,BUY,1.32401,1.32201,36.00,0.000,72.54,2.015
1211,BUY,1.32743,1.32544,35.82,0.000,72.07,2.012
1212,BUY,1.33055,1.32855,38.00,0.000,76.00,2.000
1213,SELL,1.33524,1.33723,37.81,0.000,76.19,2.015
1214,SELL,1.33121,1.33321,38.00,0.100,-39.71,-1.045
1215,SELL,1.33699,1.33899,38.00,0.000,75.16,1.978
1216,BUY,1.33401,1.33201,38.00,0.000,76.00,2.000
1217,BUY,1.33915,1.33715,40.00,0.100,-40.04,-1.001
1218,BUY,1.33823,1.33623,40.00,0.000,-40.00,-1.000
1219,SELL,1.33673,1.33872,37.81,0.000,75.96,2.009
1220,BUY,1.33241,1.33041,40.00,0.000,80.00,2.000
1221,SELL,1.33695,1.33895,40.00,0.100,-40.00,-1.000
1222,BUY,1.33972,1.33772,40.00,0.000,80.04,2.001
1223,BUY,1.34489,1.34289,40.00,0.000,-40.00,-1.000
1224,SELL,1.34301,1.34499,39.60,0.000,79.96,2.019
1225,SELL,1.33770,1.33970,42.00,0.000,-42.21,-1.005
1226,SELL,1.34008,1.34208,40.00,0.000,80.00,2.000
1227,SELL,1.33623,1.33823,42.00,0.000,-42.46,-1.011
1228,BUY,1.33782,1.33583,41.79,0.000,87.15,2.085
1229,SELL,1.34361,1.34561,42.00,0.000,84.00,2.000
1230,SELL,1.33962,1.34162,42.00,0.000,-42.46,-1.011
1231,BUY,1.34141,1.33941,42.00,0.000,-42.00,-1.000
1232,BUY,1.33929,1.33729,42.00,0.000,84.00,2.000
1233,BUY,1.34435,1.34235,42.00,0.000,84.84,2.020
1234,SELL,1.34884,1.35084,44.00,0.000,-44.00,-1.000
1235,BUY,1.35092,1.34892,44.00,0.000,88.00,2.000
1236,BUY,1.35351,1.35151,44.00,0.100,-44.13,-1.003
1237,BUY,1.35000,1.34801,43.78,0.000,-43.78,-1.000
1238,SELL,1.34871,1.35071,44.00,0.000,87.52,1.989
1239,SELL,1.34419,1.34619,44.00,0.000,-52.18,-1.186
1240,BUY,1.34517,1.34317,44.00,0.000,-44.00,-1.000
1241,SELL,1.34141,1.34341,44.00,0.100,-44.22,-1.005
1242,BUY,1.34336,1.34136,42.00,0.100,-42.04,-1.001
1243,SELL,1.34059,1.34258,41.79,0.000,84.21,2.015
1244,SELL,1.33623,1.33822,43.78,0.000,-43.78,-1.000
1245,SELL,1.33927,1.34127,42.00,0.000,82.15,1.956
1246,BUY,1.33430,1.33230,44.00,0.100,-44.00,-1.000
1247,SELL,1.33129,1.33329,44.00,0.200,-44.48,-1.011
1248,BUY,1.33344,1.33144,42.00,0.000,-42.00,-1.000
1249,SELL,1.33182,1.33381,41.79,0.000,-41.79,-1.000
1250,BUY,1.33400,1.33200,42.00,0.100,-42.00,-1.000
1251,BUY,1.33193,1.32993,42.00,0.100,83.96,1.999
1252,SELL,1.33614,1.33814,42.00,0.000,84.00,2.000
1253,SELL,1.33111,1.33311,44.00,0.000,-45.18,-1.027
1254,BUY,1.33371,1.33172,41.79,0.000,-41.79,-1.000
1255,SELL,1.33181,1.33380,41.79,0.000,-41.79,-1.000
1256,SELL,1.33543,1.33742,41.79,0.000,-42.00,-1.005
1257,BUY,1.33610,1.33410,42.00,1.100,-42.21,-1.005
1258,SELL,1.33377,1.33577,42.00,0.000,-42.00,-1.000
1259,BUY,1.33693,1.33494,39.80,0.000,80.20,2.015
1260,SELL,1.34092,1.34291,41.79,0.100,-41.79,-1.000
1261,BUY,1.34425,1.34225,42.00,0.000,-42.00,-1.000
1262,BUY,1.34598,1.34398,40.00,0.100,-40.04,-1.001
1263,SELL,1.34652,1.34850,39.60,0.000,80.40,2.030
1264,SELL,1.34193,1.34392,39.80,0.000,-39.80,-1.000
1265,BUY,1.34620,1.34421,39.80,0.000,80.36,2.019
1266,BUY,1.34921,1.34721,42.00,0.000,-42.00,-1.000
1267,BUY,1.34741,1.34541,40.00,0.100,-40.00,-1.000
1268,SELL,1.34566,1.34766,40.00,0.000,-41.08,-1.027
1269,SELL,1.34768,1.34967,39.80,0.100,78.44,1.971
1270,BUY,1.34371,1.34171,40.00,0.100,80.60,2.015
