event_time_server,currency,importance,event,actual,actual_seen_at,actual_latest,revisions,forecast,previous,has_actual,first_seen,last_seen
2026.08.25 08:30,EUR,MODERATE,Ifo Business Expectations,89.100,2026.08.26 17:29:14,89.100,0,83.600,84.100,YES,2026.08.26 17:29:14,2026.08.26 17:29:14
2026.08.25 11:30,EUR,MODERATE,Ifo Business Climate,88.800,2026.08.26 01:36:00,88.800,0,84.700,85.600,YES,2026.08.26 01:36:00,2026.08.26 17:29:14
2026.08.25 11:30,EUR,MODERATE,Ifo Business Expectations,89.100,2026.08.26 01:36:00,89.100,0,83.600,84.100,YES,2026.08.26 01:36:00,2026.08.26 17:31:06
2026.08.25 11:30,EUR,MODERATE,Ifo Current Business Situation,88.500,2026.08.26 01:36:00,88.500,0,86.000,87.000,YES,2026.08.26 01:36:00,2026.08.26 17:29:14
2026.08.25 14:00,USD,HIGH,CB Consumer Confidence Index,89.400,2026.08.27 16:35:38,89.400,0,91.800,90.800,YES,2026.08.27 16:35:38,2026.08.27 16:45:17
2026.08.25 14:00,USD,HIGH,New Home Sales,0.607,2026.08.27 16:35:38,0.607,0,0.640,0.628,YES,2026.08.27 16:35:38,2026.08.27 16:45:17
2026.08.25 14:00,USD,MODERATE,New Home Sales m/m,-10.500,2026.08.27 16:35:38,-10.500,0,5.600,1.600,YES,2026.08.27 16:35:38,2026.08.27 16:45:17
2026.08.25 16:00,USD,MODERATE,S&P/CS HPI Composite-20 n.s.a. m/m,0.430,2026.08.26 01:36:00,0.430,0,0.600,0.900,YES,2026.08.26 01:36:00,2026.08.27 15:41:11
2026.08.25 16:00,USD,MODERATE,S&P/CS HPI Composite-20 y/y,2.100,2026.08.26 01:36:00,2.100,0,1.700,1.600,YES,2026.08.26 01:36:00,2026.08.27 15:41:11
2026.08.25 17:00,USD,MODERATE,2-Year Note Auction,NA,,NA,0,NA,4.315,NO,2026.08.27 16:35:38,2026.08.27 17:22:00
2026.08.25 17:00,USD,HIGH,CB Consumer Confidence Index,89.400,2026.08.26 01:36:00,89.400,0,91.800,90.800,YES,2026.08.26 01:36:00,2026.08.27 15:41:11
2026.08.25 17:00,USD,HIGH,New Home Sales,0.607,2026.08.26 01:36:00,0.607,0,0.640,0.628,YES,2026.08.26 01:36:00,2026.08.27 15:41:11
2026.08.25 17:00,USD,MODERATE,New Home Sales m/m,-10.500,2026.08.26 01:36:00,-10.500,0,5.600,1.600,YES,2026.08.26 01:36:00,2026.08.27 15:41:11
2026.08.25 20:00,USD,MODERATE,2-Year Note Auction,,,,0,NA,4.315,NO,2026.08.26 01:36:00,2026.08.27 15:41:11
2026.08.26 12:30,USD,MODERATE,Core Durable Goods Orders m/m,0.400,2026.08.27 16:35:38,0.400,0,1.000,0.600,YES,2026.08.27 16:35:38,2026.08.28 14:50:36
2026.08.26 12:30,USD,HIGH,Core PCE Price Index m/m,0.200,2026.08.27 16:35:38,0.200,0,0.200,0.100,YES,2026.08.27 16:35:38,2026.08.28 14:50:36
2026.08.26 12:30,USD,HIGH,Core PCE Price Index y/y,3.300,2026.08.27 16:35:38,3.300,0,3.300,3.300,YES,2026.08.27 16:35:38,2026.08.28 14:50:36
2026.08.26 12:30,USD,HIGH,Durable Goods Orders m/m,1.100,2026.08.27 16:35:38,1.100,0,0.800,0.300,YES,2026.08.27 16:35:38,2026.08.28 14:50:36
2026.08.26 12:30,USD,HIGH,GDP Sales q/q,2.200,2026.08.27 16:35:38,2.200,0,2.200,2.200,YES,2026.08.27 16:35:38,2026.08.28 14:50:36
2026.08.26 12:30,USD,HIGH,GDP q/q,1.500,2026.08.26 17:29:14,1.500,0,1.500,1.500,YES,2026.08.26 17:29:14,2026.08.28 14:50:36
2026.08.26 12:30,USD,MODERATE,PCE Price Index m/m,0.200,2026.08.27 16:35:38,0.200,0,0.000,-0.100,YES,2026.08.27 16:35:38,2026.08.28 14:50:36
2026.08.26 12:30,USD,MODERATE,PCE Price Index y/y,3.700,2026.08.27 16:35:38,3.700,0,3.000,3.700,YES,2026.08.27 16:35:38,2026.08.28 14:50:36
2026.08.26 12:30,USD,MODERATE,Personal Spending m/m,0.200,2026.08.27 16:35:38,0.200,0,0.500,0.300,YES,2026.08.27 16:35:38,2026.08.28 14:50:36
2026.08.26 12:30,USD,MODERATE,Real PCE q/q,3.400,2026.08.27 16:35:38,3.400,0,3.200,3.200,YES,2026.08.27 16:35:38,2026.08.28 14:50:36
2026.08.26 14:30,EUR,MODERATE,Bbk Executive Board Member Balz Speech,,,,0,NA,NA,NO,2026.08.26 17:29:14,2026.08.28 14:50:36
2026.08.26 14:30,USD,HIGH,EIA Crude Oil Stocks Change,0.095,2026.08.27 16:35:38,0.095,0,5.390,4.405,YES,2026.08.27 16:35:38,2026.08.28 14:50:36
2026.08.26 14:30,USD,MODERATE,EIA Cushing Crude Oil Stocks Change,1.176,2026.08.27 16:35:38,1.176,0,-1.447,-1.314,YES,2026.08.27 16:35:38,2026.08.28 14:50:36
2026.08.26 15:30,USD,MODERATE,Core Durable Goods Orders m/m,0.400,2026.08.26 16:34:43,0.400,0,1.000,0.600,YES,2026.08.26 01:36:00,2026.08.27 15:41:11
2026.08.26 15:30,USD,HIGH,Core PCE Price Index m/m,0.200,2026.08.26 16:34:43,0.200,0,0.200,0.100,YES,2026.08.26 01:36:00,2026.08.27 15:41:11
2026.08.26 15:30,USD,HIGH,Core PCE Price Index y/y,3.300,2026.08.26 16:34:43,3.300,0,3.300,3.300,YES,2026.08.26 01:36:00,2026.08.27 15:41:11
2026.08.26 15:30,USD,HIGH,Durable Goods Orders m/m,1.100,2026.08.26 16:34:43,1.100,0,0.800,0.300,YES,2026.08.26 01:36:00,2026.08.27 15:41:11
2026.08.26 15:30,USD,HIGH,GDP Sales q/q,2.200,2026.08.26 16:34:43,2.200,0,2.200,2.200,YES,2026.08.26 01:36:00,2026.08.27 15:41:11
2026.08.26 15:30,USD,HIGH,GDP q/q,1.500,2026.08.26 16:34:43,1.500,0,1.500,1.500,YES,2026.08.26 01:36:00,2026.08.27 15:41:11
2026.08.26 15:30,USD,MODERATE,PCE Price Index m/m,0.200,2026.08.26 16:34:43,0.200,0,0.000,-0.100,YES,2026.08.26 01:36:00,2026.08.27 15:41:11
2026.08.26 15:30,USD,MODERATE,PCE Price Index y/y,3.700,2026.08.26 16:34:43,3.700,0,3.000,3.700,YES,2026.08.26 01:36:00,2026.08.27 15:41:11
2026.08.26 15:30,USD,MODERATE,Personal Spending m/m,0.200,2026.08.26 16:34:43,0.200,0,0.500,0.300,YES,2026.08.26 01:36:00,2026.08.27 15:41:11
2026.08.26 15:30,USD,MODERATE,Real PCE q/q,3.400,2026.08.26 16:34:43,3.400,0,3.200,3.200,YES,2026.08.26 01:36:00,2026.08.27 15:41:11
2026.08.26 17:00,USD,MODERATE,5-Year Note Auction,NA,,NA,0,NA,4.408,NO,2026.08.27 16:35:38,2026.08.28 14:50:36
2026.08.26 17:30,EUR,MODERATE,Bbk Executive Board Member Balz Speech,,,,0,NA,NA,NO,2026.08.26 01:36:00,2026.08.28 17:02:55
2026.08.26 17:30,USD,HIGH,EIA Crude Oil Stocks Change,0.095,2026.08.26 17:31:06,0.095,0,5.390,4.405,YES,2026.08.26 01:36:00,2026.08.28 17:02:55
2026.08.26 17:30,USD,MODERATE,EIA Cushing Crude Oil Stocks Change,1.176,2026.08.26 17:31:06,1.176,0,-1.447,-1.314,YES,2026.08.26 01:36:00,2026.08.28 17:02:55
2026.08.26 20:00,USD,MODERATE,5-Year Note Auction,,,,0,NA,4.408,NO,2026.08.26 01:36:00,2026.08.28 17:02:55
2026.08.26 22:00,EUR,MODERATE,Jobseekers Total,,,,0,3177.000,3121500.000,NO,2026.08.26 17:29:14,2026.08.28 17:11:09
2026.08.27 00:00,USD,MODERATE,Jackson Hole Economic Symposium,NA,,NA,0,NA,NA,NO,2026.08.27 16:35:38,2026.08.28 17:11:09
2026.08.27 01:00,EUR,MODERATE,Jobseekers Total,,,,0,3177.000,3121500.000,NO,2026.08.26 01:36:00,2026.08.28 23:59:58
2026.08.27 03:00,USD,MODERATE,Jackson Hole Economic Symposium,,,,0,NA,NA,NO,2026.08.26 01:36:00,2026.08.28 23:59:58
2026.08.27 06:00,EUR,MODERATE,GfK Consumer Climate,-26.600,2026.08.27 16:35:38,-26.600,0,-29.500,-29.600,YES,2026.08.27 16:35:38,2026.08.28 17:11:09
2026.08.27 08:00,EUR,MODERATE,ECB Households Loans y/y,3.100,2026.08.27 16:35:38,3.100,0,2.900,3.000,YES,2026.08.26 17:29:14,2026.08.28 17:11:09
2026.08.27 09:00,EUR,MODERATE,GfK Consumer Climate,-26.600,2026.08.27 15:41:11,-26.600,0,-29.500,-29.600,YES,2026.08.26 01:36:00,2026.08.28 23:59:58
2026.08.27 11:00,EUR,MODERATE,ECB Households Loans y/y,3.100,2026.08.27 15:41:11,3.100,0,2.900,3.000,YES,2026.08.26 01:36:00,2026.08.28 23:59:58
2026.08.27 11:30,EUR,MODERATE,ECB Monetary Policy Meeting Accounts,,,,0,NA,NA,NO,2026.08.26 17:29:14,2026.08.28 17:11:09
2026.08.27 12:30,USD,MODERATE,Continuing Jobless Claims,1.778,2026.08.27 16:35:38,1.778,0,1.790,1.799,YES,2026.08.27 16:35:38,2026.08.28 17:11:09
2026.08.27 12:30,USD,MODERATE,Goods Trade Balance,-118.806,2026.08.27 16:35:38,-118.806,0,-104.172,-101.461,YES,2026.08.27 16:35:38,2026.08.28 17:11:09
2026.08.27 12:30,USD,HIGH,Initial Jobless Claims,203.000,2026.08.27 16:35:38,203.000,0,216.000,206.000,YES,2026.08.27 16:35:38,2026.08.28 17:11:09
2026.08.27 12:30,USD,MODERATE,Retail Inventories excl. Autos m/m,0.700,2026.08.27 16:35:38,0.700,0,NA,-0.400,YES,2026.08.27 16:35:38,2026.08.28 17:11:09
2026.08.27 12:30,USD,MODERATE,Retail Inventories m/m,0.700,2026.08.27 16:35:38,0.700,0,-0.100,-0.200,YES,2026.08.27 16:35:38,2026.08.28 17:11:09
2026.08.27 14:30,EUR,MODERATE,ECB Monetary Policy Meeting Accounts,,,,0,NA,NA,NO,2026.08.26 01:36:00,2026.08.28 23:59:58
2026.08.27 15:30,USD,MODERATE,Continuing Jobless Claims,1.778,2026.08.27 15:41:11,1.778,0,1.790,1.799,YES,2026.08.26 01:36:00,2026.08.28 23:59:58
2026.08.27 15:30,USD,MODERATE,Goods Trade Balance,-118.806,2026.08.27 15:41:11,-118.806,0,-104.172,-101.461,YES,2026.08.26 01:36:00,2026.08.28 23:59:58
2026.08.27 15:30,USD,HIGH,Initial Jobless Claims,203.000,2026.08.27 15:41:11,203.000,0,216.000,206.000,YES,2026.08.26 01:36:00,2026.08.28 23:59:58
2026.08.27 15:30,USD,MODERATE,Retail Inventories excl. Autos m/m,0.700,2026.08.27 15:41:11,0.700,0,NA,-0.400,YES,2026.08.26 01:36:00,2026.08.28 23:59:58
2026.08.27 15:30,USD,MODERATE,Retail Inventories m/m,0.700,2026.08.27 15:41:11,0.700,0,-0.100,-0.200,YES,2026.08.26 01:36:00,2026.08.28 23:59:58
2026.08.27 17:00,USD,MODERATE,7-Year Note Auction,NA,,NA,0,NA,4.473,NO,2026.08.27 16:35:38,2026.08.28 17:11:09
2026.08.27 20:00,USD,MODERATE,7-Year Note Auction,,,,0,NA,4.473,NO,2026.08.26 01:36:00,2026.08.28 23:59:58
2026.08.28 00:00,USD,MODERATE,Jackson Hole Economic Symposium,NA,,NA,0,NA,NA,NO,2026.08.27 16:35:38,2026.08.28 17:11:09
2026.08.28 03:00,USD,MODERATE,Jackson Hole Economic Symposium,,,,0,NA,NA,NO,2026.08.26 01:36:00,2026.08.28 23:59:58
2026.08.28 06:45,EUR,MODERATE,CPI m/m,0.700,2026.08.28 17:11:09,0.700,0,0.300,0.600,YES,2026.08.26 17:29:14,2026.08.28 17:11:09
2026.08.28 06:45,EUR,MODERATE,Consumer Spending m/m,0.500,2026.08.28 17:11:09,0.500,0,0.000,0.400,YES,2026.08.26 17:29:14,2026.08.28 17:11:09
2026.08.28 06:45,EUR,MODERATE,GDP q/q,0.000,2026.08.28 17:11:09,0.000,0,0.200,0.200,YES,2026.08.27 16:35:38,2026.08.28 17:11:09
2026.08.28 06:45,EUR,MODERATE,GDP y/y,0.500,2026.08.28 17:11:09,0.500,0,0.700,0.700,YES,2026.08.26 17:29:14,2026.08.28 17:11:09
2026.08.28 06:45,EUR,MODERATE,HICP m/m,0.800,2026.08.28 17:11:09,0.800,0,0.200,0.600,YES,2026.08.26 17:29:14,2026.08.28 17:11:09
2026.08.28 07:00,EUR,MODERATE,CPI y/y,4.300,2026.08.28 17:11:09,4.300,0,NA,NA,YES,2026.08.26 17:29:14,2026.08.28 17:11:09
2026.08.28 07:00,EUR,MODERATE,HICP y/y,4.500,2026.08.28 17:11:09,4.500,0,NA,NA,YES,2026.08.26 17:29:14,2026.08.28 17:11:09
2026.08.28 07:55,EUR,MODERATE,Unemployment,2.996,2026.08.28 17:11:09,2.996,0,2.991,2.993,YES,2026.08.26 17:29:14,2026.08.28 17:11:09
2026.08.28 07:55,EUR,MODERATE,Unemployment Change,4.000,2026.08.28 17:11:09,4.000,0,1.000,6.000,YES,2026.08.26 17:29:14,2026.08.28 17:11:09
2026.08.28 07:55,EUR,MODERATE,Unemployment Rate,6.400,2026.08.28 17:11:09,6.400,0,6.300,6.400,YES,2026.08.26 17:29:14,2026.08.28 17:11:09
2026.08.28 09:00,EUR,HIGH,Consumer Price Expectations,33.000,2026.08.28 17:11:09,33.000,0,24.400,30.300,YES,2026.08.27 16:35:38,2026.08.28 17:11:09
2026.08.28 09:00,EUR,MODERATE,Economic Sentiment Indicator,98.400,2026.08.28 17:11:09,98.400,0,96.900,96.900,YES,2026.08.27 16:35:38,2026.08.28 17:11:09
2026.08.28 09:45,EUR,MODERATE,CPI m/m,0.700,2026.08.28 15:38:02,0.700,0,0.300,0.600,YES,2026.08.26 01:36:00,2026.08.28 23:59:58
2026.08.28 09:45,EUR,MODERATE,Consumer Spending m/m,0.500,2026.08.28 15:38:02,0.500,0,0.000,0.400,YES,2026.08.26 01:36:00,2026.08.28 23:59:58
2026.08.28 09:45,EUR,MODERATE,GDP q/q,0.000,2026.08.28 15:38:02,0.000,0,0.200,0.200,YES,2026.08.26 01:36:00,2026.08.28 23:59:58
2026.08.28 09:45,EUR,MODERATE,GDP y/y,0.500,2026.08.28 15:38:02,0.500,0,0.700,0.700,YES,2026.08.26 01:36:00,2026.08.28 23:59:58
2026.08.28 09:45,EUR,MODERATE,HICP m/m,0.800,2026.08.28 15:38:02,0.800,0,0.200,0.600,YES,2026.08.26 01:36:00,2026.08.28 23:59:58
2026.08.28 10:00,EUR,MODERATE,CPI y/y,4.300,2026.08.28 15:38:02,4.300,0,NA,NA,YES,2026.08.26 01:36:00,2026.08.28 23:59:58
2026.08.28 10:00,EUR,MODERATE,HICP y/y,4.500,2026.08.28 15:38:02,4.500,0,NA,NA,YES,2026.08.26 01:36:00,2026.08.28 23:59:58
2026.08.28 10:55,EUR,MODERATE,Unemployment,2.996,2026.08.28 15:38:02,2.996,0,2.991,2.993,YES,2026.08.26 01:36:00,2026.08.28 23:59:58
2026.08.28 10:55,EUR,MODERATE,Unemployment Change,4.000,2026.08.28 15:38:02,4.000,0,1.000,6.000,YES,2026.08.26 01:36:00,2026.08.28 23:59:58
2026.08.28 10:55,EUR,MODERATE,Unemployment Rate,6.400,2026.08.28 15:38:02,6.400,0,6.300,6.400,YES,2026.08.26 01:36:00,2026.08.28 23:59:58
2026.08.28 12:00,EUR,HIGH,Consumer Price Expectations,33.000,2026.08.28 15:38:02,33.000,0,24.400,30.300,YES,2026.08.26 01:36:00,2026.08.28 23:59:58
2026.08.28 12:00,EUR,MODERATE,Economic Sentiment Indicator,98.400,2026.08.28 15:38:02,98.400,0,96.900,96.900,YES,2026.08.26 01:36:00,2026.08.28 23:59:58
2026.08.28 14:00,USD,MODERATE,Michigan 5-Year Inflation Expectations,3.300,2026.08.28 17:11:09,3.300,0,3.300,3.300,YES,2026.08.27 16:35:38,2026.08.28 17:11:09
2026.08.28 14:00,USD,MODERATE,Michigan Consumer Expectations,51.500,2026.08.28 17:11:09,51.500,0,50.600,50.600,YES,2026.08.27 16:35:38,2026.08.28 17:11:09
2026.08.28 14:00,USD,MODERATE,Michigan Consumer Sentiment,51.700,2026.08.28 17:11:09,51.700,0,51.000,51.000,YES,2026.08.27 16:35:38,2026.08.28 17:11:09
2026.08.28 14:00,USD,MODERATE,Michigan Inflation Expectations,4.000,2026.08.28 17:11:09,4.000,0,4.300,4.300,YES,2026.08.27 16:35:38,2026.08.28 17:11:09
2026.08.28 15:55,EUR,MODERATE,ECB Executive Board Member Schnabel Speech,,,,0,NA,NA,NO,2026.08.26 17:29:14,2026.08.28 14:50:36
2026.08.28 16:00,EUR,MODERATE,ECB Executive Board Member Schnabel Speech,NA,,NA,0,NA,NA,NO,2026.08.28 17:11:09,2026.08.28 17:11:09
2026.08.28 17:00,USD,MODERATE,Baker Hughes US Oil Rig Count,NA,,NA,0,NA,452.000,NO,2026.08.27 16:35:38,2026.08.28 17:11:09
2026.08.28 17:00,USD,MODERATE,Baker Hughes US Total Rig Count,NA,,NA,0,NA,588.000,NO,2026.08.27 16:35:38,2026.08.28 17:11:09
2026.08.28 17:00,USD,MODERATE,Michigan 5-Year Inflation Expectations,3.300,2026.08.28 17:02:55,3.300,0,3.300,3.300,YES,2026.08.26 01:36:00,2026.08.28 23:59:58
2026.08.28 17:00,USD,MODERATE,Michigan Consumer Expectations,51.500,2026.08.28 17:02:55,51.500,0,50.600,50.600,YES,2026.08.26 01:36:00,2026.08.28 23:59:58
2026.08.28 17:00,USD,MODERATE,Michigan Consumer Sentiment,51.700,2026.08.28 17:02:55,51.700,0,51.000,51.000,YES,2026.08.26 01:36:00,2026.08.28 23:59:58
2026.08.28 17:00,USD,MODERATE,Michigan Inflation Expectations,4.000,2026.08.28 17:02:55,4.000,0,4.300,4.300,YES,2026.08.26 01:36:00,2026.08.28 23:59:58
2026.08.28 18:55,EUR,MODERATE,ECB Executive Board Member Schnabel Speech,,,,0,NA,NA,NO,2026.08.26 01:36:00,2026.08.27 15:41:11
2026.08.28 19:00,EUR,MODERATE,ECB Executive Board Member Schnabel Speech,NA,,NA,0,NA,NA,NO,2026.08.28 15:38:02,2026.08.28 23:59:58
2026.08.28 19:30,EUR,MODERATE,CFTC EUR Non-Commercial Net Positions,NA,,NA,0,NA,-59.100,NO,2026.08.27 17:22:00,2026.08.28 17:11:09
2026.08.28 19:30,USD,MODERATE,CFTC Crude Oil Non-Commercial Net Positions,NA,,NA,0,NA,122.100,NO,2026.08.27 16:35:38,2026.08.28 17:11:09
2026.08.28 19:30,USD,MODERATE,CFTC Gold Non-Commercial Net Positions,NA,,NA,0,NA,222.200,NO,2026.08.27 16:35:38,2026.08.28 17:11:09
2026.08.28 19:30,USD,MODERATE,CFTC Nasdaq 100 Non-Commercial Net Positions,,,,0,NA,-10.400,NO,2026.08.26 17:29:14,2026.08.28 17:11:09
2026.08.28 19:30,USD,MODERATE,CFTC S&P 500 Non-Commercial Net Positions,NA,,NA,0,NA,-10.600,NO,2026.08.27 16:35:38,2026.08.28 17:11:09
2026.08.28 20:00,USD,MODERATE,Baker Hughes US Oil Rig Count,447.000,2026.08.28 23:59:58,447.000,0,NA,452.000,YES,2026.08.26 01:36:00,2026.08.28 23:59:58
2026.08.28 20:00,USD,MODERATE,Baker Hughes US Total Rig Count,588.000,2026.08.28 23:59:58,588.000,0,NA,588.000,YES,2026.08.26 01:36:00,2026.08.28 23:59:58
2026.08.28 22:30,EUR,MODERATE,CFTC EUR Non-Commercial Net Positions,-36.400,2026.08.28 23:59:58,-36.400,0,NA,-59.100,YES,2026.08.26 01:36:00,2026.08.28 23:59:58
2026.08.28 22:30,USD,MODERATE,CFTC Crude Oil Non-Commercial Net Positions,123.400,2026.08.28 23:59:58,123.400,0,NA,122.100,YES,2026.08.26 01:36:00,2026.08.28 23:59:58
2026.08.28 22:30,USD,MODERATE,CFTC Gold Non-Commercial Net Positions,243.300,2026.08.28 23:59:58,243.300,0,NA,222.200,YES,2026.08.26 01:36:00,2026.08.28 23:59:58
2026.08.28 22:30,USD,MODERATE,CFTC Nasdaq 100 Non-Commercial Net Positions,10.000,2026.08.28 23:59:58,10.000,0,NA,-10.400,YES,2026.08.26 01:36:00,2026.08.28 23:59:58
2026.08.28 22:30,USD,MODERATE,CFTC S&P 500 Non-Commercial Net Positions,-68.000,2026.08.28 23:59:58,-68.000,0,NA,-10.600,YES,2026.08.26 01:36:00,2026.08.28 23:59:58
2026.08.29 00:00,USD,MODERATE,Jackson Hole Economic Symposium,NA,,NA,0,NA,NA,NO,2026.08.27 16:35:38,2026.08.31 19:32:31
2026.08.29 03:00,USD,MODERATE,Jackson Hole Economic Symposium,,,,0,NA,NA,NO,2026.08.26 01:36:00,2026.08.31 20:02:42
2026.08.31 12:00,EUR,MODERATE,CPI m/m,0.200,2026.08.31 19:32:31,0.200,0,-0.200,-0.200,YES,2026.08.31 19:32:31,2026.08.31 19:32:31
2026.08.31 12:00,EUR,MODERATE,CPI y/y,2.900,2026.08.31 19:32:31,2.900,0,2.200,2.600,YES,2026.08.31 19:32:31,2026.08.31 19:32:31
2026.08.31 13:45,USD,HIGH,MNI Chicago Business Barometer,NA,,NA,0,58.900,57.600,NO,2026.08.27 16:45:17,2026.09.02 16:43:33
2026.08.31 15:00,EUR,MODERATE,CPI m/m,0.200,2026.08.31 16:10:09,0.200,0,-0.200,-0.200,YES,2026.08.31 16:00:11,2026.09.01 17:34:42
2026.08.31 15:00,EUR,MODERATE,CPI y/y,2.900,2026.08.31 16:10:09,2.900,0,NA,2.600,YES,2026.08.31 16:00:11,2026.09.01 17:34:42
2026.08.31 16:45,USD,HIGH,MNI Chicago Business Barometer,NA,,NA,0,58.900,57.600,NO,2026.08.28 15:38:02,2026.09.02 15:34:12
2026.09.01 06:00,EUR,MODERATE,Retail Sales m/m,0.000,2026.09.02 16:43:33,0.000,0,-0.400,-0.300,YES,2026.08.31 19:32:31,2026.09.02 17:55:44
2026.09.01 06:30,EUR,MODERATE,Bbk Executive Board Member Mauderer Speech,NA,,NA,0,NA,NA,NO,2026.08.28 14:50:36,2026.09.03 09:04:27
2026.09.01 07:15,EUR,MODERATE,S&P Global Manufacturing PMI,49.500,2026.09.02 16:43:33,49.500,0,49.700,50.200,YES,2026.08.28 14:50:36,2026.09.03 09:04:27
2026.09.01 07:45,EUR,MODERATE,S&P Global Manufacturing PMI,49.600,2026.09.02 16:43:33,49.600,0,51.900,51.300,YES,2026.08.28 14:50:36,2026.09.03 10:19:27
2026.09.01 07:50,EUR,MODERATE,S&P Global Manufacturing PMI,51.100,2026.09.02 16:43:33,51.100,0,51.500,51.500,YES,2026.08.28 14:50:36,2026.09.03 10:49:27
2026.09.01 07:55,EUR,MODERATE,S&P Global Manufacturing PMI,54.300,2026.09.02 16:43:33,54.300,0,54.100,54.100,YES,2026.08.28 14:50:36,2026.09.03 10:54:27
2026.09.01 08:00,EUR,MODERATE,S&P Global Manufacturing PMI,52.700,2026.09.02 15:34:12,52.700,0,52.800,52.800,YES,2026.08.28 17:11:09,2026.09.03 10:59:27
2026.09.01 09:00,EUR,MODERATE,CPI m/m,2.900,2026.09.02 16:43:33,2.900,0,1.200,0.200,YES,2026.08.28 14:50:36,2026.09.03 11:14:27
2026.09.01 09:00,EUR,HIGH,CPI y/y,2.800,2026.09.02 16:43:33,2.800,0,3.100,2.900,YES,2026.08.28 14:50:36,2026.09.03 11:14:27
2026.09.01 09:00,EUR,MODERATE,Core CPI,103.070,2026.09.02 16:43:33,103.070,0,NA,102.840,YES,2026.08.28 14:50:36,2026.09.03 11:14:27
2026.09.01 09:00,EUR,MODERATE,Core CPI y/y,2.400,2026.09.02 16:43:33,2.400,0,2.400,2.500,YES,2026.08.28 14:50:36,2026.09.03 11:14:27
2026.09.01 09:00,EUR,MODERATE,Retail Sales m/m,0.000,2026.09.01 16:35:03,0.000,0,-0.400,-0.300,YES,2026.08.31 16:00:11,2026.09.02 18:36:27
2026.09.01 09:00,EUR,MODERATE,Unemployment Rate,6.400,2026.09.02 16:43:33,6.400,0,6.400,6.300,YES,2026.08.28 14:50:36,2026.09.03 11:14:27
2026.09.01 09:30,EUR,MODERATE,Bbk Executive Board Member Mauderer Speech,NA,,NA,0,NA,NA,NO,2026.08.28 15:38:02,2026.09.02 18:36:27
2026.09.01 10:15,EUR,MODERATE,S&P Global Manufacturing PMI,49.500,2026.09.01 16:35:03,49.500,0,49.700,50.200,YES,2026.08.28 15:38:02,2026.09.02 18:36:27
2026.09.01 10:45,EUR,MODERATE,S&P Global Manufacturing PMI,49.600,2026.09.01 16:35:03,49.600,0,51.900,51.300,YES,2026.08.28 15:38:02,2026.09.02 18:36:27
2026.09.01 10:50,EUR,MODERATE,S&P Global Manufacturing PMI,51.100,2026.09.01 16:35:03,51.100,0,51.500,51.500,YES,2026.08.28 15:38:02,2026.09.02 18:36:27
2026.09.01 10:55,EUR,MODERATE,S&P Global Manufacturing PMI,54.300,2026.09.01 16:35:03,54.300,0,54.100,54.100,YES,2026.08.28 15:38:02,2026.09.02 18:36:27
2026.09.01 11:00,EUR,MODERATE,S&P Global Manufacturing PMI,52.700,2026.09.01 16:35:03,52.700,0,52.800,52.800,YES,2026.08.28 14:50:36,2026.09.03 09:04:27
2026.09.01 12:00,EUR,MODERATE,CPI m/m,2.900,2026.09.01 16:35:03,2.900,0,1.200,0.200,YES,2026.08.28 15:38:02,2026.09.02 18:36:27
2026.09.01 12:00,EUR,HIGH,CPI y/y,2.800,2026.09.01 16:35:03,2.800,0,3.100,2.900,YES,2026.08.28 15:38:02,2026.09.02 18:36:27
2026.09.01 12:00,EUR,MODERATE,Core CPI,103.070,2026.09.01 16:35:03,103.070,0,NA,102.840,YES,2026.08.28 15:38:02,2026.09.02 18:36:27
2026.09.01 12:00,EUR,MODERATE,Core CPI y/y,2.400,2026.09.01 16:35:03,2.400,0,2.400,2.500,YES,2026.08.28 15:38:02,2026.09.02 18:36:27
2026.09.01 12:00,EUR,MODERATE,Unemployment Rate,6.400,2026.09.01 16:35:03,6.400,0,6.400,6.300,YES,2026.08.28 15:38:02,2026.09.02 18:36:27
2026.09.01 13:05,USD,MODERATE,Fed Vice Chair for Supervision Barr Speech,NA,,NA,0,NA,NA,NO,2026.08.28 17:11:09,2026.09.03 11:14:27
2026.09.01 13:45,USD,HIGH,S&P Global Manufacturing PMI,53.900,2026.09.02 16:43:33,53.900,0,55.500,53.900,YES,2026.08.28 17:11:09,2026.09.03 11:14:27
2026.09.01 14:00,USD,MODERATE,Construction Spending m/m,-0.500,2026.09.02 16:43:33,-0.500,0,-0.200,-0.100,YES,2026.08.28 17:11:09,2026.09.03 11:14:27
2026.09.01 14:00,USD,MODERATE,ISM Manufacturing Employment,51.200,2026.09.02 16:43:33,51.200,0,55.300,52.800,YES,2026.08.28 17:11:09,2026.09.03 11:14:27
2026.09.01 14:00,USD,HIGH,ISM Manufacturing PMI,54.600,2026.09.02 16:43:33,54.600,0,55.200,55.600,YES,2026.08.28 17:11:09,2026.09.03 11:14:27
2026.09.01 14:00,USD,HIGH,ISM Manufacturing Prices Paid,71.100,2026.09.02 16:43:33,71.100,0,63.500,71.100,YES,2026.08.28 17:11:09,2026.09.03 11:14:27
2026.09.01 14:00,USD,HIGH,JOLTS Job Openings,7.271,2026.09.02 16:43:33,7.271,0,7.496,7.359,YES,2026.08.28 17:11:09,2026.09.03 11:14:27
2026.09.01 16:05,USD,MODERATE,Fed Vice Chair for Supervision Barr Speech,NA,,NA,0,NA,NA,NO,2026.08.28 16:12:52,2026.09.03 15:34:15
2026.09.01 16:45,USD,HIGH,S&P Global Manufacturing PMI,53.900,2026.09.01 17:34:42,53.900,0,55.500,53.900,YES,2026.08.28 16:47:05,2026.09.03 15:34:15
2026.09.01 17:00,USD,MODERATE,Construction Spending m/m,-0.500,2026.09.01 17:34:42,-0.500,0,-0.200,-0.100,YES,2026.08.28 17:02:55,2026.09.03 16:50:11
2026.09.01 17:00,USD,MODERATE,ISM Manufacturing Employment,51.200,2026.09.01 17:34:42,51.200,0,55.300,52.800,YES,2026.08.28 17:02:55,2026.09.03 16:50:11
2026.09.01 17:00,USD,HIGH,ISM Manufacturing PMI,54.600,2026.09.01 17:34:42,54.600,0,55.200,55.600,YES,2026.08.28 17:02:55,2026.09.03 16:50:11
2026.09.01 17:00,USD,HIGH,ISM Manufacturing Prices Paid,71.100,2026.09.01 17:34:42,71.100,0,63.500,71.100,YES,2026.08.28 17:02:55,2026.09.03 16:50:11
2026.09.01 17:00,USD,HIGH,JOLTS Job Openings,7.271,2026.09.01 17:34:42,7.271,0,7.496,7.359,YES,2026.08.28 17:02:55,2026.09.03 16:50:11
2026.09.02 07:00,EUR,MODERATE,Unemployment Change,44.419,2026.09.02 16:43:33,44.419,0,-9.221,19.517,YES,2026.08.31 00:47:33,2026.09.03 11:14:27
2026.09.02 10:00,EUR,MODERATE,Unemployment Change,44.419,2026.09.02 15:00:45,44.419,0,-9.221,19.517,YES,2026.08.31 00:00:06,2026.09.03 23:13:24
2026.09.02 12:15,USD,HIGH,ADP Nonfarm Employment Change,38.000,2026.09.02 16:43:33,38.000,0,14.000,44.000,YES,2026.08.31 00:47:33,2026.09.03 11:14:27
2026.09.02 14:00,USD,MODERATE,Factory Orders m/m,0.900,2026.09.02 17:20:45,0.900,0,-0.100,-0.300,YES,2026.08.31 00:47:33,2026.09.03 11:14:27
2026.09.02 14:30,USD,HIGH,EIA Crude Oil Stocks Change,-4.450,2026.09.02 17:55:44,-4.450,0,5.822,0.095,YES,2026.08.31 00:47:33,2026.09.03 11:14:27
2026.09.02 14:30,USD,MODERATE,EIA Cushing Crude Oil Stocks Change,0.080,2026.09.02 17:55:44,0.080,0,-1.042,1.176,YES,2026.08.31 00:47:33,2026.09.03 11:14:27
2026.09.02 15:15,USD,HIGH,ADP Nonfarm Employment Change,38.000,2026.09.02 15:20:37,38.000,0,14.000,44.000,YES,2026.08.31 00:00:06,2026.09.03 23:13:24
2026.09.02 17:00,USD,MODERATE,Factory Orders m/m,0.900,2026.09.02 17:03:35,0.900,0,-0.100,-0.300,YES,2026.08.31 00:00:06,2026.09.03 23:13:24
2026.09.02 17:30,USD,HIGH,EIA Crude Oil Stocks Change,-4.450,2026.09.02 18:36:27,-4.450,0,5.822,0.095,YES,2026.08.31 00:00:06,2026.09.03 23:13:24
2026.09.02 17:30,USD,MODERATE,EIA Cushing Crude Oil Stocks Change,0.080,2026.09.02 18:36:27,0.080,0,-1.042,1.176,YES,2026.08.31 00:00:06,2026.09.03 23:13:24
2026.09.02 18:00,USD,MODERATE,Fed Beige Book,NA,,NA,0,NA,NA,NO,2026.08.31 00:47:33,2026.09.03 11:14:27
2026.09.02 21:00,USD,MODERATE,Fed Beige Book,NA,,NA,0,NA,NA,NO,2026.08.31 00:00:06,2026.09.03 23:13:24
2026.09.03 07:15,EUR,MODERATE,S&P Global Composite PMI,55.800,2026.09.03 10:19:27,55.800,0,NA,56.500,YES,2026.08.31 00:47:33,2026.09.03 11:14:27
2026.09.03 07:15,EUR,MODERATE,S&P Global Services PMI,57.800,2026.09.03 10:19:27,57.800,0,55.500,58.300,YES,2026.08.31 00:47:33,2026.09.03 11:14:27
2026.09.03 07:45,EUR,MODERATE,S&P Global Services PMI,55.200,2026.09.03 10:49:27,55.200,0,52.500,52.500,YES,2026.08.31 00:47:33,2026.09.03 11:14:27
2026.09.03 07:50,EUR,MODERATE,S&P Global Services PMI,48.000,2026.09.03 10:54:27,48.000,0,48.400,48.400,YES,2026.08.31 00:47:33,2026.09.03 11:14:27
2026.09.03 07:55,EUR,MODERATE,S&P Global Services PMI,49.700,2026.09.03 10:59:27,49.700,0,48.500,48.500,YES,2026.08.31 00:47:33,2026.09.03 11:14:27
2026.09.03 08:00,EUR,MODERATE,S&P Global Composite PMI,52.000,2026.09.03 11:04:27,52.000,0,52.100,52.100,YES,2026.08.31 16:05:09,2026.09.03 11:04:27
2026.09.03 08:00,EUR,MODERATE,S&P Global Services PMI,51.600,2026.09.03 11:04:27,51.600,0,51.700,51.700,YES,2026.08.31 19:32:31,2026.09.03 11:04:27
2026.09.03 10:15,EUR,MODERATE,S&P Global Composite PMI,55.800,2026.09.03 15:30:18,55.800,0,NA,56.500,YES,2026.08.31 00:00:06,2026.09.03 23:13:24
2026.09.03 10:15,EUR,MODERATE,S&P Global Services PMI,57.800,2026.09.03 15:30:18,57.800,0,55.500,58.300,YES,2026.08.31 00:00:06,2026.09.03 23:13:24
2026.09.03 10:45,EUR,MODERATE,S&P Global Services PMI,55.200,2026.09.03 15:30:18,55.200,0,52.500,52.500,YES,2026.08.31 00:00:06,2026.09.03 23:13:24
2026.09.03 10:50,EUR,MODERATE,S&P Global Services PMI,48.000,2026.09.03 15:30:18,48.000,0,48.400,48.400,YES,2026.08.31 00:00:06,2026.09.03 23:13:24
2026.09.03 10:55,EUR,MODERATE,S&P Global Services PMI,49.700,2026.09.03 15:30:18,49.700,0,48.500,48.500,YES,2026.08.31 00:00:06,2026.09.03 23:13:24
2026.09.03 11:00,EUR,MODERATE,S&P Global Composite PMI,52.000,2026.09.03 11:14:27,52.000,0,52.100,52.100,YES,2026.08.31 00:00:06,2026.09.03 23:13:24
2026.09.03 11:00,EUR,MODERATE,S&P Global Services PMI,51.600,2026.09.03 11:14:27,51.600,0,51.700,51.700,YES,2026.08.31 00:00:06,2026.09.03 23:13:24
2026.09.03 12:30,USD,MODERATE,Continuing Jobless Claims,NA,,NA,0,1.787,1.778,NO,2026.08.31 00:47:33,2026.09.03 11:14:27
2026.09.03 12:30,USD,MODERATE,Exports,NA,,NA,0,NA,314.728,NO,2026.08.31 00:47:33,2026.09.03 11:14:27
2026.09.03 12:30,USD,MODERATE,Fed Governor Waller Speech,NA,,NA,0,NA,NA,NO,2026.08.31 00:47:33,2026.09.03 11:14:27
2026.09.03 12:30,USD,MODERATE,Imports,NA,,NA,0,NA,387.989,NO,2026.08.31 00:47:33,2026.09.03 11:14:27
2026.09.03 12:30,USD,HIGH,Initial Jobless Claims,NA,,NA,0,213.000,203.000,NO,2026.08.31 00:47:33,2026.09.03 11:14:27
2026.09.03 12:30,USD,MODERATE,Nonfarm Productivity q/q,NA,,NA,0,1.400,1.400,NO,2026.08.31 00:47:33,2026.09.03 11:14:27
2026.09.03 12:30,USD,MODERATE,Trade Balance,NA,,NA,0,-75.770,-73.261,NO,2026.08.31 00:47:33,2026.09.03 11:14:27
2026.09.03 12:30,USD,MODERATE,Unit Labor Costs q/q,NA,,NA,0,1.300,1.300,NO,2026.08.31 00:47:33,2026.09.03 11:14:27
2026.09.03 13:45,USD,MODERATE,S&P Global Composite PMI,NA,,NA,0,54.100,53.600,NO,2026.08.31 00:47:33,2026.09.03 11:14:27
2026.09.03 13:45,USD,HIGH,S&P Global Services PMI,NA,,NA,0,55.400,54.600,NO,2026.08.31 00:47:33,2026.09.03 11:14:27
2026.09.03 14:00,USD,MODERATE,ISM Non-Manufacturing Employment,NA,,NA,0,48.400,47.400,NO,2026.08.31 00:47:33,2026.09.03 11:14:27
2026.09.03 14:00,USD,HIGH,ISM Non-Manufacturing PMI,NA,,NA,0,53.800,54.100,NO,2026.08.31 00:47:33,2026.09.03 11:14:27
2026.09.03 14:00,USD,HIGH,ISM Non-Manufacturing Prices Paid,NA,,NA,0,68.200,70.300,NO,2026.08.31 00:47:33,2026.09.03 11:14:27
2026.09.03 15:30,USD,MODERATE,Continuing Jobless Claims,1.779,2026.09.03 15:34:15,1.779,0,1.787,1.778,YES,2026.08.31 00:00:06,2026.09.03 23:13:24
2026.09.03 15:30,USD,MODERATE,Exports,310.723,2026.09.03 15:34:15,310.723,0,NA,314.728,YES,2026.08.31 00:00:06,2026.09.03 23:13:24
2026.09.03 15:30,USD,MODERATE,Fed Governor Waller Speech,NA,,NA,0,NA,NA,NO,2026.08.31 00:00:06,2026.09.03 23:13:24
2026.09.03 15:30,USD,MODERATE,Imports,399.299,2026.09.03 15:34:15,399.299,0,NA,387.989,YES,2026.08.31 00:00:06,2026.09.03 23:13:24
2026.09.03 15:30,USD,HIGH,Initial Jobless Claims,206.000,2026.09.03 15:34:15,206.000,0,213.000,203.000,YES,2026.08.31 00:00:06,2026.09.03 23:13:24
2026.09.03 15:30,USD,MODERATE,Nonfarm Productivity q/q,1.400,2026.09.03 15:30:18,1.400,0,1.400,1.400,YES,2026.08.31 00:00:06,2026.09.03 23:13:24
2026.09.03 15:30,USD,MODERATE,Trade Balance,-88.576,2026.09.03 15:34:15,-88.576,0,-75.770,-73.261,YES,2026.08.31 00:00:06,2026.09.03 23:13:24
2026.09.03 15:30,USD,MODERATE,Unit Labor Costs q/q,1.200,2026.09.03 15:34:15,1.200,0,1.300,1.300,YES,2026.08.31 00:00:06,2026.09.03 23:13:24
2026.09.03 16:45,USD,MODERATE,S&P Global Composite PMI,56.000,2026.09.03 16:50:11,56.000,0,54.100,53.600,YES,2026.08.31 00:00:06,2026.09.03 23:13:24
2026.09.03 16:45,USD,HIGH,S&P Global Services PMI,56.500,2026.09.03 16:50:11,56.500,0,55.400,54.600,YES,2026.08.31 00:00:06,2026.09.03 23:13:24
2026.09.03 17:00,USD,MODERATE,ISM Non-Manufacturing Employment,47.800,2026.09.03 23:13:24,47.800,0,48.400,47.400,YES,2026.08.31 00:00:06,2026.09.03 23:13:24
2026.09.03 17:00,USD,HIGH,ISM Non-Manufacturing PMI,55.400,2026.09.03 23:13:24,55.400,0,53.800,54.100,YES,2026.08.31 00:00:06,2026.09.03 23:13:24
2026.09.03 17:00,USD,HIGH,ISM Non-Manufacturing Prices Paid,72.600,2026.09.03 23:13:24,72.600,0,68.200,70.300,YES,2026.08.31 00:00:06,2026.09.03 23:13:24
2026.09.04 06:00,EUR,MODERATE,Factory Orders m/m,NA,,NA,0,2.900,-3.800,NO,2026.08.31 19:32:31,2026.09.03 11:14:27
2026.09.04 06:00,EUR,MODERATE,Factory Orders y/y,NA,,NA,0,-2.700,1.600,NO,2026.08.31 19:32:31,2026.09.03 11:14:27
2026.09.04 07:30,EUR,MODERATE,S&P Global Construction PMI,NA,,NA,0,NA,44.300,NO,2026.08.31 19:32:31,2026.09.03 11:04:27
2026.09.04 09:00,EUR,MODERATE,ECB Executive Board Member Lane Speech,NA,,NA,0,NA,NA,NO,2026.08.31 19:32:31,2026.09.03 11:14:27
2026.09.04 09:00,EUR,MODERATE,Factory Orders m/m,NA,,NA,0,2.900,-3.800,NO,2026.08.31 16:00:11,2026.09.03 23:13:24
2026.09.04 09:00,EUR,MODERATE,Factory Orders y/y,NA,,NA,0,-2.700,1.600,NO,2026.08.31 16:00:11,2026.09.03 23:13:24
2026.09.04 10:30,EUR,MODERATE,S&P Global Construction PMI,NA,,NA,0,NA,44.300,NO,2026.08.31 11:00:10,2026.09.03 23:13:24
2026.09.04 12:00,EUR,MODERATE,ECB Executive Board Member Lane Speech,NA,,NA,0,NA,NA,NO,2026.08.31 12:32:16,2026.09.03 23:13:24
2026.09.04 12:30,USD,HIGH,Average Hourly Earnings m/m,NA,,NA,0,0.200,0.100,NO,2026.08.31 19:32:31,2026.09.03 11:14:27
2026.09.04 12:30,USD,MODERATE,Average Hourly Earnings y/y,NA,,NA,0,3.400,3.200,NO,2026.08.31 19:32:31,2026.09.03 11:14:27
2026.09.04 12:30,USD,HIGH,Nonfarm Payrolls,NA,,NA,0,41.000,-23.000,NO,2026.08.31 19:32:31,2026.09.03 11:14:27
2026.09.04 12:30,USD,MODERATE,Participation Rate,NA,,NA,0,61.400,61.400,NO,2026.08.31 19:32:31,2026.09.03 11:14:27
2026.09.04 12:30,USD,MODERATE,Private Nonfarm Payrolls,NA,,NA,0,48.000,30.000,NO,2026.08.31 19:32:31,2026.09.03 11:14:27
2026.09.04 12:30,USD,MODERATE,U6 Unemployment Rate,NA,,NA,0,7.600,7.900,NO,2026.08.31 19:32:31,2026.09.03 11:14:27
2026.09.04 12:30,USD,HIGH,Unemployment Rate,NA,,NA,0,4.100,4.100,NO,2026.08.31 19:32:31,2026.09.03 11:14:27
2026.09.04 15:30,USD,HIGH,Average Hourly Earnings m/m,NA,,NA,0,0.200,0.100,NO,2026.08.31 15:31:20,2026.09.03 23:13:24
2026.09.04 15:30,USD,MODERATE,Average Hourly Earnings y/y,NA,,NA,0,3.400,3.200,NO,2026.08.31 15:31:20,2026.09.03 23:13:24
2026.09.04 15:30,USD,HIGH,Nonfarm Payrolls,NA,,NA,0,41.000,-23.000,NO,2026.08.31 15:31:20,2026.09.03 23:13:24
2026.09.04 15:30,USD,MODERATE,Participation Rate,NA,,NA,0,61.400,61.400,NO,2026.08.31 15:31:20,2026.09.03 23:13:24
2026.09.04 15:30,USD,MODERATE,Private Nonfarm Payrolls,NA,,NA,0,48.000,30.000,NO,2026.08.31 15:31:20,2026.09.03 23:13:24
2026.09.04 15:30,USD,MODERATE,U6 Unemployment Rate,NA,,NA,0,7.600,7.900,NO,2026.08.31 15:31:20,2026.09.03 23:13:24
2026.09.04 15:30,USD,HIGH,Unemployment Rate,NA,,NA,0,4.100,4.100,NO,2026.08.31 15:31:20,2026.09.03 23:13:24
2026.09.04 17:00,USD,MODERATE,Baker Hughes US Oil Rig Count,NA,,NA,0,NA,447.000,NO,2026.09.02 16:43:33,2026.09.03 11:14:27
2026.09.04 17:00,USD,MODERATE,Baker Hughes US Total Rig Count,NA,,NA,0,NA,588.000,NO,2026.09.02 16:43:33,2026.09.03 11:14:27
2026.09.04 19:30,EUR,MODERATE,CFTC EUR Non-Commercial Net Positions,NA,,NA,0,NA,-36.400,NO,2026.09.01 03:11:00,2026.09.03 11:04:27
2026.09.04 19:30,USD,MODERATE,CFTC Crude Oil Non-Commercial Net Positions,NA,,NA,0,NA,123.400,NO,2026.09.02 16:43:33,2026.09.03 11:14:27
2026.09.04 19:30,USD,MODERATE,CFTC Gold Non-Commercial Net Positions,NA,,NA,0,NA,243.300,NO,2026.09.02 16:43:33,2026.09.03 11:14:27
2026.09.04 19:30,USD,MODERATE,CFTC Nasdaq 100 Non-Commercial Net Positions,NA,,NA,0,NA,10.000,NO,2026.09.02 16:43:33,2026.09.03 11:14:27
2026.09.04 19:30,USD,MODERATE,CFTC S&P 500 Non-Commercial Net Positions,NA,,NA,0,NA,-68.000,NO,2026.09.02 16:43:33,2026.09.03 11:14:27
2026.09.04 20:00,USD,MODERATE,Baker Hughes US Oil Rig Count,NA,,NA,0,NA,447.000,NO,2026.08.31 20:02:42,2026.09.03 23:13:24
2026.09.04 20:00,USD,MODERATE,Baker Hughes US Total Rig Count,NA,,NA,0,NA,588.000,NO,2026.08.31 20:02:42,2026.09.03 23:13:24
2026.09.04 22:30,EUR,MODERATE,CFTC EUR Non-Commercial Net Positions,NA,,NA,0,NA,-36.400,NO,2026.09.01 00:00:56,2026.09.03 23:13:24
2026.09.04 22:30,USD,MODERATE,CFTC Crude Oil Non-Commercial Net Positions,NA,,NA,0,NA,123.400,NO,2026.09.01 00:00:56,2026.09.03 23:13:24
2026.09.04 22:30,USD,MODERATE,CFTC Gold Non-Commercial Net Positions,NA,,NA,0,NA,243.300,NO,2026.09.01 00:00:56,2026.09.03 23:13:24
2026.09.04 22:30,USD,MODERATE,CFTC Nasdaq 100 Non-Commercial Net Positions,NA,,NA,0,NA,10.000,NO,2026.09.01 00:00:56,2026.09.03 23:13:24
2026.09.04 22:30,USD,MODERATE,CFTC S&P 500 Non-Commercial Net Positions,NA,,NA,0,NA,-68.000,NO,2026.09.01 00:00:56,2026.09.03 23:13:24
2026.09.07 06:00,EUR,MODERATE,Industrial Production m/m,NA,,NA,0,-0.400,0.400,NO,2026.09.03 09:04:27,2026.09.03 11:14:27
2026.09.07 09:00,EUR,MODERATE,Industrial Production m/m,NA,,NA,0,-0.400,0.400,NO,2026.09.03 15:30:18,2026.09.03 23:13:24
