READINESS,connected_and_synced,YES,waited_ms=2010,terminal_connected=1,bars_m1=100000,synced=1,
section,key,v1,v2,v3,v4,v5,v6
ENV,build,6096,,,,,
ENV,company,MetaQuotes Ltd.,,,,,
ENV,server,MetaQuotes-Demo,10012089985,DEMO,,,
ENV,symbol,EURUSD,5,0.00001000,0.00001000,0,1
ENV,time_now,2026.08.08 01:59:03,2026.08.07 22:59:03,2026.08.07 19:59:03,,,
ENV,offset_server_minus_gmt_h,3,3,auto / used,AUDIT THIS FIRST - DEC-S-001 A-2,,
ENV,ny_offset,-4,FIXED,false=fixed UTC-4; true=coarse Mar..Oct,,,
ENV,windows_ny,180-240,570-650,minutes from NY midnight,,,
WINDOW,RECENT_A,2026.08.06 10:00:00,2026.08.06 11:00:00,15219,0,ny_off=-4,srv_utc=3
METRICS,RECENT_A_flagcounts,15219,11415,12050,0,8246,0
METRICS,RECENT_A_onlyflags,3169,3804,only_bid / only_ask,,,
METRICS,RECENT_A_valuecounts,15219,15219,0,values present (not necessarily updated),,
METRICS,RECENT_A_spread,0.00000,0.00002,0.00000,100.00,pct_ticks_with_spread,
PENETRATION,RECENT_A,1.15410,bidUp=1786010400029,askUp=1786010400029,bidDn=1786013356937,askDn=-1,DIVERGENT
PENETRATION,RECENT_A,1.15413,bidUp=1786010400029,askUp=1786010400029,bidDn=1786013294484,askDn=1786013294484,same
PENETRATION,RECENT_A,1.15416,bidUp=1786010400029,askUp=1786010400029,bidDn=1786013294132,askDn=1786013294132,same
PENETRATION,RECENT_A,1.15419,bidUp=1786010400029,askUp=1786010400029,bidDn=1786013233337,askDn=1786013233339,DIVERGENT
PENETRATION,RECENT_A,1.15421,bidUp=1786010400029,askUp=1786010400029,bidDn=1786013210868,askDn=1786013210925,DIVERGENT
PENETRATION,RECENT_A,1.15424,bidUp=1786010400029,askUp=1786010400029,bidDn=1786010955399,askDn=1786010955399,same
PENETRATION,RECENT_A,1.15427,bidUp=1786010400029,askUp=1786010400029,bidDn=1786010946637,askDn=1786010946637,same
PENETRATION,RECENT_A,1.15430,bidUp=1786010400029,askUp=1786010400029,bidDn=1786010899892,askDn=1786010899892,same
PENETRATION,RECENT_A,1.15433,bidUp=1786010400029,askUp=1786010400029,bidDn=1786010893791,askDn=1786010894338,DIVERGENT
PENETRATION,RECENT_A,1.15436,bidUp=1786010400029,askUp=1786010400029,bidDn=1786010579914,askDn=1786010579914,same
PENETRATION,RECENT_A,1.15439,bidUp=1786010400029,askUp=1786010400029,bidDn=1786010579217,askDn=1786010579265,DIVERGENT
PENETRATION,RECENT_A,1.15441,bidUp=1786010400029,askUp=1786010400029,bidDn=1786010546910,askDn=1786010547426,DIVERGENT
PENETRATION,RECENT_A,1.15444,bidUp=1786010400029,askUp=1786010400029,bidDn=1786010545651,askDn=1786010545651,same
PENETRATION,RECENT_A,1.15447,bidUp=1786010400029,askUp=1786010400029,bidDn=1786010400306,askDn=1786010400505,DIVERGENT
PENETRATION,RECENT_A,1.15450,bidUp=1786010400162,askUp=1786010400146,bidDn=1786010400029,askDn=1786010400029,DIVERGENT
PENETRATION,RECENT_A,1.15453,bidUp=1786010440668,askUp=1786010440668,bidDn=1786010400029,askDn=1786010400029,same
PENETRATION,RECENT_A,1.15456,bidUp=1786011142672,askUp=1786011142467,bidDn=1786010400029,askDn=1786010400029,DIVERGENT
PENETRATION,RECENT_A,1.15458,bidUp=1786011143434,askUp=1786011143388,bidDn=1786010400029,askDn=1786010400029,DIVERGENT
PENETRATION,RECENT_A,1.15461,bidUp=1786011359874,askUp=1786011359839,bidDn=1786010400029,askDn=1786010400029,DIVERGENT
PENETRATION,RECENT_A,1.15464,bidUp=1786011384789,askUp=1786011384789,bidDn=1786010400029,askDn=1786010400029,same
PENETRATION,RECENT_A,1.15467,bidUp=1786011397754,askUp=1786011397724,bidDn=1786010400029,askDn=1786010400029,DIVERGENT
PENETRATION,RECENT_A_SUMMARY,12,21,57.1,pct_levels_where_bid_and_ask_rules_differ,,
WINDOW,RECENT_B,2026.08.06 16:30:00,2026.08.06 17:50:00,27377,0,ny_off=-4,srv_utc=3
METRICS,RECENT_B_flagcounts,27377,19758,21670,0,14051,0
METRICS,RECENT_B_onlyflags,5707,7619,only_bid / only_ask,,,
METRICS,RECENT_B_valuecounts,27377,27377,0,values present (not necessarily updated),,
METRICS,RECENT_B_spread,0.00000,0.00002,0.00000,100.00,pct_ticks_with_spread,
PENETRATION,RECENT_B,1.15318,bidUp=1786033800030,askUp=1786033800030,bidDn=1786038587076,askDn=1786038587076,same
PENETRATION,RECENT_B,1.15325,bidUp=1786033800030,askUp=1786033800030,bidDn=1786038554561,askDn=1786038554561,same
PENETRATION,RECENT_B,1.15331,bidUp=1786033800030,askUp=1786033800030,bidDn=1786036183174,askDn=1786036183174,same
PENETRATION,RECENT_B,1.15338,bidUp=1786033800030,askUp=1786033800030,bidDn=1786036182457,askDn=1786036182612,DIVERGENT
PENETRATION,RECENT_B,1.15345,bidUp=1786033800030,askUp=1786033800030,bidDn=1786036182064,askDn=1786036182064,same
PENETRATION,RECENT_B,1.15351,bidUp=1786033800030,askUp=1786033800030,bidDn=1786036181781,askDn=1786036181781,same
PENETRATION,RECENT_B,1.15358,bidUp=1786033800030,askUp=1786033800030,bidDn=1786036181640,askDn=1786036181640,same
PENETRATION,RECENT_B,1.15365,bidUp=1786033800030,askUp=1786033800030,bidDn=1786036140376,askDn=1786036140376,same
PENETRATION,RECENT_B,1.15371,bidUp=1786033800030,askUp=1786033800030,bidDn=1786036114315,askDn=1786036114315,same
PENETRATION,RECENT_B,1.15378,bidUp=1786033800030,askUp=1786033800030,bidDn=1786033907339,askDn=1786033907339,same
PENETRATION,RECENT_B,1.15385,bidUp=1786033800030,askUp=1786033800030,bidDn=1786033805595,askDn=1786033805765,DIVERGENT
PENETRATION,RECENT_B,1.15391,bidUp=1786033831332,askUp=1786033815754,bidDn=1786033800030,askDn=1786033800030,DIVERGENT
PENETRATION,RECENT_B,1.15398,bidUp=1786033860126,askUp=1786033860126,bidDn=1786033800030,askDn=1786033800030,same
PENETRATION,RECENT_B,1.15404,bidUp=1786034169910,askUp=1786034169910,bidDn=1786033800030,askDn=1786033800030,same
PENETRATION,RECENT_B,1.15411,bidUp=1786034335450,askUp=1786034335450,bidDn=1786033800030,askDn=1786033800030,same
PENETRATION,RECENT_B,1.15418,bidUp=1786034335710,askUp=1786034335710,bidDn=1786033800030,askDn=1786033800030,same
PENETRATION,RECENT_B,1.15424,bidUp=1786034427445,askUp=1786034427445,bidDn=1786033800030,askDn=1786033800030,same
PENETRATION,RECENT_B,1.15431,bidUp=1786034435301,askUp=1786034435301,bidDn=1786033800030,askDn=1786033800030,same
PENETRATION,RECENT_B,1.15438,bidUp=1786034448582,askUp=1786034448582,bidDn=1786033800030,askDn=1786033800030,same
PENETRATION,RECENT_B,1.15444,bidUp=1786035411667,askUp=1786035411027,bidDn=1786033800030,askDn=1786033800030,DIVERGENT
PENETRATION,RECENT_B,1.15451,bidUp=1786035450375,askUp=1786035450375,bidDn=1786033800030,askDn=1786033800030,same
PENETRATION,RECENT_B_SUMMARY,4,21,19.0,pct_levels_where_bid_and_ask_rules_differ,,
WINDOW,MONTH_A,2026.07.09 10:00:00,2026.07.09 11:00:00,15382,0,ny_off=-4,srv_utc=3
METRICS,MONTH_A_flagcounts,15382,11672,11956,0,8246,0
METRICS,MONTH_A_onlyflags,3426,3710,only_bid / only_ask,,,
METRICS,MONTH_A_valuecounts,15382,15382,0,values present (not necessarily updated),,
METRICS,MONTH_A_spread,0.00000,0.00026,0.00000,100.00,pct_ticks_with_spread,
PENETRATION,MONTH_A,1.14317,bidUp=1783591200023,askUp=1783591200023,bidDn=1783594579914,askDn=-1,DIVERGENT
PENETRATION,MONTH_A,1.14322,bidUp=1783591200023,askUp=1783591200023,bidDn=1783594282925,askDn=-1,DIVERGENT
PENETRATION,MONTH_A,1.14328,bidUp=1783591200023,askUp=1783591200023,bidDn=1783593992059,askDn=1783594017741,DIVERGENT
PENETRATION,MONTH_A,1.14333,bidUp=1783591200023,askUp=1783591200023,bidDn=1783593972937,askDn=1783593972937,same
PENETRATION,MONTH_A,1.14338,bidUp=1783591200023,askUp=1783591200023,bidDn=1783593972386,askDn=1783593972386,same
PENETRATION,MONTH_A,1.14344,bidUp=1783591200023,askUp=1783591200023,bidDn=1783593954826,askDn=1783593954826,same
PENETRATION,MONTH_A,1.14349,bidUp=1783591200023,askUp=1783591200023,bidDn=1783592276531,askDn=1783593744754,DIVERGENT
PENETRATION,MONTH_A,1.14354,bidUp=1783591200023,askUp=1783591200023,bidDn=1783591611397,askDn=1783591611397,same
PENETRATION,MONTH_A,1.14360,bidUp=1783591200023,askUp=1783591200023,bidDn=1783591607285,askDn=1783591607285,same
PENETRATION,MONTH_A,1.14365,bidUp=1783591200023,askUp=1783591200023,bidDn=1783591544323,askDn=1783591598075,DIVERGENT
PENETRATION,MONTH_A,1.14370,bidUp=1783591200023,askUp=1783591200023,bidDn=1783591544051,askDn=1783591585347,DIVERGENT
PENETRATION,MONTH_A,1.14376,bidUp=1783591200023,askUp=1783591200023,bidDn=1783591544051,askDn=1783591553712,DIVERGENT
PENETRATION,MONTH_A,1.14381,bidUp=1783591200023,askUp=1783591200023,bidDn=1783591507751,askDn=1783591507751,same
PENETRATION,MONTH_A,1.14387,bidUp=1783591200023,askUp=1783591200023,bidDn=1783591466944,askDn=1783591466944,same
PENETRATION,MONTH_A,1.14392,bidUp=1783591200023,askUp=1783591200023,bidDn=1783591445345,askDn=1783591445345,same
PENETRATION,MONTH_A,1.14397,bidUp=1783591200023,askUp=1783591200023,bidDn=1783591321363,askDn=1783591322099,DIVERGENT
PENETRATION,MONTH_A,1.14403,bidUp=1783591200023,askUp=1783591200023,bidDn=1783591277673,askDn=1783591280266,DIVERGENT
PENETRATION,MONTH_A,1.14408,bidUp=1783591200023,askUp=1783591200023,bidDn=1783591277363,askDn=1783591277418,DIVERGENT
PENETRATION,MONTH_A,1.14413,bidUp=1783591200023,askUp=1783591200023,bidDn=1783591252089,askDn=1783591252702,DIVERGENT
PENETRATION,MONTH_A,1.14419,bidUp=1783591200023,askUp=1783591200023,bidDn=1783591201018,askDn=1783591201018,same
PENETRATION,MONTH_A,1.14424,bidUp=1783591225054,askUp=1783591225054,bidDn=1783591200023,askDn=1783591200023,same
PENETRATION,MONTH_A_SUMMARY,11,21,52.4,pct_levels_where_bid_and_ask_rules_differ,,
WINDOW,MONTH_B,2026.07.09 16:30:00,2026.07.09 17:50:00,30553,0,ny_off=-4,srv_utc=3
METRICS,MONTH_B_flagcounts,30553,23188,23060,0,15695,0
METRICS,MONTH_B_onlyflags,7493,7365,only_bid / only_ask,,,
METRICS,MONTH_B_valuecounts,30553,30553,0,values present (not necessarily updated),,
METRICS,MONTH_B_spread,0.00000,0.00017,0.00000,100.00,pct_ticks_with_spread,
PENETRATION,MONTH_B,1.14315,bidUp=1783614600040,askUp=1783614600040,bidDn=1783614822409,askDn=1783614822409,same
PENETRATION,MONTH_B,1.14322,bidUp=1783614600040,askUp=1783614600040,bidDn=1783614710461,askDn=1783614711675,DIVERGENT
PENETRATION,MONTH_B,1.14330,bidUp=1783614600040,askUp=1783614600040,bidDn=1783614695340,askDn=1783614695810,DIVERGENT
PENETRATION,MONTH_B,1.14337,bidUp=1783614600040,askUp=1783614600040,bidDn=1783614676824,askDn=1783614676824,same
PENETRATION,MONTH_B,1.14344,bidUp=1783614600056,askUp=1783614600040,bidDn=1783614600040,askDn=1783614600045,DIVERGENT
PENETRATION,MONTH_B,1.14352,bidUp=1783614633830,askUp=1783614633830,bidDn=1783614600040,askDn=1783614600040,same
PENETRATION,MONTH_B,1.14359,bidUp=1783614642034,askUp=1783614642034,bidDn=1783614600040,askDn=1783614600040,same
PENETRATION,MONTH_B,1.14366,bidUp=1783614642910,askUp=1783614642910,bidDn=1783614600040,askDn=1783614600040,same
PENETRATION,MONTH_B,1.14374,bidUp=1783615772700,askUp=1783615772579,bidDn=1783614600040,askDn=1783614600040,DIVERGENT
PENETRATION,MONTH_B,1.14381,bidUp=1783615892273,askUp=1783615788061,bidDn=1783614600040,askDn=1783614600040,DIVERGENT
PENETRATION,MONTH_B,1.14389,bidUp=1783616249698,askUp=1783616249698,bidDn=1783614600040,askDn=1783614600040,same
PENETRATION,MONTH_B,1.14396,bidUp=1783616401849,askUp=1783616401849,bidDn=1783614600040,askDn=1783614600040,same
PENETRATION,MONTH_B,1.14403,bidUp=1783616423589,askUp=1783616407845,bidDn=1783614600040,askDn=1783614600040,DIVERGENT
PENETRATION,MONTH_B,1.14411,bidUp=1783616447155,askUp=1783616409426,bidDn=1783614600040,askDn=1783614600040,DIVERGENT
PENETRATION,MONTH_B,1.14418,bidUp=1783616449608,askUp=1783616447532,bidDn=1783614600040,askDn=1783614600040,DIVERGENT
PENETRATION,MONTH_B,1.14425,bidUp=1783616463059,askUp=1783616463059,bidDn=1783614600040,askDn=1783614600040,same
PENETRATION,MONTH_B,1.14433,bidUp=1783616468098,askUp=1783616468098,bidDn=1783614600040,askDn=1783614600040,same
PENETRATION,MONTH_B,1.14440,bidUp=1783616473127,askUp=1783616473127,bidDn=1783614600040,askDn=1783614600040,same
PENETRATION,MONTH_B,1.14447,bidUp=1783616637783,askUp=1783616532362,bidDn=1783614600040,askDn=1783614600040,DIVERGENT
PENETRATION,MONTH_B,1.14455,bidUp=1783616684221,askUp=1783616684152,bidDn=1783614600040,askDn=1783614600040,DIVERGENT
PENETRATION,MONTH_B,1.14462,bidUp=1783616689133,askUp=1783616689133,bidDn=1783614600040,askDn=1783614600040,same
PENETRATION,MONTH_B_SUMMARY,10,21,47.6,pct_levels_where_bid_and_ask_rules_differ,,
WINDOW,HALFYEAR_A,2026.02.07 10:00:00,2026.02.07 11:00:00,0,0,ny_off=-4,srv_utc=3
WINDOW,HALFYEAR_A_STATUS,EMPTY_VALID_RANGE_OR_NO_DATA,0,err 0 with n=0 means no error was raised,,,
WINDOW,HALFYEAR_B,2026.02.07 16:30:00,2026.02.07 17:50:00,0,0,ny_off=-4,srv_utc=3
WINDOW,HALFYEAR_B_STATUS,EMPTY_VALID_RANGE_OR_NO_DATA,0,err 0 with n=0 means no error was raised,,,
WINDOW,YEAR_A,2025.08.08 10:00:00,2025.08.08 11:00:00,4364,0,ny_off=-4,srv_utc=3
METRICS,YEAR_A_flagcounts,4364,2998,3035,0,1669,0
METRICS,YEAR_A_onlyflags,1329,1366,only_bid / only_ask,,,
METRICS,YEAR_A_valuecounts,4364,4364,0,values present (not necessarily updated),,
METRICS,YEAR_A_spread,0.00008,0.00014,0.00013,100.00,pct_ticks_with_spread,
PENETRATION,YEAR_A,1.16482,bidUp=1754647200139,askUp=1754647200139,bidDn=1754647968347,askDn=-1,DIVERGENT
PENETRATION,YEAR_A,1.16490,bidUp=1754647200139,askUp=1754647200139,bidDn=1754647885987,askDn=-1,DIVERGENT
PENETRATION,YEAR_A,1.16498,bidUp=1754647201462,askUp=1754647200139,bidDn=1754647200139,askDn=1754647913913,DIVERGENT
PENETRATION,YEAR_A,1.16506,bidUp=1754647268344,askUp=1754647200139,bidDn=1754647200139,askDn=1754647880535,DIVERGENT
PENETRATION,YEAR_A,1.16514,bidUp=1754647344829,askUp=1754647203538,bidDn=1754647200139,askDn=1754647200139,DIVERGENT
PENETRATION,YEAR_A,1.16521,bidUp=1754647366388,askUp=1754647270371,bidDn=1754647200139,askDn=1754647200139,DIVERGENT
PENETRATION,YEAR_A,1.16529,bidUp=1754647373257,askUp=1754647365274,bidDn=1754647200139,askDn=1754647200139,DIVERGENT
PENETRATION,YEAR_A,1.16537,bidUp=1754647447691,askUp=1754647366637,bidDn=1754647200139,askDn=1754647200139,DIVERGENT
PENETRATION,YEAR_A,1.16545,bidUp=1754647544854,askUp=1754647447082,bidDn=1754647200139,askDn=1754647200139,DIVERGENT
PENETRATION,YEAR_A,1.16553,bidUp=1754647553927,askUp=1754647457541,bidDn=1754647200139,askDn=1754647200139,DIVERGENT
PENETRATION,YEAR_A,1.16561,bidUp=1754647569717,askUp=1754647545139,bidDn=1754647200139,askDn=1754647200139,DIVERGENT
PENETRATION,YEAR_A,1.16569,bidUp=1754647611099,askUp=1754647554127,bidDn=1754647200139,askDn=1754647200139,DIVERGENT
PENETRATION,YEAR_A,1.16577,bidUp=1754649172967,askUp=1754647570393,bidDn=1754647200139,askDn=1754647200139,DIVERGENT
PENETRATION,YEAR_A,1.16585,bidUp=1754649198744,askUp=1754647619577,bidDn=1754647200139,askDn=1754647200139,DIVERGENT
PENETRATION,YEAR_A,1.16593,bidUp=1754649201192,askUp=1754649177795,bidDn=1754647200139,askDn=1754647200139,DIVERGENT
PENETRATION,YEAR_A,1.16600,bidUp=1754649224576,askUp=1754649198744,bidDn=1754647200139,askDn=1754647200139,DIVERGENT
PENETRATION,YEAR_A,1.16608,bidUp=1754649452590,askUp=1754649201424,bidDn=1754647200139,askDn=1754647200139,DIVERGENT
PENETRATION,YEAR_A,1.16616,bidUp=1754649476004,askUp=1754649445730,bidDn=1754647200139,askDn=1754647200139,DIVERGENT
PENETRATION,YEAR_A,1.16624,bidUp=1754649537434,askUp=1754649474773,bidDn=1754647200139,askDn=1754647200139,DIVERGENT
PENETRATION,YEAR_A,1.16632,bidUp=1754649601865,askUp=1754649476004,bidDn=1754647200139,askDn=1754647200139,DIVERGENT
PENETRATION,YEAR_A,1.16640,bidUp=1754649723846,askUp=1754649537797,bidDn=1754647200139,askDn=1754647200139,DIVERGENT
PENETRATION,YEAR_A_SUMMARY,21,21,100.0,pct_levels_where_bid_and_ask_rules_differ,,
WINDOW,YEAR_B,2025.08.08 16:30:00,2025.08.08 17:50:00,7202,0,ny_off=-4,srv_utc=3
METRICS,YEAR_B_flagcounts,7202,5040,4942,0,2780,0
METRICS,YEAR_B_onlyflags,2260,2162,only_bid / only_ask,,,
METRICS,YEAR_B_valuecounts,7202,7202,0,values present (not necessarily updated),,
METRICS,YEAR_B_spread,0.00008,0.00014,0.00013,100.00,pct_ticks_with_spread,
PENETRATION,YEAR_B,1.16460,bidUp=1754670600490,askUp=1754670600490,bidDn=1754672406318,askDn=-1,DIVERGENT
PENETRATION,YEAR_B,1.16468,bidUp=1754670600490,askUp=1754670600490,bidDn=1754670949639,askDn=1754672406318,DIVERGENT
PENETRATION,YEAR_B,1.16476,bidUp=1754670600490,askUp=1754670600490,bidDn=1754670795130,askDn=1754672405917,DIVERGENT
PENETRATION,YEAR_B,1.16485,bidUp=1754670600490,askUp=1754670600490,bidDn=1754670629630,askDn=1754670949302,DIVERGENT
PENETRATION,YEAR_B,1.16493,bidUp=1754670600490,askUp=1754670600490,bidDn=1754670612225,askDn=1754670729197,DIVERGENT
PENETRATION,YEAR_B,1.16501,bidUp=1754670600490,askUp=1754670600490,bidDn=1754670604119,askDn=1754670625795,DIVERGENT
PENETRATION,YEAR_B,1.16509,bidUp=1754670673533,askUp=1754670600490,bidDn=1754670600490,askDn=1754670609961,DIVERGENT
PENETRATION,YEAR_B,1.16517,bidUp=1754670867759,askUp=1754670672525,bidDn=1754670600490,askDn=1754670600490,DIVERGENT
PENETRATION,YEAR_B,1.16526,bidUp=1754670867759,askUp=1754670673883,bidDn=1754670600490,askDn=1754670600490,DIVERGENT
PENETRATION,YEAR_B,1.16534,bidUp=1754672533391,askUp=1754670867759,bidDn=1754670600490,askDn=1754670600490,DIVERGENT
PENETRATION,YEAR_B,1.16542,bidUp=1754672551126,askUp=1754670871957,bidDn=1754670600490,askDn=1754670600490,DIVERGENT
PENETRATION,YEAR_B,1.16550,bidUp=1754672648517,askUp=1754672537312,bidDn=1754670600490,askDn=1754670600490,DIVERGENT
PENETRATION,YEAR_B,1.16558,bidUp=1754672689032,askUp=1754672611108,bidDn=1754670600490,askDn=1754670600490,DIVERGENT
PENETRATION,YEAR_B,1.16567,bidUp=1754672782426,askUp=1754672686046,bidDn=1754670600490,askDn=1754670600490,DIVERGENT
PENETRATION,YEAR_B,1.16575,bidUp=1754672805769,askUp=1754672691140,bidDn=1754670600490,askDn=1754670600490,DIVERGENT
PENETRATION,YEAR_B,1.16583,bidUp=1754672806592,askUp=1754672783917,bidDn=1754670600490,askDn=1754670600490,DIVERGENT
PENETRATION,YEAR_B,1.16591,bidUp=1754673011054,askUp=1754672805970,bidDn=1754670600490,askDn=1754670600490,DIVERGENT
PENETRATION,YEAR_B,1.16599,bidUp=1754673677519,askUp=1754672919854,bidDn=1754670600490,askDn=1754670600490,DIVERGENT
PENETRATION,YEAR_B,1.16608,bidUp=1754673805089,askUp=1754673676430,bidDn=1754670600490,askDn=1754670600490,DIVERGENT
PENETRATION,YEAR_B,1.16616,bidUp=1754673805360,askUp=1754673679673,bidDn=1754670600490,askDn=1754670600490,DIVERGENT
PENETRATION,YEAR_B,1.16624,bidUp=1754673897422,askUp=1754673805360,bidDn=1754670600490,askDn=1754670600490,DIVERGENT
PENETRATION,YEAR_B_SUMMARY,21,21,100.0,pct_levels_where_bid_and_ask_rules_differ,,
WINDOW,WINTER_A,2026.01.15 10:00:00,2026.01.15 11:00:00,4911,0,ny_off=-4,srv_utc=3
METRICS,WINTER_A_flagcounts,4911,3488,3128,0,1705,0
METRICS,WINTER_A_onlyflags,1783,1423,only_bid / only_ask,,,
METRICS,WINTER_A_valuecounts,4911,4911,0,values present (not necessarily updated),,
METRICS,WINTER_A_spread,0.00000,0.00004,0.00003,100.00,pct_ticks_with_spread,
PENETRATION,WINTER_A,1.16268,bidUp=1768471200127,askUp=1768471200127,bidDn=1768471572324,askDn=-1,DIVERGENT
PENETRATION,WINTER_A,1.16272,bidUp=1768471200127,askUp=1768471200127,bidDn=1768471545784,askDn=1768471555754,DIVERGENT
PENETRATION,WINTER_A,1.16276,bidUp=1768471200127,askUp=1768471200127,bidDn=1768471533860,askDn=1768471545765,DIVERGENT
PENETRATION,WINTER_A,1.16281,bidUp=1768471200127,askUp=1768471200127,bidDn=1768471200334,askDn=1768471248541,DIVERGENT
PENETRATION,WINTER_A,1.16285,bidUp=1768471200127,askUp=1768471200127,bidDn=1768471200138,askDn=1768471200227,DIVERGENT
PENETRATION,WINTER_A,1.16289,bidUp=1768471295820,askUp=1768471204261,bidDn=1768471200127,askDn=1768471200127,DIVERGENT
PENETRATION,WINTER_A,1.16294,bidUp=1768471316909,askUp=1768471316849,bidDn=1768471200127,askDn=1768471200127,DIVERGENT
PENETRATION,WINTER_A,1.16298,bidUp=1768471328260,askUp=1768471321814,bidDn=1768471200127,askDn=1768471200127,DIVERGENT
PENETRATION,WINTER_A,1.16302,bidUp=1768471328380,askUp=1768471328282,bidDn=1768471200127,askDn=1768471200127,DIVERGENT
PENETRATION,WINTER_A,1.16306,bidUp=1768471331589,askUp=1768471330985,bidDn=1768471200127,askDn=1768471200127,DIVERGENT
PENETRATION,WINTER_A,1.16310,bidUp=1768472387475,askUp=1768472386344,bidDn=1768471200127,askDn=1768471200127,DIVERGENT
PENETRATION,WINTER_A,1.16315,bidUp=1768472398500,askUp=1768472392349,bidDn=1768471200127,askDn=1768471200127,DIVERGENT
PENETRATION,WINTER_A,1.16319,bidUp=1768472441087,askUp=1768472435926,bidDn=1768471200127,askDn=1768471200127,DIVERGENT
PENETRATION,WINTER_A,1.16323,bidUp=1768472458026,askUp=1768472442422,bidDn=1768471200127,askDn=1768471200127,DIVERGENT
PENETRATION,WINTER_A,1.16328,bidUp=1768472458430,askUp=1768472458130,bidDn=1768471200127,askDn=1768471200127,DIVERGENT
PENETRATION,WINTER_A,1.16332,bidUp=1768472725877,askUp=1768472469841,bidDn=1768471200127,askDn=1768471200127,DIVERGENT
PENETRATION,WINTER_A,1.16336,bidUp=1768472736240,askUp=1768472736185,bidDn=1768471200127,askDn=1768471200127,DIVERGENT
PENETRATION,WINTER_A,1.16340,bidUp=1768472781115,askUp=1768472764936,bidDn=1768471200127,askDn=1768471200127,DIVERGENT
PENETRATION,WINTER_A,1.16344,bidUp=1768472884237,askUp=1768472781193,bidDn=1768471200127,askDn=1768471200127,DIVERGENT
PENETRATION,WINTER_A,1.16349,bidUp=1768472885879,askUp=1768472884270,bidDn=1768471200127,askDn=1768471200127,DIVERGENT
PENETRATION,WINTER_A,1.16353,bidUp=1768473596809,askUp=1768473554183,bidDn=1768471200127,askDn=1768471200127,DIVERGENT
PENETRATION,WINTER_A_SUMMARY,21,21,100.0,pct_levels_where_bid_and_ask_rules_differ,,
WINDOW,WINTER_B,2026.01.15 16:30:00,2026.01.15 17:50:00,11211,0,ny_off=-4,srv_utc=3
METRICS,WINTER_B_flagcounts,11211,7516,7046,0,3351,0
METRICS,WINTER_B_onlyflags,4165,3695,only_bid / only_ask,,,
METRICS,WINTER_B_valuecounts,11211,11211,0,values present (not necessarily updated),,
METRICS,WINTER_B_spread,0.00000,0.00004,0.00003,100.00,pct_ticks_with_spread,
PENETRATION,WINTER_B,1.15929,bidUp=1768494600059,askUp=1768494600059,bidDn=1768495396352,askDn=-1,DIVERGENT
PENETRATION,WINTER_B,1.15937,bidUp=1768494600059,askUp=1768494600059,bidDn=1768495349247,askDn=1768495350461,DIVERGENT
PENETRATION,WINTER_B,1.15945,bidUp=1768494600059,askUp=1768494600059,bidDn=1768495349150,askDn=1768495349150,same
PENETRATION,WINTER_B,1.15954,bidUp=1768494600059,askUp=1768494600059,bidDn=1768495337977,askDn=1768495339082,DIVERGENT
PENETRATION,WINTER_B,1.15962,bidUp=1768494600059,askUp=1768494600059,bidDn=1768495314670,askDn=1768495333376,DIVERGENT
PENETRATION,WINTER_B,1.15970,bidUp=1768494600059,askUp=1768494600059,bidDn=1768495303734,askDn=1768495311347,DIVERGENT
PENETRATION,WINTER_B,1.15979,bidUp=1768494600059,askUp=1768494600059,bidDn=1768495287717,askDn=1768495295518,DIVERGENT
PENETRATION,WINTER_B,1.15987,bidUp=1768494600059,askUp=1768494600059,bidDn=1768495277299,askDn=1768495277354,DIVERGENT
PENETRATION,WINTER_B,1.15995,bidUp=1768494600059,askUp=1768494600059,bidDn=1768495256872,askDn=1768495271518,DIVERGENT
PENETRATION,WINTER_B,1.16003,bidUp=1768494600059,askUp=1768494600059,bidDn=1768495227875,askDn=1768495254202,DIVERGENT
PENETRATION,WINTER_B,1.16012,bidUp=1768494600059,askUp=1768494600059,bidDn=1768495170981,askDn=1768495176438,DIVERGENT
PENETRATION,WINTER_B,1.16020,bidUp=1768494600059,askUp=1768494600059,bidDn=1768495148504,askDn=1768495162476,DIVERGENT
PENETRATION,WINTER_B,1.16028,bidUp=1768494600059,askUp=1768494600059,bidDn=1768494787978,askDn=1768494790380,DIVERGENT
PENETRATION,WINTER_B,1.16036,bidUp=1768494600059,askUp=1768494600059,bidDn=1768494754034,askDn=1768494769003,DIVERGENT
PENETRATION,WINTER_B,1.16044,bidUp=1768494600059,askUp=1768494600059,bidDn=1768494743379,askDn=1768494750898,DIVERGENT
PENETRATION,WINTER_B,1.16053,bidUp=1768494600059,askUp=1768494600059,bidDn=1768494738776,askDn=1768494740828,DIVERGENT
PENETRATION,WINTER_B,1.16061,bidUp=1768494600059,askUp=1768494600059,bidDn=1768494700825,askDn=1768494700882,DIVERGENT
PENETRATION,WINTER_B,1.16069,bidUp=1768494604562,askUp=1768494601405,bidDn=1768494600059,askDn=1768494600059,DIVERGENT
PENETRATION,WINTER_B,1.16078,bidUp=1768494651638,askUp=1768494611118,bidDn=1768494600059,askDn=1768494600059,DIVERGENT
PENETRATION,WINTER_B,1.16086,bidUp=1768499262558,askUp=1768494657166,bidDn=1768494600059,askDn=1768494600059,DIVERGENT
PENETRATION,WINTER_B,1.16094,bidUp=1768499310462,askUp=1768499309883,bidDn=1768494600059,askDn=1768494600059,DIVERGENT
PENETRATION,WINTER_B_SUMMARY,20,21,95.2,pct_levels_where_bid_and_ask_rules_differ,,
WINDOW,SUMMER_A,2026.07.15 10:00:00,2026.07.15 11:00:00,18431,0,ny_off=-4,srv_utc=3
METRICS,SUMMER_A_flagcounts,18431,14204,14954,0,10727,0
METRICS,SUMMER_A_onlyflags,3477,4227,only_bid / only_ask,,,
METRICS,SUMMER_A_valuecounts,18431,18431,0,values present (not necessarily updated),,
METRICS,SUMMER_A_spread,0.00000,0.00002,0.00000,100.00,pct_ticks_with_spread,
PENETRATION,SUMMER_A,1.14198,bidUp=1784109600006,askUp=1784109600006,bidDn=1784111232351,askDn=1784111232445,DIVERGENT
PENETRATION,SUMMER_A,1.14204,bidUp=1784109600006,askUp=1784109600006,bidDn=1784111224928,askDn=1784111224928,same
PENETRATION,SUMMER_A,1.14210,bidUp=1784109600006,askUp=1784109600006,bidDn=1784111219418,askDn=1784111219627,DIVERGENT
PENETRATION,SUMMER_A,1.14216,bidUp=1784109600006,askUp=1784109600006,bidDn=1784111193449,askDn=1784111193449,same
PENETRATION,SUMMER_A,1.14223,bidUp=1784109600006,askUp=1784109600006,bidDn=1784111163724,askDn=1784111163735,DIVERGENT
PENETRATION,SUMMER_A,1.14229,bidUp=1784109600006,askUp=1784109600006,bidDn=1784111140181,askDn=1784111140181,same
PENETRATION,SUMMER_A,1.14235,bidUp=1784109600006,askUp=1784109600006,bidDn=1784111001932,askDn=1784111001932,same
PENETRATION,SUMMER_A,1.14241,bidUp=1784109600006,askUp=1784109600006,bidDn=1784110914094,askDn=1784110914094,same
PENETRATION,SUMMER_A,1.14247,bidUp=1784109600006,askUp=1784109600006,bidDn=1784110718966,askDn=1784110718966,same
PENETRATION,SUMMER_A,1.14253,bidUp=1784109600006,askUp=1784109600006,bidDn=1784110716125,askDn=1784110716125,same
PENETRATION,SUMMER_A,1.14260,bidUp=1784109600006,askUp=1784109600006,bidDn=1784110692602,askDn=1784110692602,same
PENETRATION,SUMMER_A,1.14266,bidUp=1784109600006,askUp=1784109600006,bidDn=1784109926732,askDn=1784109926732,same
PENETRATION,SUMMER_A,1.14272,bidUp=1784109600006,askUp=1784109600006,bidDn=1784109914612,askDn=1784109914612,same
PENETRATION,SUMMER_A,1.14278,bidUp=1784109600006,askUp=1784109600006,bidDn=1784109885626,askDn=1784109885626,same
PENETRATION,SUMMER_A,1.14284,bidUp=1784109600006,askUp=1784109600006,bidDn=1784109876814,askDn=1784109876922,DIVERGENT
PENETRATION,SUMMER_A,1.14290,bidUp=1784109600191,askUp=1784109600191,bidDn=1784109600006,askDn=1784109600006,same
PENETRATION,SUMMER_A,1.14296,bidUp=1784109600635,askUp=1784109600635,bidDn=1784109600006,askDn=1784109600006,same
PENETRATION,SUMMER_A,1.14303,bidUp=1784109644641,askUp=1784109635886,bidDn=1784109600006,askDn=1784109600006,DIVERGENT
PENETRATION,SUMMER_A,1.14309,bidUp=1784109644905,askUp=1784109644863,bidDn=1784109600006,askDn=1784109600006,DIVERGENT
PENETRATION,SUMMER_A,1.14315,bidUp=1784110374786,askUp=1784110374700,bidDn=1784109600006,askDn=1784109600006,DIVERGENT
PENETRATION,SUMMER_A,1.14321,bidUp=1784110383992,askUp=1784110383992,bidDn=1784109600006,askDn=1784109600006,same
PENETRATION,SUMMER_A_SUMMARY,7,21,33.3,pct_levels_where_bid_and_ask_rules_differ,,
WINDOW,SUMMER_B,2026.07.15 16:30:00,2026.07.15 17:50:00,33831,0,ny_off=-4,srv_utc=3
METRICS,SUMMER_B_flagcounts,33831,26455,26472,0,19096,0
METRICS,SUMMER_B_onlyflags,7359,7376,only_bid / only_ask,,,
METRICS,SUMMER_B_valuecounts,33831,33831,0,values present (not necessarily updated),,
METRICS,SUMMER_B_spread,0.00000,0.00002,0.00000,100.00,pct_ticks_with_spread,
PENETRATION,SUMMER_B,1.14239,bidUp=1784133000005,askUp=1784133000005,bidDn=1784133008967,askDn=1784133008967,same
PENETRATION,SUMMER_B,1.14248,bidUp=1784133024017,askUp=1784133024017,bidDn=1784133000005,askDn=1784133000005,same
PENETRATION,SUMMER_B,1.14257,bidUp=1784133077634,askUp=1784133077634,bidDn=1784133000005,askDn=1784133000005,same
PENETRATION,SUMMER_B,1.14265,bidUp=1784133100176,askUp=1784133100027,bidDn=1784133000005,askDn=1784133000005,DIVERGENT
PENETRATION,SUMMER_B,1.14274,bidUp=1784133145817,askUp=1784133145781,bidDn=1784133000005,askDn=1784133000005,DIVERGENT
PENETRATION,SUMMER_B,1.14283,bidUp=1784134017189,askUp=1784134017189,bidDn=1784133000005,askDn=1784133000005,same
PENETRATION,SUMMER_B,1.14292,bidUp=1784134163423,askUp=1784134163423,bidDn=1784133000005,askDn=1784133000005,same
PENETRATION,SUMMER_B,1.14301,bidUp=1784134172717,askUp=1784134172717,bidDn=1784133000005,askDn=1784133000005,same
PENETRATION,SUMMER_B,1.14309,bidUp=1784134335163,askUp=1784134335163,bidDn=1784133000005,askDn=1784133000005,same
PENETRATION,SUMMER_B,1.14318,bidUp=1784134644676,askUp=1784134644676,bidDn=1784133000005,askDn=1784133000005,same
PENETRATION,SUMMER_B,1.14327,bidUp=1784134658301,askUp=1784134658301,bidDn=1784133000005,askDn=1784133000005,same
PENETRATION,SUMMER_B,1.14336,bidUp=1784134661247,askUp=1784134661247,bidDn=1784133000005,askDn=1784133000005,same
PENETRATION,SUMMER_B,1.14345,bidUp=1784134665840,askUp=1784134665840,bidDn=1784133000005,askDn=1784133000005,same
PENETRATION,SUMMER_B,1.14353,bidUp=1784134666263,askUp=1784134666225,bidDn=1784133000005,askDn=1784133000005,DIVERGENT
PENETRATION,SUMMER_B,1.14362,bidUp=1784136846518,askUp=1784136846518,bidDn=1784133000005,askDn=1784133000005,same
PENETRATION,SUMMER_B,1.14371,bidUp=1784137000933,askUp=1784137000921,bidDn=1784133000005,askDn=1784133000005,DIVERGENT
PENETRATION,SUMMER_B,1.14380,bidUp=1784137330830,askUp=1784137330830,bidDn=1784133000005,askDn=1784133000005,same
PENETRATION,SUMMER_B,1.14389,bidUp=1784137486769,askUp=1784137486769,bidDn=1784133000005,askDn=1784133000005,same
PENETRATION,SUMMER_B,1.14397,bidUp=1784137674438,askUp=1784137674369,bidDn=1784133000005,askDn=1784133000005,DIVERGENT
PENETRATION,SUMMER_B,1.14406,bidUp=1784137713747,askUp=1784137713710,bidDn=1784133000005,askDn=1784133000005,DIVERGENT
PENETRATION,SUMMER_B,1.14415,bidUp=1784137799771,askUp=1784137799771,bidDn=1784133000005,askDn=1784133000005,same
PENETRATION,SUMMER_B_SUMMARY,6,21,28.6,pct_levels_where_bid_and_ask_rules_differ,,
COVERAGE,probe_1y_ago,2025.08.08,72580,0,2025.08.08 01:59:16,,
COVERAGE,probe_2y_ago,2024.08.08,57485,0,2024.08.08 01:59:10,,
COVERAGE,probe_3y_ago,2023.08.09,50976,0,2023.08.09 01:59:10,,
COVERAGE,probe_4y_ago,2022.08.09,81651,0,2022.08.09 01:59:10,,
COVERAGE,probe_5y_ago,2021.08.09,62417,0,2021.08.09 01:59:10,,
COVERAGE,probe_6y_ago,2020.08.09,1635,0,2020.08.10 00:02:38,,
COVERAGE,probe_7y_ago,2019.08.10,0,0,DATA_NOT_AVAILABLE,,
COVERAGE,probe_8y_ago,2018.08.10,155438,0,2018.08.10 01:59:12,,
COVERAGE,probe_9y_ago,2017.08.10,106335,0,2017.08.10 01:59:13,,
COVERAGE,probe_10y_ago,2016.08.10,192596,0,2016.08.10 01:59:12,,
COVERAGE,probe_11y_ago,2015.08.11,246986,0,2015.08.11 01:59:13,,
COVERAGE,probe_12y_ago,2014.08.11,30774,0,2014.08.11 01:59:12,,
COVERAGE,probe_13y_ago,2013.08.11,1272,0,2013.08.12 00:00:05,,
COVERAGE,probe_14y_ago,2012.08.11,0,0,DATA_NOT_AVAILABLE,,
COVERAGE,probe_15y_ago,2011.08.12,0,0,DATA_NOT_AVAILABLE,,
COVERAGE,oldest_tick_found,2013.08.12 00:00:05,4744,days_back,,,
WINDOW,OLDEST_A,2013.08.13 10:00:00,2013.08.13 11:00:00,3147,0,ny_off=-4,srv_utc=3
METRICS,OLDEST_A_flagcounts,3147,2416,2459,0,1788,60
METRICS,OLDEST_A_onlyflags,628,671,only_bid / only_ask,,,
METRICS,OLDEST_A_valuecounts,3147,3147,0,values present (not necessarily updated),,
METRICS,OLDEST_A_spread,0.00001,0.00018,0.00004,100.00,pct_ticks_with_spread,
PENETRATION,OLDEST_A,1.32813,bidUp=1376388000000,askUp=1376388000000,bidDn=1376389502000,askDn=-1,DIVERGENT
PENETRATION,OLDEST_A,1.32822,bidUp=1376388000000,askUp=1376388000000,bidDn=1376388982000,askDn=1376388983000,DIVERGENT
PENETRATION,OLDEST_A,1.32831,bidUp=1376388000000,askUp=1376388000000,bidDn=1376388977000,askDn=1376388977000,same
PENETRATION,OLDEST_A,1.32839,bidUp=1376388000000,askUp=1376388000000,bidDn=1376388812000,askDn=1376388894000,DIVERGENT
PENETRATION,OLDEST_A,1.32848,bidUp=1376388000000,askUp=1376388000000,bidDn=1376388717000,askDn=1376388717000,same
PENETRATION,OLDEST_A,1.32857,bidUp=1376388000000,askUp=1376388000000,bidDn=1376388695000,askDn=1376388717000,DIVERGENT
PENETRATION,OLDEST_A,1.32865,bidUp=1376388000000,askUp=1376388000000,bidDn=1376388685000,askDn=1376388685000,same
PENETRATION,OLDEST_A,1.32874,bidUp=1376388000000,askUp=1376388000000,bidDn=1376388669000,askDn=1376388683000,DIVERGENT
PENETRATION,OLDEST_A,1.32883,bidUp=1376388000000,askUp=1376388000000,bidDn=1376388668000,askDn=1376388669000,DIVERGENT
PENETRATION,OLDEST_A,1.32892,bidUp=1376388000000,askUp=1376388000000,bidDn=1376388668000,askDn=1376388668000,same
PENETRATION,OLDEST_A,1.32901,bidUp=1376388000000,askUp=1376388000000,bidDn=1376388649000,askDn=1376388650000,DIVERGENT
PENETRATION,OLDEST_A,1.32909,bidUp=1376388000000,askUp=1376388000000,bidDn=1376388362000,askDn=1376388649000,DIVERGENT
PENETRATION,OLDEST_A,1.32918,bidUp=1376388000000,askUp=1376388000000,bidDn=1376388320000,askDn=1376388347000,DIVERGENT
PENETRATION,OLDEST_A,1.32927,bidUp=1376388000000,askUp=1376388000000,bidDn=1376388318000,askDn=1376388318000,same
PENETRATION,OLDEST_A,1.32936,bidUp=1376388028000,askUp=1376388018000,bidDn=1376388000000,askDn=1376388000000,DIVERGENT
PENETRATION,OLDEST_A,1.32944,bidUp=1376388037000,askUp=1376388032000,bidDn=1376388000000,askDn=1376388000000,DIVERGENT
PENETRATION,OLDEST_A,1.32953,bidUp=1376388070000,askUp=1376388037000,bidDn=1376388000000,askDn=1376388000000,DIVERGENT
PENETRATION,OLDEST_A,1.32962,bidUp=1376388089000,askUp=1376388071000,bidDn=1376388000000,askDn=1376388000000,DIVERGENT
PENETRATION,OLDEST_A,1.32970,bidUp=1376391206000,askUp=1376391206000,bidDn=1376388000000,askDn=1376388000000,same
PENETRATION,OLDEST_A,1.32979,bidUp=1376391354000,askUp=1376391326000,bidDn=1376388000000,askDn=1376388000000,DIVERGENT
PENETRATION,OLDEST_A,1.32988,bidUp=1376391357000,askUp=1376391357000,bidDn=1376388000000,askDn=1376388000000,same
PENETRATION,OLDEST_A_SUMMARY,14,21,66.7,pct_levels_where_bid_and_ask_rules_differ,,
WINDOW,OLDEST_B,2013.08.13 16:30:00,2013.08.13 17:50:00,4471,0,ny_off=-4,srv_utc=3
METRICS,OLDEST_B_flagcounts,4471,3362,3487,0,2490,112
METRICS,OLDEST_B_onlyflags,872,997,only_bid / only_ask,,,
METRICS,OLDEST_B_valuecounts,4471,4471,0,values present (not necessarily updated),,
METRICS,OLDEST_B_spread,0.00001,0.00007,0.00004,100.00,pct_ticks_with_spread,
PENETRATION,OLDEST_B,1.32335,bidUp=1376411400000,askUp=1376411400000,bidDn=1376413102000,askDn=-1,DIVERGENT
PENETRATION,OLDEST_B,1.32342,bidUp=1376411400000,askUp=1376411400000,bidDn=1376412440000,askDn=1376412446000,DIVERGENT
PENETRATION,OLDEST_B,1.32350,bidUp=1376411400000,askUp=1376411400000,bidDn=1376412440000,askDn=1376412440000,same
PENETRATION,OLDEST_B,1.32357,bidUp=1376411400000,askUp=1376411400000,bidDn=1376412345000,askDn=1376412440000,DIVERGENT
PENETRATION,OLDEST_B,1.32365,bidUp=1376411400000,askUp=1376411400000,bidDn=1376412345000,askDn=1376412345000,same
PENETRATION,OLDEST_B,1.32372,bidUp=1376411400000,askUp=1376411400000,bidDn=1376412250000,askDn=1376412343000,DIVERGENT
PENETRATION,OLDEST_B,1.32380,bidUp=1376411400000,askUp=1376411400000,bidDn=1376412101000,askDn=1376412101000,same
PENETRATION,OLDEST_B,1.32387,bidUp=1376411400000,askUp=1376411400000,bidDn=1376411763000,askDn=1376411772000,DIVERGENT
PENETRATION,OLDEST_B,1.32395,bidUp=1376411400000,askUp=1376411400000,bidDn=1376411639000,askDn=1376411762000,DIVERGENT
PENETRATION,OLDEST_B,1.32402,bidUp=1376411400000,askUp=1376411400000,bidDn=1376411639000,askDn=1376411639000,same
PENETRATION,OLDEST_B,1.32410,bidUp=1376411400000,askUp=1376411400000,bidDn=1376411636000,askDn=1376411636000,same
PENETRATION,OLDEST_B,1.32417,bidUp=1376411400000,askUp=1376411400000,bidDn=1376411597000,askDn=1376411635000,DIVERGENT
PENETRATION,OLDEST_B,1.32424,bidUp=1376411400000,askUp=1376411400000,bidDn=1376411581000,askDn=1376411596000,DIVERGENT
PENETRATION,OLDEST_B,1.32432,bidUp=1376411400000,askUp=1376411400000,bidDn=1376411562000,askDn=1376411562000,same
PENETRATION,OLDEST_B,1.32439,bidUp=1376411400000,askUp=1376411400000,bidDn=1376411466000,askDn=1376411560000,DIVERGENT
PENETRATION,OLDEST_B,1.32447,bidUp=1376411400000,askUp=1376411400000,bidDn=1376411456000,askDn=1376411461000,DIVERGENT
PENETRATION,OLDEST_B,1.32454,bidUp=1376411400000,askUp=1376411400000,bidDn=1376411410000,askDn=1376411456000,DIVERGENT
PENETRATION,OLDEST_B,1.32462,bidUp=1376411400000,askUp=1376411400000,bidDn=1376411408000,askDn=1376411408000,same
PENETRATION,OLDEST_B,1.32469,bidUp=1376411400000,askUp=1376411400000,bidDn=1376411408000,askDn=1376411408000,same
PENETRATION,OLDEST_B,1.32477,bidUp=1376411437000,askUp=1376411433000,bidDn=1376411400000,askDn=1376411400000,DIVERGENT
PENETRATION,OLDEST_B,1.32484,bidUp=1376411437000,askUp=1376411437000,bidDn=1376411400000,askDn=1376411400000,same
PENETRATION,OLDEST_B_SUMMARY,12,21,57.1,pct_levels_where_bid_and_ask_rules_differ,,
