t_trigger,dir,impulse_pips,outcome,mfe_pips,mae_pips,secs_to_mfe,secs_total
2024.01.02 10:02:23,UP,10.1,2,13.2,-40.0,679,11692
2024.01.03 17:00:07,UP,10.0,1,40.0,-35.3,67514,67514
2024.01.04 15:31:48,DOWN,-10.1,1,41.1,-27.0,86295,86295
2024.01.05 15:30:03,DOWN,-23.6,2,20.2,-40.0,108,2147
2024.01.05 16:16:42,UP,10.2,1,40.0,-1.9,2631,2631
2024.01.05 17:00:34,UP,26.4,2,22.9,-40.0,659,11749
2024.01.10 09:59:20,DOWN,-10.0,2,4.8,-40.0,137,27994
2024.01.11 15:30:00,UP,10.6,2,1.6,-42.1,0,2
2024.01.11 15:35:59,UP,10.1,2,6.7,-40.0,43,1114
2024.01.11 15:54:33,DOWN,-13.0,2,5.6,-40.0,4822,20023
2024.01.12 00:02:00,DOWN,-10.3,3,25.5,-25.8,53896,259080
2024.01.16 10:21:52,UP,10.2,2,0.8,-40.0,1,8378
2024.01.16 15:30:01,UP,10.5,3,10.1,-32.7,766,86401
2024.01.17 15:30:03,DOWN,-10.0,2,15.7,-40.0,8614,42144
2024.01.18 15:30:00,DOWN,-12.9,3,7.5,-39.1,8860,86401
2024.01.23 17:24:35,DOWN,-10.1,2,15.9,-40.2,1212,58721
2024.01.24 10:30:37,DOWN,-10.2,2,0.8,-40.0,45,4064
2024.01.24 11:39:54,UP,10.0,3,24.7,-37.8,17419,86401
2024.01.25 15:30:02,DOWN,-12.8,1,40.0,-23.0,7431,7431
2024.01.25 19:16:03,UP,10.0,3,38.6,-34.3,72847,86401
2024.01.29 00:01:00,DOWN,-11.3,1,40.0,-8.2,62274,62274
2024.01.29 22:01:49,UP,10.1,3,28.5,-17.4,67715,86401
2024.01.31 09:45:12,DOWN,-10.2,2,1.9,-40.9,204,19789
2024.01.31 15:15:01,UP,10.4,2,37.6,-40.2,6462,24490
2024.01.31 22:03:11,DOWN,-30.8,2,29.8,-40.0,44889,73312
2024.02.02 15:30:01,DOWN,-11.0,1,40.0,0.0,57,57
2024.02.02 15:36:22,DOWN,-10.2,3,32.1,-16.3,16749,203018
2024.02.05 17:00:00,DOWN,-10.3,3,9.6,-30.4,77626,86401
2024.02.07 17:53:09,DOWN,-10.4,3,21.2,-26.3,79118,86401
2024.02.09 15:31:10,UP,10.2,3,13.5,-6.9,2628,203385
2024.02.13 15:30:06,DOWN,-47.4,1,40.2,-4.8,1159,1159
2024.02.13 15:49:25,DOWN,-12.2,3,10.6,-21.8,67593,86401
2024.02.15 15:30:07,UP,10.3,3,28.4,-9.2,6440,86401
2024.02.16 15:30:09,DOWN,-20.3,2,15.3,-40.0,562,19864
2024.02.21 21:04:15,UP,10.3,1,40.0,-11.6,47394,47394
2024.02.22 10:15:00,UP,14.0,2,14.7,-40.0,14,18900
2024.02.22 15:30:03,DOWN,-10.4,3,25.9,-11.0,4362,86401
2024.02.26 00:01:00,UP,12.5,3,28.8,-18.4,53125,86409
2024.02.29 10:02:12,UP,10.1,2,17.2,-40.0,25216,33899
2024.03.01 16:48:11,DOWN,-10.0,2,2.6,-40.1,510,2391
2024.03.05 17:00:03,UP,14.2,3,30.0,-17.9,85601,86401
2024.03.07 15:15:39,DOWN,-10.2,2,16.2,-40.1,2343,8574
2024.03.08 15:30:02,DOWN,-10.0,2,11.7,-41.0,12,76
2024.03.08 15:37:38,UP,10.4,3,22.3,-25.7,365,202942
2024.03.12 14:30:01,DOWN,-20.9,3,12.1,-33.1,17,86401
2024.03.14 14:30:04,DOWN,-10.5,1,40.0,-19.9,10266,10266
2024.03.20 20:00:02,UP,10.9,1,40.0,-8.7,3242,3242
2024.03.21 10:15:00,DOWN,-11.3,1,40.0,-14.6,24747,24747
2024.03.28 00:00:41,DOWN,-10.2,1,40.0,-10.5,42860,42860
2024.03.28 14:59:19,UP,10.1,3,12.0,-38.9,3658,86401
2024.04.01 17:00:00,DOWN,-10.9,3,37.4,-5.9,60163,86401
2024.04.02 17:04:21,UP,10.1,1,40.3,-14.7,86210,86210
2024.04.03 17:01:11,UP,27.5,1,40.0,-17.8,63503,63503
2024.04.05 00:01:01,DOWN,-13.3,3,31.7,-25.0,58437,259139
2024.04.09 00:01:00,DOWN,-11.4,3,0.0,-37.9,0,86424
2024.04.10 15:30:01,DOWN,-26.8,1,40.0,0.0,180,180
2024.04.10 15:38:10,DOWN,-10.1,1,40.0,-17.6,10951,10951
2024.04.10 20:31:40,UP,10.0,2,2.7,-40.0,71873,75265
2024.04.12 09:39:31,DOWN,-10.2,1,40.0,0.0,13288,13288
2024.04.15 00:01:22,DOWN,-11.2,3,10.6,-35.7,86393,86403
2024.04.16 20:30:59,DOWN,-10.2,2,2.5,-40.0,61,53631
2024.04.18 15:31:23,DOWN,-10.1,1,40.3,-6.5,47084,47084
2024.04.19 06:29:16,UP,10.0,1,40.0,-9.9,39671,39671
2024.04.23 10:18:14,UP,10.1,1,40.2,-3.6,23271,23271
2024.04.23 16:46:06,UP,35.6,3,16.2,-20.0,42787,86401
2024.04.24 17:08:43,UP,10.1,3,38.2,-23.6,80493,86402
2024.04.25 17:13:17,UP,10.6,1,40.3,-3.6,65752,65752
2024.04.26 15:30:04,UP,10.5,2,12.3,-40.0,3,7736
2024.04.30 12:03:11,UP,10.2,2,14.4,-40.5,5899,25399
2024.05.01 17:00:02,UP,11.2,1,40.0,-21.6,17696,17696
2024.05.01 22:19:26,DOWN,-10.3,3,31.6,-24.4,67797,86403
2024.05.03 15:30:01,UP,12.4,1,40.2,0.0,46,46
2024.05.03 15:36:58,UP,10.1,2,1.7,-40.1,202,5263
2024.05.03 17:04:53,DOWN,-10.0,3,14.5,-14.1,1249,197768
2024.05.09 15:31:10,UP,10.2,1,40.2,-0.5,25679,25679
2024.05.13 18:04:04,DOWN,-10.0,3,27.3,-31.9,77184,86401
2024.05.15 15:30:01,UP,10.3,1,40.1,-8.8,19968,19968
2024.05.21 16:00:43,DOWN,-10.1,3,25.0,-16.4,82369,86401
2024.05.23 10:15:00,DOWN,-11.0,2,3.7,-40.1,735,20974
2024.05.23 16:45:00,DOWN,-12.2,1,40.0,-5.7,18156,18156
2024.05.27 15:03:41,DOWN,-10.2,2,6.2,-40.1,212,83243
2024.05.29 11:02:37,DOWN,-10.1,1,40.1,-16.9,41841,41841
2024.05.30 15:34:38,UP,10.2,1,40.3,-14.4,86160,86160
2024.05.31 15:30:38,UP,13.7,3,16.8,-25.6,1691,203369
2024.06.03 17:00:00,UP,10.5,1,40.4,0.0,24619,24619
2024.06.04 17:00:03,UP,10.4,3,15.5,-16.2,85499,86401
2024.06.05 17:00:04,DOWN,-17.3,3,16.8,-30.8,7983,86404
2024.06.07 15:30:02,DOWN,-26.1,1,40.3,-3.9,488,488
2024.06.07 15:38:10,DOWN,-11.7,1,55.6,-10.2,202946,202946
2024.06.10 00:00:37,DOWN,-26.4,1,40.1,-8.6,49276,49276
2024.06.11 11:49:32,DOWN,-10.1,3,30.1,-6.7,18252,86401
2024.06.12 15:30:05,UP,27.9,1,40.1,0.0,3578,3578
2024.06.12 17:03:57,DOWN,-10.0,1,40.0,-25.7,77937,77937
2024.06.13 15:30:02,UP,10.1,2,14.0,-40.0,40,9512
2024.06.14 14:58:13,DOWN,-10.0,3,25.8,-13.8,6879,205384
2024.06.18 15:30:04,UP,10.4,3,37.5,-2.1,7085,86405
2024.06.20 14:59:12,DOWN,-10.0,1,40.1,-17.3,70696,70696
2024.06.21 16:45:00,DOWN,-12.5,3,4.5,-14.8,120,198900
2024.06.26 00:01:41,DOWN,-12.1,3,35.2,-16.8,59505,86417
2024.06.27 15:38:51,UP,10.0,3,11.5,-29.6,3439,86401
2024.06.28 17:49:34,UP,10.0,3,34.9,-4.1,195027,195027
2024.07.01 00:00:01,UP,32.4,3,32.2,-24.3,34139,86461
2024.07.02 17:00:09,DOWN,-10.3,2,7.1,-40.0,723,81299
2024.07.03 17:00:00,UP,10.2,3,18.3,-20.7,1002,86405
2024.07.05 15:30:03,DOWN,-11.6,3,9.8,-30.7,203399,203399
2024.07.08 00:00:39,DOWN,-36.7,2,2.8,-40.1,125,57047
2024.07.11 15:30:01,UP,11.8,3,39.3,-0.4,1284,86401
2024.07.12 15:30:02,DOWN,-12.1,3,1.6,-37.0,1,203446
2024.07.15 00:00:52,DOWN,-20.5,3,3.2,-37.2,174,86408
2024.07.16 15:30:00,DOWN,-11.6,2,18.9,-40.4,2792,72651
2024.07.18 18:43:05,UP,10.1,2,1.6,-40.0,18,61947
2024.07.24 10:30:00,DOWN,-12.7,3,8.4,-32.4,1685,86402
2024.07.25 15:30:03,DOWN,-14.0,3,10.1,-29.6,4123,86401
2024.07.29 17:53:44,UP,10.1,3,22.9,-14.3,69367,86401
2024.07.31 10:04:02,DOWN,-10.3,3,13.3,-34.2,39420,86401
2024.08.01 15:30:09,UP,11.3,1,42.8,-21.7,86392,86392
2024.08.02 15:30:01,UP,23.6,1,40.2,-9.1,1535,1535
2024.08.05 00:00:50,UP,11.9,1,40.4,-29.6,37932,37932
2024.08.05 10:33:03,UP,21.1,1,40.6,-30.6,18938,18938
2024.08.05 15:48:42,UP,18.9,2,4.1,-40.0,19,4283
2024.08.05 17:00:06,DOWN,-14.2,1,40.1,-22.7,63610,63610
2024.08.08 15:31:48,DOWN,-10.0,3,36.8,-11.0,4656,86401
2024.08.13 15:30:01,UP,11.1,1,40.0,-4.4,17771,17771
2024.08.14 00:01:56,DOWN,-12.6,2,0.0,-40.0,0,43022
2024.08.14 15:30:03,UP,10.9,3,13.4,-33.8,7802,86401
2024.08.15 15:30:04,DOWN,-13.1,1,40.7,-1.9,719,719
2024.08.19 17:34:30,UP,10.0,3,36.2,-9.4,86134,86401
2024.08.21 00:01:07,DOWN,-10.5,2,18.0,-40.1,61147,74867
2024.08.21 21:03:03,UP,10.6,2,7.9,-40.1,1609,66449
2024.08.22 17:09:39,DOWN,-10.4,2,5.7,-40.2,889,86068
2024.08.23 17:04:08,UP,29.7,1,40.0,-0.1,3171,3171
2024.08.29 11:00:39,DOWN,-10.2,1,40.9,-1.2,1313,1313
2024.08.29 11:22:36,DOWN,-10.5,3,22.6,-21.8,22344,86409
2024.08.30 11:59:43,DOWN,-10.1,3,30.0,-14.6,27468,216105
2024.09.03 17:00:00,UP,10.9,2,0.0,-40.3,0,14049
2024.09.04 00:04:59,DOWN,-11.2,2,0.0,-40.5,0,60904
2024.09.04 17:00:03,UP,12.6,1,40.4,-3.9,80098,80098
2024.09.05 15:15:02,UP,10.9,3,8.5,-36.1,67484,86401
2024.09.06 15:30:01,DOWN,-10.6,2,17.0,-40.5,9,66
2024.09.06 15:36:21,UP,10.3,2,4.3,-40.2,39,2435
2024.09.06 16:27:13,DOWN,-10.1,2,25.1,-41.0,1312,5610
2024.09.06 18:00:43,UP,29.7,2,3.0,-40.0,6,430
2024.09.06 18:07:54,DOWN,-11.2,3,21.8,-17.0,6920,194019
2024.09.11 15:30:01,DOWN,-10.4,3,29.8,-9.3,8331,86401
2024.09.12 16:09:26,UP,10.1,1,40.0,-13.2,39636,39636
2024.09.17 15:31:10,UP,10.4,3,0.0,-33.4,0,86401
2024.09.18 21:00:01,UP,16.6,1,40.0,0.0,1940,1940
2024.09.18 21:32:25,UP,10.3,2,7.2,-40.1,126,1697
2024.09.18 22:01:07,DOWN,-10.7,1,40.0,-9.0,2936,2936
2024.09.19 14:14:53,DOWN,-10.6,1,40.4,-4.2,9015,9015
2024.09.19 17:09:23,DOWN,-10.5,2,2.0,-40.3,69,13052
2024.09.20 17:03:07,DOWN,-10.2,3,8.5,-31.3,4800,197895
2024.09.23 10:15:00,DOWN,-14.9,3,39.3,-20.8,3557,86401
2024.09.25 15:30:29,UP,11.2,2,7.4,-40.0,2165,8503
2024.09.25 18:09:09,DOWN,-10.2,1,40.2,-5.6,7233,7233
2024.09.25 20:09:58,DOWN,-10.1,2,0.2,-40.0,2,68628
2024.09.26 15:30:17,DOWN,-11.1,3,24.5,-39.8,68103,86401
2024.09.27 15:30:18,UP,10.1,3,37.9,-18.6,2465,203452
2024.09.30 00:01:17,DOWN,-10.3,2,0.2,-40.0,11,41473
2024.09.30 16:04:51,DOWN,-10.0,1,40.1,-3.5,9956,9956
2024.09.30 21:06:20,DOWN,-10.1,1,40.4,-1.5,50791,50791
2024.10.01 16:39:34,DOWN,-10.0,3,18.5,-22.4,13278,86401
2024.10.03 17:00:00,DOWN,-16.0,1,40.0,-19.7,81015,81015
2024.10.04 15:30:15,DOWN,-50.7,3,27.6,-6.4,14443,203455
2024.10.07 00:02:25,DOWN,-10.4,3,9.2,-23.4,46127,86462
2024.10.08 00:03:27,DOWN,-15.6,3,0.2,-38.7,0,86402
2024.10.10 15:30:01,DOWN,-15.9,3,15.1,-39.7,16699,86401
2024.10.11 15:32:24,UP,10.1,3,2.0,-24.4,10906,203316
2024.10.17 00:08:32,UP,10.9,2,7.6,-40.3,3090,57587
2024.10.17 16:09:08,DOWN,-10.1,3,15.6,-35.6,1139,86401
2024.10.24 10:15:00,DOWN,-10.2,2,7.2,-40.0,643,36057
2024.10.29 16:00:01,UP,15.4,1,40.7,-17.1,65722,65722
2024.10.30 11:00:21,UP,10.9,3,26.8,-36.3,35690,86401
2024.10.31 14:32:52,UP,10.0,3,15.8,-35.0,86254,86402
2024.11.01 14:32:54,UP,29.7,2,13.4,-40.0,433,7478
2024.11.04 00:00:47,UP,42.5,3,39.2,-5.7,50410,86405
2024.11.05 17:00:00,DOWN,-12.9,2,3.5,-40.2,0,11031
2024.11.06 02:09:01,DOWN,-10.0,1,40.8,-2.8,1275,1275
2024.11.06 02:30:46,DOWN,-10.5,1,40.1,-10.6,1801,1801
2024.11.06 03:09:51,UP,10.3,2,18.9,-40.0,447,4714
2024.11.06 04:28:28,DOWN,-10.0,1,42.9,-1.5,1908,1908
2024.11.06 05:00:29,DOWN,-10.1,2,34.3,-40.1,2653,7633
2024.11.06 07:08:14,UP,10.8,2,0.4,-40.3,9,1780
2024.11.06 07:37:54,DOWN,-11.3,1,40.2,-12.6,3418,3418
2024.11.06 08:47:59,UP,10.1,1,40.0,-14.4,6519,6519
2024.11.06 10:37:25,UP,11.2,2,13.0,-40.3,859,9559
2024.11.06 13:19:08,DOWN,-10.3,2,37.8,-40.2,6431,71567
2024.11.07 10:19:36,UP,10.0,1,40.2,-23.4,22885,22885
2024.11.07 16:43:01,UP,10.4,2,11.2,-40.2,2895,17915
2024.11.07 21:41:36,DOWN,-18.1,1,40.0,-36.3,73940,73940
2024.11.11 00:01:25,DOWN,-13.6,1,40.1,-23.4,47086,47086
2024.11.12 00:04:04,DOWN,-10.2,1,40.5,-22.3,66974,66974
2024.11.13 10:13:07,UP,10.2,1,41.1,-8.8,19019,19019
2024.11.13 15:30:06,UP,19.5,2,8.3,-40.4,5,4011
2024.11.13 16:48:42,DOWN,-10.0,1,40.1,-2.1,1101,1101
2024.11.13 17:07:03,DOWN,-15.0,1,40.1,-27.8,66007,66007
2024.11.14 13:14:05,DOWN,-10.2,2,0.8,-40.2,1,5092
2024.11.14 15:30:39,DOWN,-10.0,2,14.9,-40.2,356,4076
2024.11.14 16:38:36,UP,14.5,2,13.8,-41.1,6476,19585
2024.11.14 22:07:24,DOWN,-10.4,2,7.0,-40.3,2835,38391
2024.11.15 08:47:15,UP,11.0,2,33.3,-40.1,23204,49826
2024.11.18 11:23:28,UP,10.1,1,40.0,-31.8,35002,35002
2024.11.19 10:39:03,DOWN,-10.0,1,40.0,-5.5,2539,2539
2024.11.19 11:21:22,DOWN,-12.0,2,9.0,-40.1,51,13149
2024.11.19 15:49:12,DOWN,-10.1,3,39.2,-28.5,77667,86401
2024.11.20 16:21:14,DOWN,-11.2,3,24.2,-23.8,6644,86401
2024.11.21 17:53:48,DOWN,-10.2,1,40.0,-3.9,3130,3130
2024.11.21 19:03:47,DOWN,-10.1,1,40.8,-33.8,57936,57936
2024.11.22 11:09:24,DOWN,-11.7,1,40.6,-0.6,145,145
2024.11.22 11:14:24,DOWN,-57.4,2,28.5,-40.4,17,801
2024.11.22 11:27:45,UP,10.4,1,79.9,-15.2,217980,217980
2024.11.25 00:00:45,UP,62.1,1,40.3,-30.9,55522,55522
2024.11.25 15:26:32,UP,10.1,2,5.0,-40.0,1770,10643
2024.11.25 18:44:58,DOWN,-10.0,1,40.1,-36.2,26992,26992
2024.11.26 02:22:58,UP,10.1,1,40.0,-18.5,13545,13545
2024.11.26 10:19:54,UP,10.7,1,40.9,-4.3,14072,14072
2024.11.26 14:14:26,UP,10.1,2,21.6,-40.6,260,13397
2024.11.26 18:12:49,DOWN,-10.7,2,10.2,-40.6,8559,57231
2024.11.27 10:07:06,UP,10.4,1,40.6,-7.4,19924,19924
2024.11.27 15:39:54,UP,10.4,3,30.3,-29.7,13209,86401
2024.11.29 14:57:55,UP,10.4,3,21.3,-21.7,27942,205387
2024.12.02 00:01:10,DOWN,-14.8,1,40.0,-11.2,15268,15268
2024.12.02 09:17:41,DOWN,-10.0,1,40.1,-30.8,27850,27850
2024.12.02 17:02:47,DOWN,-10.6,2,1.8,-40.1,3713,18749
2024.12.02 22:15:16,UP,11.5,3,33.4,-20.8,78536,86403
2024.12.04 15:42:43,DOWN,-10.2,2,10.3,-40.5,1605,5559
2024.12.04 17:25:26,UP,10.1,1,40.6,-36.9,83233,83233
2024.12.05 17:24:02,DOWN,-10.2,2,3.7,-43.9,1231,79559
2024.12.06 15:30:01,UP,16.1,2,29.8,-40.0,203,6143
2024.12.06 17:48:43,UP,10.2,3,14.8,-18.5,2914,195130
2024.12.09 00:00:53,DOWN,-10.8,3,23.6,-38.6,24102,86407
2024.12.11 09:09:53,DOWN,-10.1,3,34.9,-22.0,31161,86402
2024.12.12 15:14:34,DOWN,-10.9,2,10.1,-40.3,179,6064
2024.12.12 18:07:47,UP,10.3,3,38.3,-32.6,75850,86401
2024.12.13 18:12:46,UP,10.2,3,5.9,-16.0,2288,193688
2024.12.16 00:01:00,DOWN,-18.4,2,0.0,-40.4,0,37869
2024.12.16 10:32:09,UP,17.4,2,0.0,-40.4,0,11986
2024.12.16 16:45:00,DOWN,-10.5,2,2.2,-40.0,386,9159
2024.12.16 20:59:00,UP,10.1,2,12.8,-40.3,21330,50620
2024.12.17 15:31:20,UP,10.2,3,11.5,-22.0,12965,86401
2024.12.18 17:49:46,DOWN,-10.2,1,40.3,-15.6,11544,11544
2024.12.18 21:02:11,DOWN,-49.3,1,41.0,-8.9,2189,2189
2024.12.18 21:38:41,DOWN,-23.2,1,40.0,-14.0,1635,1635
2024.12.18 22:05:56,DOWN,-15.4,2,13.4,-40.0,6912,39612
2024.12.19 09:13:30,UP,10.2,2,18.1,-40.3,8960,34653
2024.12.20 08:09:27,DOWN,-10.0,2,14.1,-40.0,210,8042
2024.12.20 15:30:26,UP,10.1,1,40.0,-21.4,22853,22853
2024.12.23 01:03:14,UP,10.1,2,3.9,-40.0,21136,41247
2024.12.24 14:57:36,DOWN,-10.1,3,5.9,-20.5,17314,118982
2024.12.26 20:02:32,UP,10.8,3,21.8,-17.3,64860,86403
2024.12.30 11:52:24,UP,10.0,2,22.2,-40.7,8528,14732
2024.12.30 15:57:56,DOWN,-13.4,3,23.6,-29.2,6895,86401
2025.01.02 12:32:16,DOWN,-10.3,1,42.6,-4.3,17695,17695
2025.01.02 17:27:11,DOWN,-11.6,1,40.2,-3.7,2170,2170
2025.01.02 18:03:22,DOWN,-22.2,2,27.9,-40.4,39,61619
2025.01.06 11:09:11,UP,10.5,1,40.0,-31.9,7617,7617
2025.01.06 13:16:08,UP,22.6,2,35.8,-41.2,8011,10827
2025.01.06 16:16:35,DOWN,-49.3,2,7.8,-40.6,9,8040
2025.01.07 09:47:25,DOWN,-11.0,1,40.8,-22.7,26027,26027
2025.01.07 17:01:12,DOWN,-21.5,1,40.2,-11.0,61029,61029
2025.01.08 13:31:58,DOWN,-10.2,3,16.8,-34.2,509,86402
2025.01.10 15:30:01,DOWN,-22.9,1,40.5,0.0,51,51
2025.01.10 15:36:00,UP,10.3,1,40.2,-5.5,6301,6301
2025.01.10 19:09:56,UP,10.0,3,7.1,-12.4,2019,190254
2025.01.13 00:01:10,DOWN,-12.3,1,41.1,-21.6,41164,41164
2025.01.13 11:27:15,DOWN,-10.9,2,4.6,-40.0,21,42853
2025.01.14 00:13:34,UP,10.0,1,40.7,-14.1,63686,63686
2025.01.15 10:19:14,DOWN,-10.1,2,9.2,-41.7,16227,18648
2025.01.15 15:30:02,UP,45.3,2,7.4,-40.1,147,8223
2025.01.15 17:49:37,DOWN,-11.0,1,40.0,-4.1,2644,2644
2025.01.15 18:33:41,DOWN,-26.7,2,4.2,-40.4,2,81389
2025.01.16 18:14:01,DOWN,-10.2,3,32.4,-32.8,79900,86401
2025.01.17 18:57:32,DOWN,-10.2,3,13.1,-10.1,17927,191029
2025.01.20 15:30:05,UP,15.9,1,41.8,0.0,109,109
2025.01.20 15:35:51,DOWN,-10.3,2,23.1,-40.7,400,4105
2025.01.20 16:44:17,UP,35.4,2,2.1,-40.3,7,3644
2025.01.20 19:24:57,DOWN,-12.0,2,15.4,-41.4,78,8520
2025.01.20 21:48:51,UP,10.5,2,22.0,-40.8,15750,18262
2025.01.21 02:53:14,DOWN,-42.0,2,30.9,-40.0,31629,56110
2025.01.21 18:28:25,UP,10.6,1,40.0,-21.2,64510,64510
2025.01.22 15:38:08,DOWN,-11.0,3,37.2,-8.1,63176,86401
2025.01.23 17:23:20,DOWN,-10.2,2,15.6,-40.4,2938,4915
2025.01.23 18:51:36,DOWN,-10.1,2,2.7,-40.0,18477,36728
2025.01.24 08:38:14,UP,10.2,1,40.2,-21.1,9765,9765
2025.01.24 11:21:28,UP,11.1,2,0.8,-40.0,180,12788
2025.01.24 16:45:00,UP,13.1,3,32.2,-14.1,9179,198968
2025.01.27 00:01:09,DOWN,-17.6,2,20.4,-40.0,32926,47551
2025.01.27 14:54:29,UP,10.0,2,9.2,-40.5,816,20184
2025.01.28 01:03:38,DOWN,-10.8,1,40.4,-4.3,1819,1819
2025.01.28 01:34:10,DOWN,-10.0,3,21.9,-20.8,45228,86417
2025.01.29 17:44:25,UP,11.2,1,40.4,-38.0,80157,80157
2025.01.30 16:00:42,UP,10.0,2,0.5,-40.2,1,1889
2025.01.30 17:41:31,UP,10.0,2,3.6,-40.3,2,17865
2025.01.30 22:39:17,DOWN,-33.7,3,37.3,-36.2,66331,86402
2025.01.31 22:53:04,DOWN,-10.4,1,119.3,-17.0,176880,176880
2025.02.03 00:01:04,DOWN,-111.0,1,40.2,-16.8,8520,8520
2025.02.03 02:23:04,DOWN,-34.1,2,2.7,-40.0,1,33019
2025.02.03 11:42:31,DOWN,-10.1,2,16.0,-40.0,895,12159
2025.02.03 15:05:22,UP,10.2,2,2.2,-40.6,4,6878
2025.02.03 17:09:07,UP,10.1,1,41.3,-2.1,901,901
2025.02.03 17:24:09,UP,38.9,1,40.3,-27.5,22505,22505
2025.02.03 23:39:14,UP,24.9,2,14.6,-40.7,5559,26724
2025.02.04 07:04:38,DOWN,-11.0,2,23.3,-40.0,433,14092
2025.02.04 17:00:02,UP,10.1,1,40.0,-10.5,59226,59226
2025.02.05 09:27:08,UP,12.8,3,33.8,-24.3,27197,86409
2025.02.06 15:30:33,UP,10.1,1,40.1,-11.6,86371,86371
2025.02.07 15:30:04,UP,32.5,2,7.2,-40.1,2,46
2025.02.07 15:47:51,DOWN,-10.2,1,40.3,-29.0,12612,12612
2025.02.07 19:18:03,DOWN,-23.7,3,22.5,-19.1,189765,189765
2025.02.10 00:00:49,DOWN,-31.1,2,17.2,-40.8,48,47082
2025.02.11 21:39:54,UP,10.8,2,26.0,-40.2,56748,64414
2025.02.12 15:33:28,DOWN,-46.7,2,2.5,-40.1,454,6652
2025.02.12 17:24:20,UP,20.9,1,43.1,-11.1,5634,5634
2025.02.12 18:58:14,UP,17.1,1,40.0,-21.1,44024,44024
2025.02.13 13:46:35,DOWN,-10.6,2,36.4,-40.5,25034,30581
2025.02.14 15:30:00,UP,10.4,3,22.5,-8.5,4626,203460
2025.02.21 00:04:03,DOWN,-10.9,3,39.9,-16.7,66144,259027
2025.02.24 00:01:18,UP,10.0,1,40.0,-10.3,10549,10549
2025.02.24 09:37:09,DOWN,-10.1,1,40.0,0.0,25833,25833
2025.02.26 17:27:31,UP,10.1,2,37.2,-40.1,7363,80329
2025.02.27 15:46:29,DOWN,-10.0,1,40.3,-12.6,8195,8195
2025.02.28 17:57:45,DOWN,-10.2,3,35.3,-16.4,11157,194600
2025.03.03 00:01:05,UP,26.8,1,40.5,-12.6,44098,44098
2025.03.03 17:00:53,UP,10.1,1,40.3,-26.4,75009,75009
2025.03.04 13:51:02,UP,10.6,2,23.1,-40.0,4802,12562
2025.03.04 18:08:29,DOWN,-10.3,2,1.7,-40.0,78,7283
2025.03.04 20:09:52,UP,17.9,1,40.0,-3.1,3131,3131
2025.03.04 22:34:26,DOWN,-10.4,2,4.8,-40.1,23167,39110
2025.03.05 09:26:36,UP,10.3,1,40.0,-3.2,4721,4721
2025.03.05 11:03:24,UP,10.2,1,40.3,-32.0,19560,19560
2025.03.05 16:29:24,UP,15.0,1,40.3,-7.3,12749,12749
2025.03.05 20:07:32,DOWN,-10.7,2,10.8,-40.1,2441,27291
2025.03.06 09:09:58,UP,10.0,1,40.0,-32.6,28426,28426
2025.03.06 17:03:44,UP,16.3,2,0.5,-40.0,1,2606
2025.03.06 17:47:20,DOWN,-10.0,1,40.0,-26.9,10596,10596
2025.03.06 20:43:56,DOWN,-12.3,2,5.4,-40.0,64,4168
2025.03.07 11:13:48,UP,10.4,3,29.6,-33.5,15707,218772
2025.03.10 00:03:23,UP,10.3,3,31.7,-37.8,44662,86401
2025.03.11 08:20:39,UP,10.2,1,40.1,-1.0,4979,4979
2025.03.11 09:43:48,UP,10.2,1,40.6,-13.9,36983,36983
2025.03.12 10:52:09,UP,10.1,2,14.1,-40.1,13092,14813
2025.03.12 16:44:45,UP,10.1,2,25.5,-40.0,5451,60863
2025.03.13 10:17:59,DOWN,-10.4,1,40.0,-19.9,17568,17568
2025.03.13 16:02:37,UP,10.0,1,40.0,-27.1,74604,74604
2025.03.14 12:46:04,UP,10.3,3,12.3,-34.6,401,213269
2025.03.17 14:30:04,UP,10.4,1,40.5,-22.0,71128,71128
2025.03.18 14:37:38,DOWN,-10.3,2,5.8,-40.1,44,14286
2025.03.19 09:36:52,DOWN,-10.3,3,31.8,-25.9,36007,86404
2025.03.20 09:38:47,DOWN,-10.0,1,40.4,-16.9,20478,20478
2025.03.20 16:04:21,UP,10.1,3,26.2,-15.7,79337,86401
2025.03.21 17:53:06,DOWN,-10.0,3,10.2,-20.3,39,194814
2025.03.24 00:00:46,UP,11.7,2,33.8,-40.0,37408,67244
2025.03.24 20:40:37,UP,10.0,3,20.7,-32.3,65549,86401
2025.03.26 15:18:35,DOWN,-11.5,3,39.4,-27.0,32999,86401
2025.03.27 17:31:56,UP,10.0,2,13.6,-40.3,585,70210
2025.03.28 15:08:12,UP,10.1,1,40.0,-9.1,7931,7931
2025.03.31 10:14:36,DOWN,-10.4,1,40.0,-3.7,25788,25788
2025.03.31 17:50:22,UP,10.3,3,31.5,-20.1,48018,86401
2025.04.01 23:47:44,UP,10.0,1,40.0,-19.4,64541,64541
2025.04.02 17:43:25,UP,10.2,1,47.5,-6.7,19804,19804
2025.04.02 23:13:29,UP,38.4,1,40.3,-9.3,258,258
2025.04.02 23:20:56,UP,10.9,2,15.3,-51.1,88,363
2025.04.02 23:26:59,DOWN,-36.5,1,40.0,-13.0,6341,6341
2025.04.03 01:12:40,DOWN,-12.8,2,3.7,-40.1,565,3270
2025.04.03 02:14:35,UP,10.2,1,40.0,-6.7,1533,1533
2025.04.03 02:42:39,UP,10.0,1,40.1,-26.1,20973,20973
2025.04.03 09:29:48,UP,10.0,1,40.0,-5.5,1245,1245
2025.04.03 09:57:39,UP,10.0,2,0.3,-40.3,110,1649
2025.04.03 10:25:30,DOWN,-10.4,2,1.5,-40.1,11,3072
2025.04.03 11:38:48,UP,10.1,1,40.1,0.0,2015,2015
2025.04.03 12:12:23,UP,11.0,1,40.9,-20.5,3604,3604
2025.04.03 13:12:27,UP,26.5,1,41.2,-1.5,38,38
2025.04.03 13:17:28,DOWN,-10.2,1,40.5,-24.6,2277,2277
2025.04.03 13:55:32,DOWN,-10.5,2,14.0,-40.2,620,3070
2025.04.03 14:47:06,UP,10.1,1,40.1,-21.0,5644,5644
2025.04.03 16:23:59,DOWN,-10.1,1,41.8,-1.2,558,558
2025.04.03 16:33:17,DOWN,-18.1,2,5.7,-40.0,16,4150
2025.04.03 18:12:28,DOWN,-10.2,1,40.5,-1.8,916,916
2025.04.03 18:27:44,DOWN,-11.6,1,40.0,-9.5,8273,8273
2025.04.03 21:19:41,UP,10.0,1,40.2,-17.6,28061,28061
2025.04.04 07:14:57,DOWN,-10.1,1,40.3,-20.4,11726,11726
2025.04.04 10:37:09,DOWN,-10.0,1,40.4,-0.6,1389,1389
2025.04.04 11:00:36,DOWN,-10.1,2,29.6,-40.1,7583,8724
2025.04.04 13:29:24,UP,10.1,1,40.0,-22.4,7064,7064
2025.04.04 15:30:02,DOWN,-14.3,1,40.3,-24.5,1222,1222
2025.04.04 15:53:16,DOWN,-10.5,1,40.0,-28.8,6221,6221
2025.04.04 17:53:29,UP,10.1,1,40.1,-12.4,4034,4034
2025.04.04 19:09:22,DOWN,-10.1,1,40.0,-3.1,3481,3481
2025.04.04 20:07:34,DOWN,-10.5,1,67.3,-10.3,186747,186747
2025.04.07 00:00:43,DOWN,-71.6,2,12.9,-40.0,654,3908
2025.04.07 01:06:33,UP,11.0,1,41.3,-12.9,888,888
2025.04.07 01:22:45,UP,10.2,2,17.6,-41.7,3755,14645
2025.04.07 05:27:13,DOWN,-10.2,2,19.0,-41.1,1077,7835
2025.04.07 08:18:58,UP,10.3,1,40.2,-6.6,6715,6715
2025.04.07 10:11:27,UP,10.1,2,13.0,-40.4,136,4055
2025.04.07 11:19:22,DOWN,-10.9,1,40.7,-14.3,4889,4889
2025.04.07 12:40:54,DOWN,-10.1,1,40.5,-38.4,19198,19198
2025.04.07 18:00:52,DOWN,-10.6,2,10.0,-40.8,1842,11257
2025.04.07 21:08:29,UP,10.1,2,0.2,-40.3,1,6805
2025.04.08 03:03:52,UP,10.2,1,40.2,-4.1,7259,7259
2025.04.08 09:33:19,UP,10.1,2,6.6,-40.1,654,4314
2025.04.08 10:56:58,DOWN,-10.6,1,40.0,-34.0,23897,23897
2025.04.08 17:35:18,DOWN,-10.4,2,2.1,-40.8,14,7979
2025.04.08 19:48:18,UP,10.8,1,40.6,-10.1,8738,8738
2025.04.09 03:24:38,UP,10.1,1,40.0,-1.5,3144,3144
2025.04.09 04:17:02,UP,11.4,1,40.5,-20.4,20165,20165
2025.04.09 09:53:40,UP,11.3,2,13.3,-40.1,122,3374
2025.04.09 10:49:55,DOWN,-10.3,2,38.1,-40.5,820,16794
2025.04.09 15:44:02,DOWN,-10.5,1,40.7,-1.1,4081,4081
2025.04.09 16:52:27,DOWN,-10.3,1,40.1,-35.9,12715,12715
2025.04.09 20:24:23,DOWN,-31.2,1,40.2,0.0,90,90
2025.04.09 20:29:32,UP,10.2,1,40.2,-6.7,963,963
2025.04.09 20:45:40,UP,10.3,2,5.6,-41.2,251,592
2025.04.09 20:57:59,UP,10.8,2,0.3,-40.0,0,376
2025.04.09 21:04:15,DOWN,-25.2,2,36.8,-40.0,228,41128
2025.04.10 09:38:45,DOWN,-10.1,2,2.3,-40.3,978,3217
2025.04.10 10:32:22,UP,22.7,1,40.0,-6.5,3954,3954
2025.04.10 11:38:17,UP,12.5,1,40.0,-19.1,8896,8896
2025.04.10 15:12:59,UP,10.0,1,40.4,-4.3,5854,5854
2025.04.10 17:02:38,UP,10.1,1,40.1,-12.0,3303,3303
2025.04.10 17:57:41,UP,15.3,1,40.1,-23.8,2698,2698
2025.04.10 18:42:39,UP,11.2,2,11.0,-40.1,13,1661
2025.04.10 19:14:50,UP,10.1,1,40.4,-14.2,7738,7738
2025.04.10 21:24:51,UP,10.0,2,4.0,-41.1,914,2567
2025.04.10 22:07:38,DOWN,-10.4,2,37.8,-40.6,1300,13958
2025.04.11 02:01:13,DOWN,-10.9,2,10.5,-40.6,548,3639
2025.04.11 03:02:37,UP,10.0,1,40.0,-16.6,1774,1774
2025.04.11 03:32:11,UP,32.1,1,40.3,0.0,30,30
2025.04.11 03:38:01,UP,11.1,2,21.0,-40.4,222,704
2025.04.11 03:51:07,UP,10.5,2,4.6,-40.2,15,1118
2025.04.11 04:09:45,DOWN,-19.0,2,1.2,-40.5,1,1974
2025.04.11 04:42:39,UP,22.9,2,35.0,-40.1,7849,14242
2025.04.11 09:02:05,DOWN,-10.1,2,27.8,-40.0,2352,3758
2025.04.11 10:04:43,UP,27.0,1,40.0,-3.1,1667,1667
2025.04.11 10:32:30,UP,11.8,1,41.4,-23.0,1806,1806
2025.04.11 11:02:36,UP,31.4,2,21.0,-40.0,15,408
2025.04.11 11:09:24,DOWN,-19.3,2,7.0,-40.3,123,1368
2025.04.11 11:32:12,UP,14.2,1,40.7,-0.3,648,648
2025.04.11 11:43:00,UP,34.0,2,36.3,-40.2,490,1514
2025.04.11 12:08:14,DOWN,-10.8,1,40.1,-23.5,3233,3233
2025.04.11 13:02:07,DOWN,-28.1,2,37.5,-40.0,3397,10540
2025.04.11 16:03:57,DOWN,-10.1,1,40.4,-27.0,2134,2134
2025.04.11 16:39:31,DOWN,-54.9,2,17.8,-40.1,15,329
2025.04.11 16:46:26,DOWN,-10.1,1,40.4,-1.3,171,171
2025.04.11 16:51:57,UP,10.2,2,36.6,-40.7,1577,8756
2025.04.11 19:17:53,DOWN,-10.4,2,27.2,-40.0,489,13193
2025.04.14 00:01:00,DOWN,-48.7,2,0.7,-40.3,274,5442
2025.04.14 01:33:26,UP,10.1,1,40.3,-29.6,10380,10380
2025.04.14 04:39:14,UP,10.0,2,4.4,-40.1,23,6278
2025.04.14 08:06:52,DOWN,-10.4,2,5.7,-40.0,251,3688
2025.04.14 09:08:21,UP,18.7,2,26.1,-40.2,3592,22487
2025.04.14 15:23:09,DOWN,-11.4,1,40.8,-14.7,2499,2499
2025.04.14 16:04:48,DOWN,-21.5,2,21.6,-40.1,345,5192
2025.04.14 17:32:18,UP,10.5,2,22.5,-40.2,4566,36276
2025.04.15 09:08:20,UP,10.1,2,21.6,-40.0,7017,19374
2025.04.15 15:12:51,UP,10.2,2,6.9,-40.0,277,7078
2025.04.15 17:11:30,DOWN,-10.0,2,3.9,-40.0,365,2691
2025.04.15 18:09:30,DOWN,-10.1,1,40.5,-5.5,4607,4607
2025.04.15 19:34:47,DOWN,-10.0,2,3.8,-40.1,506,27466
2025.04.16 03:13:35,UP,10.0,1,40.1,-3.9,19269,19269
2025.04.16 08:54:20,UP,10.2,1,40.1,-23.1,48279,48279
2025.04.16 22:34:57,DOWN,-10.0,1,40.0,-14.4,36022,36022
2025.04.17 10:04:27,UP,10.1,3,19.5,-33.4,6243,86402
2025.04.21 00:15:54,UP,10.2,1,41.7,-15.1,8213,8213
2025.04.21 03:08:41,UP,10.0,1,42.5,-11.2,8363,8363
2025.04.21 05:28:04,UP,27.7,1,40.8,-12.7,19776,19776
2025.04.21 10:57:41,UP,18.0,2,18.0,-40.0,5024,11495
2025.04.21 15:18:55,UP,10.3,2,1.5,-40.2,76,4091
2025.04.21 17:33:55,DOWN,-10.1,2,18.7,-40.0,2472,47298
2025.04.22 08:28:52,UP,10.1,2,2.8,-40.0,52,5239
2025.04.22 09:57:03,DOWN,-10.1,1,41.8,-14.6,22307,22307
2025.04.22 16:48:38,UP,10.1,2,15.8,-40.0,3324,11221
2025.04.22 20:39:01,DOWN,-10.1,1,40.2,-19.3,14029,14029
2025.04.23 00:32:50,DOWN,-13.0,1,41.2,0.0,1795,1795
2025.04.23 01:03:49,DOWN,-10.0,1,40.1,-18.7,1830,1830
2025.04.23 01:40:57,UP,10.1,1,40.2,-2.0,4852,4852
2025.04.23 03:01:49,UP,13.6,1,40.4,-6.3,6127,6127
2025.04.23 06:38:08,DOWN,-10.0,2,4.7,-40.1,2242,19340
2025.04.23 12:02:19,UP,10.5,2,16.5,-40.4,1903,16528
2025.04.23 16:37:47,DOWN,-17.2,1,40.6,-17.2,1268,1268
2025.04.23 16:58:56,DOWN,-21.0,2,14.0,-40.0,82,5245
2025.04.23 18:26:21,UP,13.3,2,1.7,-40.0,169,5313
2025.04.24 01:07:56,UP,10.1,1,40.1,-15.7,34012,34012
2025.04.24 11:39:04,DOWN,-10.3,1,40.0,-26.2,68229,68229
2025.04.25 07:04:48,DOWN,-10.1,2,0.3,-40.0,16,9321
2025.04.25 10:03:05,UP,10.2,3,36.9,-18.7,32887,223016
2025.04.28 01:30:56,DOWN,-10.0,2,0.0,-40.0,0,25234
2025.04.28 09:39:13,DOWN,-10.2,2,24.3,-40.1,1125,28838
2025.04.28 17:39:51,UP,15.5,3,31.2,-23.7,18886,86401
2025.04.29 17:42:44,DOWN,-10.5,1,40.1,-22.5,40644,40644
2025.04.30 15:15:07,UP,10.2,2,5.3,-41.8,1925,11332
2025.04.30 18:23:59,DOWN,-13.2,1,40.1,-23.7,44045,44045
2025.05.01 14:49:42,DOWN,-10.1,1,40.6,-19.9,10970,10970
2025.05.01 17:59:29,UP,10.2,1,40.2,-15.3,55168,55168
2025.05.02 09:19:47,UP,10.1,1,40.0,-20.4,26355,26355
2025.05.02 16:39:02,UP,19.2,2,15.9,-40.1,1328,7855
2025.05.02 18:49:58,DOWN,-10.0,3,32.4,-15.0,17444,191462
2025.05.05 00:39:50,DOWN,-11.0,2,0.4,-40.1,507,12981
2025.05.05 15:24:30,UP,10.0,2,9.3,-40.2,2547,12618
2025.05.05 19:09:52,DOWN,-10.2,2,19.8,-40.0,32027,55243
2025.05.06 11:07:21,DOWN,-10.3,2,21.6,-40.2,6447,22145
2025.05.06 17:16:26,UP,14.6,2,14.0,-40.2,19900,29347
2025.05.07 01:34:09,UP,10.1,2,38.7,-41.2,29965,77416
2025.05.08 03:59:48,DOWN,-10.2,1,40.0,-26.2,51732,51732
2025.05.08 18:22:00,DOWN,-13.5,1,40.8,-10.5,3096,3096
2025.05.08 19:13:36,DOWN,-11.3,2,32.1,-40.0,35814,79147
2025.05.09 17:52:36,DOWN,-10.3,1,72.6,-7.4,194911,194911
2025.05.12 00:01:09,DOWN,-54.2,2,4.3,-40.4,93,7952
2025.05.12 10:00:31,DOWN,-10.2,1,40.1,-0.3,766,766
2025.05.12 10:13:18,DOWN,-15.5,1,40.5,-0.7,871,871
2025.05.12 10:27:49,DOWN,-14.6,1,42.1,-6.6,2793,2793
2025.05.12 11:14:22,DOWN,-19.4,2,0.0,-40.0,0,1277
2025.05.12 11:39:10,UP,10.1,2,15.8,-40.0,1117,6348
2025.05.12 14:42:52,UP,10.2,3,33.2,-35.9,6560,86401
2025.05.13 15:30:01,UP,10.3,1,40.5,-13.3,8855,8855
2025.05.14 10:03:22,UP,10.1,1,40.2,-16.6,3858,3858
2025.05.14 11:07:42,UP,10.3,2,26.2,-40.8,6126,27541
2025.05.14 19:40:35,DOWN,-10.3,3,30.4,-34.2,15653,86403
2025.05.16 03:04:26,UP,10.1,2,17.6,-40.0,23042,52513
2025.05.16 17:39:39,DOWN,-12.6,3,31.0,-14.0,6038,195673
2025.05.19 00:01:00,UP,13.7,1,40.2,-13.6,36501,36501
2025.05.19 10:34:08,UP,10.4,1,40.0,-4.7,7524,7524
2025.05.19 13:54:29,UP,10.2,2,0.9,-40.0,8,10560
2025.05.19 18:54:58,DOWN,-11.1,3,21.8,-37.9,31083,86401
2025.05.21 05:09:27,UP,10.2,1,40.0,-5.9,29770,29770
2025.05.21 16:59:08,UP,10.1,2,25.8,-40.2,12480,63080
2025.05.22 10:30:28,DOWN,-24.4,1,40.1,-37.7,35857,35857
2025.05.23 14:19:56,UP,10.7,2,23.0,-40.6,1454,1940
2025.05.23 14:52:17,DOWN,-15.8,2,14.7,-40.1,1046,14304
2025.05.26 04:54:24,UP,10.1,2,5.0,-40.5,730,37437
2025.05.27 01:02:36,UP,10.1,2,13.0,-40.1,11198,33614
2025.05.27 10:22:50,DOWN,-11.5,1,40.0,-21.7,69378,69378
2025.05.28 05:39:29,DOWN,-10.4,1,40.2,-27.5,74208,74208
2025.05.29 02:33:14,DOWN,-10.1,1,40.4,-2.7,432,432
2025.05.29 02:44:11,DOWN,-10.2,2,5.1,-40.1,47,10898
2025.05.29 10:02:02,UP,10.1,1,40.7,-19.4,20233,20233
2025.05.29 15:57:39,UP,10.1,1,40.0,-7.6,44492,44492
2025.05.30 15:09:19,UP,10.2,3,21.2,-33.3,20081,204701
2025.06.02 10:51:59,UP,10.0,3,17.9,-32.3,58125,86401
2025.06.03 16:38:57,UP,10.2,3,20.5,-35.9,84095,86401
2025.06.04 17:00:00,UP,14.0,1,40.5,-8.5,83422,83422
2025.06.05 16:10:44,UP,10.1,1,40.0,-6.5,1102,1102
2025.06.05 16:29:07,UP,13.1,2,0.3,-40.3,0,5101
2025.06.06 11:47:29,DOWN,-10.1,1,40.0,-16.8,16608,16608
2025.06.06 16:24:18,DOWN,-12.4,2,3.0,-40.0,131,3795
2025.06.06 17:48:54,DOWN,-10.1,3,8.3,-13.2,426,195166
2025.06.09 14:34:14,DOWN,-10.1,3,32.8,-29.8,70767,86401
2025.06.10 15:02:40,UP,10.2,3,8.3,-34.0,3932,86401
2025.06.11 15:30:01,UP,20.7,1,40.1,-0.8,14615,14615
2025.06.12 12:08:58,UP,10.5,1,40.0,-4.5,4910,4910
2025.06.12 13:49:10,UP,10.0,1,40.2,-7.6,6088,6088
2025.06.12 15:30:39,UP,35.3,2,0.1,-40.0,0,3150
2025.06.12 16:48:01,DOWN,-10.3,1,40.6,-22.0,38916,38916
2025.06.13 03:36:37,DOWN,-11.7,1,40.0,-10.3,17834,17834
2025.06.13 08:39:12,UP,10.1,1,40.5,-37.0,35772,35772
2025.06.13 23:44:55,UP,10.3,3,1.0,-23.3,688,173771
2025.06.16 00:01:07,DOWN,-21.9,2,6.0,-40.4,60,35433
2025.06.16 09:52:45,UP,10.1,1,40.1,-4.7,26053,26053
2025.06.16 17:42:51,DOWN,-10.0,1,40.3,-1.0,18763,18763
2025.06.17 05:53:05,UP,10.5,2,20.6,-40.1,34618,42138
2025.06.17 17:38:17,DOWN,-10.0,1,42.5,-26.3,22991,22991
2025.06.18 00:06:30,UP,10.8,1,41.1,-10.7,66179,66179
2025.06.18 18:29:34,UP,10.7,2,1.6,-40.0,33,7941
2025.06.18 21:00:01,UP,12.7,2,19.6,-40.0,44,3683
2025.06.18 22:01:30,DOWN,-10.2,3,18.1,-24.6,41484,86401
2025.06.20 14:46:15,UP,10.1,2,19.5,-72.3,19986,206127
2025.06.23 00:01:42,DOWN,-70.0,2,0.0,-40.0,0,3748
2025.06.23 01:04:10,UP,22.1,1,40.2,-38.6,58913,58913
2025.06.23 17:27:22,UP,10.7,1,40.0,-19.0,14247,14247
2025.06.24 01:06:24,UP,10.3,1,40.7,-12.6,58739,58739
2025.06.24 17:26:53,UP,10.1,2,1.4,-42.1,6,23626
2025.06.25 00:01:00,DOWN,-10.0,2,8.2,-40.0,39222,74193
2025.06.26 02:02:54,UP,10.1,1,40.2,-3.8,14608,14608
2025.06.26 06:06:22,UP,11.5,3,34.8,-38.4,20089,86401
2025.06.27 10:19:59,DOWN,-10.1,3,28.1,-37.7,40791,222071
2025.06.30 00:01:28,UP,14.1,1,40.3,-21.6,68129,68129
2025.07.01 00:01:04,DOWN,-12.8,2,6.5,-40.5,36140,42800
2025.07.01 11:54:25,UP,17.4,2,15.2,-40.0,2401,22115
2025.07.01 19:04:27,DOWN,-10.1,2,4.4,-40.0,2803,17250
2025.07.02 14:58:05,DOWN,-10.0,2,0.4,-40.0,8,1590
2025.07.02 15:24:35,UP,11.9,3,22.6,-36.5,69037,86402
2025.07.03 15:30:01,DOWN,-18.2,1,41.3,0.0,18,18
2025.07.03 15:35:30,UP,10.0,1,40.0,-14.2,4172,4172
2025.07.03 16:54:35,UP,10.5,3,11.9,-37.8,376,86401
2025.07.07 00:01:40,UP,14.1,2,9.3,-40.1,11749,39970
2025.07.07 19:23:14,DOWN,-10.5,2,37.5,-40.0,2414,55714
2025.07.08 16:24:26,DOWN,-10.0,3,20.0,-27.0,3589,86401
2025.07.10 02:59:05,UP,10.2,2,10.8,-40.0,2700,48677
2025.07.10 17:23:57,DOWN,-10.1,3,13.2,-38.3,337,86402
2025.07.14 00:02:20,DOWN,-29.2,3,5.2,-38.3,33634,86441
2025.07.15 15:30:01,UP,19.3,2,6.3,-40.2,303,3926
2025.07.15 17:01:11,DOWN,-10.2,1,40.0,-7.5,12466,12466
2025.07.16 15:30:03,UP,11.1,2,7.7,-40.3,6,4771
2025.07.16 16:49:34,DOWN,-12.9,2,2.6,-41.0,3019,4012
2025.07.16 17:56:26,UP,13.8,1,41.0,-14.3,1191,1191
2025.07.16 18:16:17,UP,26.4,1,40.5,-0.9,96,96
2025.07.16 18:22:26,UP,10.0,1,40.8,-10.2,490,490
2025.07.16 18:30:37,UP,33.5,2,2.3,-40.5,21,960
2025.07.16 18:46:37,DOWN,-11.0,1,40.0,-5.3,516,516
2025.07.16 18:55:13,DOWN,-24.0,1,40.0,-20.3,51803,51803
2025.07.17 09:18:37,DOWN,-10.3,1,41.1,-6.9,22336,22336
2025.07.17 15:30:53,DOWN,-18.4,2,1.0,-40.4,1,2230
2025.07.17 16:08:03,UP,10.5,1,40.3,-20.6,68252,68252
2025.07.18 16:24:24,UP,10.0,2,4.9,-40.4,2146,12422
2025.07.21 17:01:58,UP,10.2,1,40.0,-2.2,4731,4731
2025.07.22 16:43:45,UP,10.3,1,40.1,-10.2,6784,6784
2025.07.22 18:37:57,UP,10.2,3,14.8,-34.8,3149,86401
2025.07.23 18:56:07,UP,11.0,1,40.2,-14.6,79702,79702
2025.07.24 17:04:30,UP,13.6,2,3.3,-40.1,645,24296
2025.07.25 00:02:32,DOWN,-11.2,3,33.0,-24.6,57807,259109
2025.07.28 00:01:01,UP,11.4,2,18.2,-40.0,11758,33954
2025.07.28 10:29:40,DOWN,-10.0,1,40.2,0.0,7526,7526
2025.07.28 12:36:29,DOWN,-10.6,1,40.1,-11.8,20724,20724
2025.07.29 09:34:14,DOWN,-10.8,1,40.2,-25.5,23148,23148
2025.07.29 16:59:35,UP,10.4,2,26.0,-40.7,40586,81051
2025.07.30 15:31:51,DOWN,-10.3,1,40.3,-1.7,2491,2491
2025.07.30 16:13:22,DOWN,-13.7,2,2.6,-40.3,2534,19353
2025.07.30 21:35:55,UP,14.4,2,1.6,-40.6,6,399
2025.07.30 21:42:34,DOWN,-13.6,1,40.3,-5.9,1337,1337
2025.07.30 22:09:51,UP,10.2,3,29.6,-30.4,42516,86401
2025.08.01 13:33:50,UP,10.2,1,40.1,-25.5,7034,7034
2025.08.01 15:31:04,UP,63.0,1,40.0,0.0,87,87
2025.08.01 15:37:12,UP,10.1,1,41.3,-14.4,2046,2046
2025.08.01 16:11:19,UP,10.0,2,27.0,-40.2,2961,14710
2025.08.01 22:30:12,UP,10.1,1,40.7,-6.1,3857,3857
2025.08.01 23:48:06,UP,10.0,3,1.1,-12.3,69,173645
2025.08.04 03:04:12,DOWN,-10.1,3,28.1,-10.8,30815,86401
2025.08.05 10:47:37,DOWN,-10.1,2,18.5,-40.0,13884,31714
2025.08.06 13:08:30,UP,10.0,1,40.0,-4.8,18033,18033
2025.08.06 18:40:38,DOWN,-10.1,2,1.2,-41.1,1,10530
2025.08.07 11:06:27,DOWN,-10.3,1,41.5,-4.4,12501,12501
2025.08.07 14:34:49,DOWN,-10.1,3,33.4,-34.9,12601,86402
2025.08.11 17:04:17,DOWN,-10.2,2,19.1,-40.4,3998,80755
2025.08.12 15:30:12,UP,48.0,1,40.0,-34.4,10834,10834
2025.08.12 18:34:08,DOWN,-10.0,2,10.9,-40.0,13027,60194
2025.08.14 15:30:02,DOWN,-13.7,3,36.1,-25.4,16072,86401
2025.08.15 15:31:29,DOWN,-10.4,2,0.1,-40.1,5,5770
2025.08.18 11:04:52,DOWN,-10.3,3,31.9,-17.3,62826,86401
2025.08.20 15:32:59,UP,10.6,3,10.5,-38.1,1386,86401
2025.08.21 15:33:01,UP,10.7,2,5.5,-40.2,300,7701
2025.08.21 18:11:35,DOWN,-10.4,2,19.1,-40.5,47931,82119
2025.08.22 17:00:14,UP,44.3,1,40.1,-6.7,675,675
2025.08.22 17:16:48,UP,10.0,1,40.4,-10.7,10704,10704
2025.08.25 22:09:25,DOWN,-10.4,2,0.9,-40.2,8,18256
2025.08.26 03:13:42,UP,10.1,2,15.9,-40.0,1476,25505
2025.08.26 11:23:12,DOWN,-10.2,2,1.0,-40.0,28,7331
2025.08.26 17:23:00,UP,10.0,2,3.1,-40.3,290,48710
2025.08.27 11:31:49,DOWN,-10.2,2,4.9,-40.1,9069,28684
2025.08.27 19:47:41,UP,10.0,1,40.0,-8.4,69713,69713
2025.08.28 15:39:49,UP,10.1,3,21.8,-24.7,16724,86406
2025.08.29 17:32:29,UP,10.0,3,13.2,-14.7,1797,196140
2025.09.01 00:01:30,UP,11.7,1,40.1,-9.6,42602,42602
2025.09.02 10:14:15,DOWN,-10.0,1,40.0,-0.2,2423,2423
2025.09.02 10:54:38,DOWN,-21.4,1,40.7,-32.4,84371,84371
2025.09.03 10:49:25,UP,10.2,1,40.0,-4.0,22485,22485
2025.09.03 17:04:11,UP,24.5,2,8.7,-40.0,5192,81291
2025.09.04 15:58:06,UP,10.5,1,40.0,-16.1,72762,72762
2025.09.05 15:30:01,UP,16.4,1,40.3,-2.7,5525,5525
2025.09.05 17:03:51,UP,10.4,2,0.2,-40.1,7023,15283
2025.09.09 17:00:10,UP,10.1,2,10.2,-40.1,13,13498
2025.09.10 09:58:33,DOWN,-10.0,3,17.4,-30.7,179,86406
2025.09.11 15:16:26,DOWN,-10.3,2,13.3,-40.4,818,928
2025.09.11 15:31:55,UP,30.8,3,33.3,-22.3,67864,86401
2025.09.12 15:33:08,DOWN,-10.1,3,1.8,-38.9,502,203300
2025.09.16 15:30:01,DOWN,-10.7,2,1.1,-40.2,0,5659
2025.09.16 18:04:23,DOWN,-10.3,3,8.5,-37.5,68943,86401
2025.09.17 21:00:01,UP,12.5,1,40.3,0.0,463,463
2025.09.17 21:07:44,UP,11.9,2,14.3,-40.0,110,1775
2025.09.17 21:37:19,DOWN,-12.6,1,40.1,-11.2,960,960
2025.09.17 21:53:20,DOWN,-23.6,1,40.1,-32.4,40354,40354
2025.09.18 10:04:37,UP,10.0,1,40.0,-1.7,9196,9196
2025.09.18 12:38:55,UP,10.0,2,0.8,-40.4,195,10277
2025.09.18 15:30:12,DOWN,-11.7,1,40.2,-1.8,4069,4069
2025.09.18 16:39:05,DOWN,-10.1,3,34.2,-31.2,82421,86403
2025.09.22 16:56:25,DOWN,-10.5,2,12.6,-40.2,2451,42256
2025.09.23 10:15:00,DOWN,-10.3,3,0.9,-38.4,1,86401
2025.09.25 15:30:00,DOWN,-10.1,1,40.0,-1.3,5009,5009
2025.09.25 17:08:10,UP,10.0,2,0.0,-40.0,0,11899
2025.09.26 16:04:06,UP,10.1,3,13.9,-14.8,26303,201443
2025.09.29 03:04:52,UP,10.0,1,40.2,-6.5,49270,49270
2025.09.30 00:01:00,DOWN,-12.0,2,2.2,-40.1,18052,41470
2025.09.30 16:09:38,DOWN,-10.2,2,4.5,-40.2,984,15128
2025.10.01 09:43:42,UP,10.3,2,4.1,-40.2,1849,11197
2025.10.01 15:15:47,UP,10.9,3,34.5,-19.1,153,86401
2025.10.03 17:00:00,UP,10.9,3,10.1,-34.9,445,198048
2025.10.06 00:00:51,DOWN,-25.9,1,40.2,-15.9,38519,38519
2025.10.06 10:42:50,DOWN,-36.3,2,22.3,-40.2,1998,25759
2025.10.07 00:01:32,DOWN,-10.3,1,40.1,-13.6,45257,45257
2025.10.08 04:00:08,DOWN,-10.5,3,38.9,-7.7,56118,86402
2025.10.09 12:04:51,UP,10.4,2,4.9,-40.4,3191,19300
2025.10.09 18:07:48,DOWN,-10.0,2,24.6,-40.0,13510,86352
2025.10.10 18:07:01,UP,11.5,3,24.0,-9.8,1748,194039
2025.10.13 00:01:25,DOWN,-12.8,1,40.0,-20.2,53637,53637
2025.10.14 10:28:39,DOWN,-10.3,2,16.9,-40.2,974,30170
2025.10.14 19:19:51,UP,10.0,3,34.1,-14.0,84371,86401
2025.10.16 00:01:06,DOWN,-10.1,2,0.3,-40.3,210,64239
2025.10.17 10:22:42,DOWN,-10.1,1,40.0,-20.3,47801,47801
2025.10.20 00:01:00,UP,12.0,3,13.5,-23.8,30898,86428
2025.10.24 10:30:00,UP,10.1,3,31.8,-12.0,18003,221400
2025.10.29 20:00:39,DOWN,-10.0,1,40.0,-14.2,2321,2321
2025.10.29 20:39:21,DOWN,-47.0,1,40.2,-39.9,65898,65898
2025.10.31 15:43:40,DOWN,-10.1,3,12.7,-9.9,17913,202661
2025.11.03 17:03:51,UP,10.0,2,17.8,-40.0,8117,77245
2025.11.05 17:00:00,DOWN,-13.2,2,4.6,-40.2,149,61550
2025.11.07 00:01:00,DOWN,-10.8,2,6.4,-40.2,30429,60431
2025.11.07 17:02:41,UP,10.1,3,8.3,-28.4,2020,197913
2025.11.10 02:00:54,UP,10.5,3,29.0,-13.3,31037,86409
2025.11.11 15:24:33,UP,10.1,3,15.8,-25.4,1966,86401
2025.11.13 11:39:10,DOWN,-10.1,2,8.6,-40.2,8233,27994
2025.11.17 00:09:12,UP,10.5,2,2.1,-40.2,3438,61226
2025.11.18 17:59:01,DOWN,-10.0,1,40.1,-15.8,85845,85845
2025.11.20 15:30:02,DOWN,-10.0,2,3.4,-40.0,1,3689
2025.11.21 00:04:49,DOWN,-12.5,3,24.5,-37.2,67018,259000
2025.11.25 14:43:02,UP,10.0,1,40.2,-3.5,9624,9624
2025.11.25 19:00:16,UP,10.3,3,37.5,-16.6,84958,86401
2025.11.27 00:04:01,DOWN,-15.3,3,5.0,-32.2,40917,86459
2025.11.28 11:08:30,UP,10.3,3,29.0,-23.4,24686,219211
2025.12.02 17:33:11,UP,10.1,1,40.3,-18.6,56225,56225
2025.12.04 15:30:00,DOWN,-10.2,3,19.3,-19.0,30634,86401
2025.12.05 18:09:56,DOWN,-10.0,3,9.4,-11.4,666,193874
2025.12.08 08:01:09,UP,10.1,2,5.8,-40.0,211,33331
2025.12.09 17:00:01,DOWN,-11.6,3,11.8,-31.3,606,86401
2025.12.10 21:00:00,DOWN,-10.6,2,0.8,-40.1,0,3852
2025.12.10 22:04:40,UP,10.1,1,40.3,-9.7,63485,63485
2025.12.11 17:09:43,UP,10.3,3,17.3,-26.4,7364,86402
2025.12.15 00:02:40,DOWN,-12.6,2,3.9,-40.0,149,61381
2025.12.15 17:24:08,UP,10.0,3,35.4,-30.3,85069,86401
2025.12.16 21:25:42,DOWN,-10.1,3,37.6,-22.2,43147,86403
2025.12.18 09:57:36,DOWN,-10.1,3,29.6,-28.8,86401,86401
2025.12.19 16:04:14,UP,10.1,3,8.4,-23.5,1377,201706
2025.12.23 15:31:42,DOWN,-10.0,3,15.8,-28.0,8075,86402
2025.12.29 11:43:28,DOWN,-10.0,3,27.8,-11.4,27744,86402
2025.12.31 17:54:34,UP,10.0,3,12.9,-11.6,18298,108326
2026.01.02 10:19:10,DOWN,-10.2,3,11.3,-30.1,7796,222050
2026.01.05 00:58:23,DOWN,-10.0,1,40.0,-3.0,50396,50396
2026.01.07 17:00:00,DOWN,-10.0,3,30.3,-12.2,84126,86403
2026.01.09 15:30:01,DOWN,-11.0,3,14.7,-27.9,6672,203399
2026.01.12 00:00:02,DOWN,-11.3,2,4.0,-40.3,7366,11468
2026.01.13 15:30:01,UP,10.3,3,14.6,-28.8,20,86401
2026.01.15 15:31:44,DOWN,-10.2,3,16.3,-14.3,4292,86401
2026.01.16 17:22:34,DOWN,-10.1,3,27.4,-3.7,196646,196646
2026.01.19 00:00:30,DOWN,-16.6,2,4.4,-40.1,228,6123
2026.01.19 02:08:44,DOWN,-10.1,3,4.8,-39.5,437,86401
2026.01.20 09:34:04,UP,10.2,1,40.2,-1.0,5598,5598
2026.01.20 11:07:33,UP,10.1,1,40.1,-13.3,16025,16025
2026.01.20 15:34:38,UP,47.0,2,0.2,-40.1,0,1805
2026.01.21 16:04:53,DOWN,-10.0,1,40.2,-4.6,19419,19419
2026.01.21 21:28:32,DOWN,-14.8,2,19.5,-40.0,14675,72029
2026.01.22 19:08:55,DOWN,-10.4,2,1.5,-40.0,0,84903
2026.01.23 21:54:30,UP,10.0,1,56.6,-1.8,180330,180330
2026.01.26 00:00:00,UP,33.9,1,40.0,-29.3,65050,65050
2026.01.26 18:04:11,UP,10.4,2,1.5,-40.1,15,57142
2026.01.27 11:52:26,UP,10.3,1,40.0,-4.7,9226,9226
2026.01.27 14:26:26,UP,10.1,1,40.1,-13.5,10110,10110
2026.01.27 17:34:28,DOWN,-10.1,2,7.3,-40.3,481,18649
2026.01.27 22:45:17,UP,10.5,1,40.2,-2.2,120,120
2026.01.27 22:50:33,DOWN,-10.2,1,40.0,-24.5,16390,16390
2026.01.28 07:01:55,DOWN,-10.1,1,40.2,-35.8,36324,36324
2026.01.28 17:07:19,DOWN,-19.7,1,40.6,-10.9,14062,14062
2026.01.28 21:01:41,DOWN,-14.6,2,10.9,-40.1,29,3738
2026.01.28 22:09:31,DOWN,-10.1,2,7.6,-40.0,265,12567
2026.01.29 01:59:59,UP,10.1,2,18.7,-40.0,25438,54996
2026.01.29 17:16:36,DOWN,-10.6,1,40.0,-36.8,39891,39891
2026.01.30 04:21:27,DOWN,-14.7,2,2.9,-40.0,32,20027
2026.01.30 13:51:20,UP,10.0,2,10.8,-40.0,693,7178
2026.01.30 17:01:27,DOWN,-10.4,1,40.0,-8.7,12438,12438
2026.01.30 20:47:28,UP,10.0,3,9.4,-26.3,1363,184352
2026.02.02 02:01:03,UP,10.4,2,18.2,-40.3,1012,50896
2026.02.02 17:00:00,DOWN,-11.3,3,34.4,-14.2,15030,86401
2026.02.04 17:32:38,DOWN,-10.1,3,19.3,-22.2,66348,86401
2026.02.09 08:00:59,UP,10.3,1,40.0,-6.5,25144,25144
2026.02.10 15:30:29,UP,10.1,2,25.7,-43.8,3826,86372
2026.02.11 15:30:01,DOWN,-41.2,3,26.2,-34.5,217,86401
2026.02.12 16:14:46,DOWN,-10.1,3,27.9,-15.1,62592,86401
2026.02.13 17:18:19,DOWN,-10.1,3,12.4,-23.0,2492,196901
2026.02.17 17:02:32,DOWN,-11.0,2,8.7,-40.1,2909,13719
2026.02.18 17:04:46,UP,10.2,2,1.4,-40.1,8,15162
2026.02.19 16:04:50,DOWN,-10.0,3,13.5,-27.5,1222,86403
2026.02.20 17:01:24,UP,10.2,3,29.6,-22.7,1046,197916
2026.02.23 00:00:31,UP,10.5,1,40.0,-2.3,7042,7042
2026.02.26 10:04:40,DOWN,-10.0,3,31.7,-14.2,35091,86409
2026.03.02 00:00:00,DOWN,-41.9,1,40.0,-24.4,31309,31309
2026.03.02 10:43:16,UP,10.0,2,36.2,-40.0,6091,75259
2026.03.03 10:12:53,DOWN,-10.2,1,40.1,-4.3,8722,8722
2026.03.03 12:38:27,DOWN,-10.0,1,40.0,-22.7,16318,16318
2026.03.03 17:18:11,DOWN,-10.0,2,8.9,-40.1,151,1346
2026.03.03 17:41:41,UP,10.0,1,40.0,-15.7,14395,14395
2026.03.03 21:41:38,UP,10.0,2,0.0,-40.0,0,20200
2026.03.04 03:37:53,UP,10.1,1,40.0,-0.7,21246,21246
2026.03.04 11:13:45,UP,10.1,1,40.2,-2.1,7441,7441
2026.03.04 13:27:49,DOWN,-10.2,1,40.0,-8.0,65416,65416
2026.03.05 08:49:59,UP,10.2,2,34.9,-40.0,8339,31707
2026.03.05 17:38:27,DOWN,-12.1,2,10.8,-40.0,2912,17366
2026.03.06 13:12:28,UP,10.1,1,40.0,-32.2,25433,25433
2026.03.09 00:00:00,DOWN,-70.4,2,39.5,-40.0,13956,55939
2026.03.09 16:05:52,DOWN,-10.2,2,19.5,-40.5,369,18866
2026.03.09 21:22:02,UP,10.1,1,40.0,-8.8,44606,44606
2026.03.10 12:34:30,DOWN,-10.0,1,40.0,-32.6,80944,80944
2026.03.11 11:03:34,DOWN,-18.0,1,40.0,-18.2,49035,49035
2026.03.12 15:19:55,DOWN,-10.0,1,40.1,-9.9,63008,63008
2026.03.13 09:48:33,DOWN,-10.0,1,40.0,-32.9,44451,44451
2026.03.16 00:00:00,UP,11.5,1,40.3,-13.5,44401,44401
2026.03.16 17:51:58,DOWN,-10.1,2,19.1,-40.0,51739,76083
2026.03.17 15:02:44,UP,10.2,3,21.5,-30.6,80234,86401
2026.03.18 20:15:42,DOWN,-10.3,1,40.0,-9.1,7022,7022
2026.03.19 04:07:38,UP,10.1,2,7.0,-40.3,760,21639
2026.03.19 11:03:16,UP,10.0,1,40.2,-4.0,15423,15423
2026.03.19 15:23:30,DOWN,-10.1,2,17.3,-40.1,464,1959
2026.03.19 16:06:21,UP,10.1,1,40.0,-28.7,13737,13737
2026.03.19 20:57:24,UP,10.3,1,40.1,-0.6,653,653
2026.03.19 21:08:17,UP,18.6,2,3.2,-40.0,3,17859
2026.03.20 09:08:48,UP,10.1,2,9.4,-40.2,4696,25820
2026.03.20 17:14:46,UP,10.0,3,24.0,-9.9,11594,197114
2026.03.23 00:00:00,DOWN,-29.7,1,41.1,-23.0,42251,42251
2026.03.23 12:50:28,UP,10.0,1,40.1,-16.0,904,904
2026.03.23 13:05:32,UP,52.9,1,40.8,-1.5,24,24
2026.03.23 13:10:33,UP,10.4,2,15.5,-40.1,36,610
2026.03.23 13:20:43,DOWN,-22.5,2,17.6,-40.0,29,678
2026.03.23 13:32:01,UP,22.5,1,40.2,-38.0,10142,10142
2026.03.23 16:23:28,UP,10.1,2,12.3,-40.0,913,5324
2026.03.23 17:52:12,DOWN,-11.6,2,11.2,-40.0,1552,9768
2026.03.24 02:39:07,DOWN,-10.2,2,28.3,-40.0,59187,71261
2026.03.24 22:28:12,DOWN,-10.3,1,40.0,-22.5,63167,63167
2026.03.25 17:17:14,DOWN,-10.0,1,40.0,-18.6,74342,74342
2026.03.26 15:59:04,DOWN,-10.1,3,35.0,-22.2,79612,86401
2026.03.27 17:23:49,UP,10.1,3,10.3,-36.7,572,196571
2026.03.30 00:00:11,DOWN,-10.2,1,40.2,-24.2,62429,62429
2026.03.31 03:38:54,UP,10.2,1,40.6,-4.5,41425,41425
2026.03.31 15:12:35,DOWN,-10.2,2,1.3,-40.3,14,6094
2026.03.31 16:54:11,UP,10.1,1,40.1,-17.7,35753,35753
2026.04.01 04:03:49,DOWN,-10.4,2,9.4,-40.0,2524,26882
2026.04.01 15:44:56,UP,10.3,2,15.6,-40.2,8304,45178
2026.04.02 04:17:54,DOWN,-19.7,1,40.2,-6.8,14526,14526
2026.04.02 08:49:30,DOWN,-10.1,3,23.2,-38.8,54738,86426
2026.04.03 15:30:01,DOWN,-10.2,3,22.3,-6.4,29797,203399
2026.04.06 00:00:35,UP,11.1,1,40.0,-16.6,38977,38977
2026.04.06 13:46:19,DOWN,-10.3,3,16.5,-34.8,55281,86401
2026.04.07 17:24:51,UP,10.1,1,40.0,-7.4,27507,27507
2026.04.08 01:03:18,UP,15.0,1,40.1,-24.4,2235,2235
2026.04.08 01:42:15,DOWN,-10.0,2,2.6,-40.0,16,2240
2026.04.08 02:19:35,UP,10.0,1,40.1,-13.5,49357,49357
2026.04.08 16:29:18,DOWN,-10.4,1,40.0,-1.5,18540,18540
2026.04.09 18:32:50,UP,10.0,3,35.1,-27.8,85893,86401
2026.04.13 00:00:00,DOWN,-55.8,2,6.6,-40.2,272,60632
2026.04.13 21:32:29,UP,10.1,1,40.2,-1.1,44983,44983
2026.04.14 10:02:22,UP,10.8,3,22.2,-13.9,28459,86401
2026.04.16 19:33:49,DOWN,-10.0,2,3.3,-40.0,2464,72106
2026.04.17 15:47:22,UP,10.3,2,32.1,-40.1,1481,21905
2026.04.20 00:00:00,DOWN,-26.1,2,6.6,-40.0,3654,59761
2026.04.20 17:51:06,DOWN,-10.1,3,12.0,-24.9,78457,86401
2026.04.21 17:57:38,DOWN,-10.1,3,33.7,-11.2,17114,86401
2026.04.23 03:19:03,UP,10.9,3,7.8,-39.9,52545,86402
2026.04.24 14:22:20,UP,10.1,3,7.5,-21.9,34489,207460
2026.04.27 00:00:00,DOWN,-28.6,2,5.7,-40.2,17,24174
2026.04.28 15:20:38,UP,10.3,3,27.3,-10.2,42237,86402
2026.04.29 17:54:08,UP,10.1,2,3.5,-40.5,3416,13983
2026.04.30 00:04:14,DOWN,-13.4,2,6.6,-40.0,27362,48169
2026.04.30 13:29:39,UP,10.0,1,40.0,-23.6,79066,79066
2026.05.01 15:14:36,UP,10.1,2,23.8,-40.1,7799,22471
2026.05.04 00:00:00,UP,26.0,2,5.1,-40.2,1592,47208
2026.05.04 13:08:04,DOWN,-10.5,3,23.8,-17.9,67924,86401
2026.05.06 11:50:28,UP,10.1,3,39.2,-16.2,7428,86408
2026.05.07 20:29:56,DOWN,-10.1,2,24.1,-40.0,12434,72386
2026.05.11 00:00:00,DOWN,-36.3,2,6.8,-40.0,31,60293
2026.05.12 00:00:27,DOWN,-10.6,1,40.3,-16.5,60507,60507
2026.05.14 00:00:53,DOWN,-10.2,3,38.8,-17.7,84411,86407
2026.05.15 13:53:07,UP,10.4,3,0.0,-38.7,0,209213
2026.05.18 00:02:04,DOWN,-10.6,2,6.2,-40.0,13959,55990
2026.05.18 22:01:29,UP,10.0,2,22.2,-40.3,10744,69830
2026.05.20 17:16:22,UP,10.2,1,40.0,0.0,3568,3568
2026.05.20 18:15:50,UP,24.1,2,6.4,-40.0,72,57834
2026.05.21 10:19:44,DOWN,-19.2,3,22.5,-36.6,22975,86401
2026.05.22 15:12:43,UP,10.4,3,31.6,-17.6,204437,204437
2026.05.25 00:00:03,UP,34.5,3,15.0,-8.2,56792,86407
2026.05.26 16:53:34,DOWN,-10.2,2,3.7,-40.0,6217,80924
2026.05.27 15:22:19,UP,19.3,2,1.4,-40.1,822,41330
2026.05.28 15:30:14,UP,10.0,3,27.1,-9.1,14058,86401
2026.05.29 17:51:24,UP,10.4,3,21.7,-12.1,2515,194916
2026.06.01 16:12:27,DOWN,-10.2,3,25.4,-23.4,3032,86401
2026.06.03 17:53:40,UP,10.1,3,38.7,-12.1,75337,86401
2026.06.05 15:30:03,DOWN,-10.3,1,40.3,-1.4,1815,1815
2026.06.05 16:01:43,UP,10.1,2,3.1,-40.1,18,4918
2026.06.08 00:00:00,DOWN,-11.4,2,9.4,-40.4,45121,58925
2026.06.09 16:49:07,UP,10.2,2,1.3,-40.1,4,10201
2026.06.09 19:39:08,DOWN,-11.0,3,7.2,-38.1,183,86402
2026.06.11 15:22:44,DOWN,-10.1,2,20.3,-40.7,17752,18719
2026.06.11 20:34:43,UP,39.8,3,26.9,-21.8,6972,86401
2026.06.16 18:54:07,UP,10.1,3,4.2,-34.7,1696,86402
2026.06.17 21:00:01,DOWN,-10.2,1,40.1,0.0,338,338
2026.06.17 21:08:54,DOWN,-10.0,1,40.0,-22.0,4330,4330
2026.06.17 22:34:14,DOWN,-10.2,2,7.8,-40.0,362,30484
2026.06.18 15:21:26,UP,10.0,2,9.4,-40.2,9565,57554
2026.06.22 00:00:00,DOWN,-13.1,3,32.9,-21.9,81355,86402
2026.06.23 00:00:27,DOWN,-12.0,1,40.0,-23.1,62514,62514
2026.06.24 11:14:16,DOWN,-10.1,3,18.2,-29.1,17730,86403
2026.06.25 15:30:22,UP,10.0,1,40.0,-6.0,70694,70694
2026.06.26 11:09:15,UP,10.1,3,39.1,-14.6,17384,219045
2026.06.30 00:02:58,DOWN,-16.9,3,23.5,-30.8,32156,86402
2026.07.01 16:10:41,DOWN,-10.1,2,2.7,-40.0,243,2043
2026.07.01 16:44:44,UP,16.5,1,40.0,-30.4,82146,82146
2026.07.02 15:33:50,UP,45.0,3,28.8,-35.8,677,86403
2026.07.08 00:00:29,DOWN,-11.7,3,8.6,-31.9,67321,86404
2026.07.09 00:03:39,DOWN,-18.0,2,0.0,-40.0,0,33480
2026.07.10 00:01:00,DOWN,-12.8,2,0.4,-40.0,147,18853
2026.07.10 15:13:57,UP,10.2,3,1.8,-39.8,6,204363
2026.07.13 00:00:00,DOWN,-13.5,2,16.0,-40.0,15870,40308
2026.07.13 17:16:45,DOWN,-10.3,2,26.1,-41.0,22081,79997
2026.07.14 15:30:02,UP,27.2,3,21.5,-35.0,23,86401
2026.07.15 15:32:34,UP,10.0,1,40.0,-6.8,18052,18052
2026.07.20 00:00:00,DOWN,-11.2,3,24.5,-22.8,64650,86460
2026.07.27 00:00:00,UP,18.0,3,30.0,-22.0,34893,86410
2026.07.29 21:00:01,UP,10.3,1,40.1,-4.9,2975,2975
2026.07.29 21:49:36,UP,10.5,1,40.0,-11.8,67592,67592
2026.07.30 16:38:15,UP,10.1,1,40.2,-3.2,1443,1443
2026.07.30 17:03:00,UP,10.0,2,3.5,-40.0,106,76733
2026.07.31 16:22:22,UP,10.1,2,2.0,-40.0,164,1047
2026.07.31 16:39:49,DOWN,-27.9,2,6.6,-40.0,27,4405
2026.07.31 17:53:43,UP,10.0,1,40.0,-7.1,21265,21265
2026.07.31 23:58:30,DOWN,-10.2,3,4.5,-15.0,79,172890
2026.08.03 00:00:32,UP,18.0,2,14.3,-40.0,4482,65397
2026.08.07 15:30:01,UP,10.2,1,40.0,0.0,951,951
