bar_time,ticks_in_bar,open,high,low,idx_high,idx_low,order,running_hash
2026.07.09 00:00:00,20,1.14167,1.14236,1.13987,18,15,LOW_FIRST,14636213005109570301
2026.07.09 00:05:00,20,1.14179,1.14199,1.14146,19,2,LOW_FIRST,12145089188923227953
2026.07.09 00:10:00,20,1.14206,1.14216,1.14185,18,3,LOW_FIRST,5689433743584468622
2026.07.09 00:15:00,20,1.14200,1.14218,1.14168,18,7,LOW_FIRST,16089447227445464025
2026.07.09 00:20:00,20,1.14186,1.14200,1.14174,7,6,LOW_FIRST,3101717737411519526
2026.07.09 00:25:00,17,1.14195,1.14202,1.14182,16,3,LOW_FIRST,9806944495150774679
2026.07.09 00:30:00,20,1.14201,1.14202,1.14165,2,19,HIGH_FIRST,12970852107385748134
2026.07.09 00:35:00,20,1.14178,1.14184,1.14147,2,10,HIGH_FIRST,13026951465002329331
2026.07.09 00:40:00,20,1.14162,1.14173,1.14148,7,14,HIGH_FIRST,327765786042212802
2026.07.09 00:45:00,20,1.14167,1.14174,1.14123,2,18,HIGH_FIRST,1198354400307784333
2026.07.09 00:50:00,20,1.14168,1.14178,1.14146,11,6,LOW_FIRST,4897653433655329937
2026.07.09 00:55:00,20,1.14165,1.14181,1.14164,19,14,LOW_FIRST,13633357993729763029
2026.07.09 01:00:00,20,1.14175,1.14188,1.14161,3,19,HIGH_FIRST,12102101762639612090
2026.07.09 01:05:00,20,1.14161,1.14175,1.14161,7,0,LOW_FIRST,312289000678982213
2026.07.09 01:10:00,20,1.14168,1.14181,1.14166,7,2,LOW_FIRST,8844564166257681063
2026.07.09 01:15:00,20,1.14170,1.14175,1.14162,2,11,HIGH_FIRST,840732329627393579
2026.07.09 01:20:00,20,1.14172,1.14173,1.14160,2,3,HIGH_FIRST,9225637626148254271
2026.07.09 01:25:00,20,1.14167,1.14174,1.14166,6,19,HIGH_FIRST,15700873095186306939
2026.07.09 01:30:00,20,1.14168,1.14184,1.14168,19,0,LOW_FIRST,17482531617630567516
2026.07.09 01:35:00,20,1.14184,1.14189,1.14178,7,3,LOW_FIRST,10594903402155491790
2026.07.09 01:40:00,20,1.14183,1.14189,1.14182,11,2,LOW_FIRST,1437515259076050878
2026.07.09 01:45:00,20,1.14182,1.14185,1.14179,2,3,HIGH_FIRST,16485257769245287680
2026.07.09 01:50:00,20,1.14182,1.14186,1.14178,6,19,HIGH_FIRST,3502814954908205622
2026.07.09 01:55:00,20,1.14181,1.14195,1.14177,19,3,LOW_FIRST,12836799485892208191
2026.07.09 02:00:00,20,1.14192,1.14198,1.14187,14,2,LOW_FIRST,12052811666348250361
2026.07.09 02:05:00,20,1.14190,1.14197,1.14179,3,19,HIGH_FIRST,4652481452412325316
2026.07.09 02:10:00,20,1.14182,1.14183,1.14176,2,3,HIGH_FIRST,1641361547152611567
2026.07.09 02:15:00,20,1.14178,1.14181,1.14171,6,11,HIGH_FIRST,4394965240269353650
2026.07.09 02:20:00,20,1.14177,1.14184,1.14171,10,3,LOW_FIRST,38103184288941644
2026.07.09 02:25:00,20,1.14178,1.14187,1.14170,15,18,HIGH_FIRST,6711768796210659792
2026.07.09 02:30:00,20,1.14185,1.14193,1.14180,15,7,LOW_FIRST,11275324379260840814
2026.07.09 02:35:00,20,1.14189,1.14202,1.14187,3,11,HIGH_FIRST,10255763449849520361
2026.07.09 02:40:00,20,1.14195,1.14209,1.14191,19,2,LOW_FIRST,16555898015420378722
2026.07.09 02:45:00,20,1.14205,1.14215,1.14202,3,2,LOW_FIRST,1348678839793219080
2026.07.09 02:50:00,20,1.14210,1.14211,1.14191,2,15,HIGH_FIRST,6674820633287820774
2026.07.09 02:55:00,20,1.14205,1.14225,1.14201,11,2,LOW_FIRST,1606951217504841673
2026.07.09 03:00:00,20,1.14213,1.14243,1.14211,19,2,LOW_FIRST,5015804421413702720
2026.07.09 03:05:00,20,1.14241,1.14265,1.14239,11,2,LOW_FIRST,8549913437463501388
2026.07.09 03:10:00,20,1.14254,1.14290,1.14253,11,2,LOW_FIRST,8405408931190788559
2026.07.09 03:15:00,20,1.14279,1.14286,1.14259,3,19,HIGH_FIRST,4601546606984388928
2026.07.09 03:20:00,20,1.14263,1.14274,1.14252,3,14,HIGH_FIRST,11927786618585937208
2026.07.09 03:25:00,20,1.14266,1.14280,1.14264,19,2,LOW_FIRST,14017563356498374875
2026.07.09 03:30:00,20,1.14276,1.14304,1.14272,14,10,LOW_FIRST,8469653790167829381
2026.07.09 03:35:00,20,1.14293,1.14300,1.14288,7,3,LOW_FIRST,13139396763870695929
2026.07.09 03:40:00,20,1.14289,1.14296,1.14252,3,19,HIGH_FIRST,1059346962748417989
2026.07.09 03:45:00,20,1.14266,1.14271,1.14255,18,10,LOW_FIRST,3896773468615313289
2026.07.09 03:50:00,20,1.14260,1.14264,1.14231,2,19,HIGH_FIRST,5377583757416072269
2026.07.09 03:55:00,20,1.14234,1.14262,1.14230,15,2,LOW_FIRST,7753556181951291234
2026.07.09 04:00:00,20,1.14257,1.14275,1.14241,7,15,HIGH_FIRST,5839525837513859977
2026.07.09 04:05:00,20,1.14246,1.14258,1.14236,19,3,LOW_FIRST,2305772732952344743
2026.07.09 04:10:00,20,1.14255,1.14258,1.14226,2,18,HIGH_FIRST,13808905960454563594
2026.07.09 04:15:00,20,1.14230,1.14244,1.14227,3,2,LOW_FIRST,9142574133278975178
2026.07.09 04:20:00,20,1.14240,1.14248,1.14229,2,7,HIGH_FIRST,1141843963920841937
2026.07.09 04:25:00,20,1.14235,1.14239,1.14208,6,19,HIGH_FIRST,10830170086260401277
2026.07.09 04:30:00,20,1.14218,1.14228,1.14199,19,7,LOW_FIRST,73216339825093823
2026.07.09 04:35:00,20,1.14225,1.14256,1.14223,18,2,LOW_FIRST,14025546066857445460
2026.07.09 04:40:00,20,1.14241,1.14242,1.14228,10,18,HIGH_FIRST,15748544658055034350
2026.07.09 04:45:00,20,1.14236,1.14236,1.14208,0,14,HIGH_FIRST,9311750589458648636
2026.07.09 04:50:00,20,1.14226,1.14230,1.14216,3,15,HIGH_FIRST,12071287241443692355
2026.07.09 04:55:00,20,1.14222,1.14263,1.14222,19,0,LOW_FIRST,14490378093149493460
2026.07.09 05:00:00,20,1.14256,1.14274,1.14255,19,2,LOW_FIRST,17005737888645774585
2026.07.09 05:05:00,20,1.14268,1.14284,1.14260,15,10,LOW_FIRST,7616336242568780394
2026.07.09 05:10:00,20,1.14271,1.14279,1.14258,3,14,HIGH_FIRST,9724768848524512565
2026.07.09 05:15:00,20,1.14273,1.14285,1.14268,6,2,LOW_FIRST,3650642312590520460
2026.07.09 05:20:00,20,1.14273,1.14276,1.14266,2,7,HIGH_FIRST,17973923607420489063
2026.07.09 05:25:00,20,1.14269,1.14275,1.14257,2,6,HIGH_FIRST,2303243885301232428
2026.07.09 05:30:00,20,1.14262,1.14269,1.14246,3,19,HIGH_FIRST,13832233233509653792
2026.07.09 05:35:00,20,1.14247,1.14258,1.14231,15,3,LOW_FIRST,4720291990739497075
2026.07.09 05:40:00,20,1.14249,1.14253,1.14237,11,6,LOW_FIRST,8601240652036051404
2026.07.09 05:45:00,20,1.14249,1.14274,1.14248,19,2,LOW_FIRST,12393395504949582886
2026.07.09 05:50:00,20,1.14268,1.14275,1.14249,2,19,HIGH_FIRST,6482405038475212114
2026.07.09 05:55:00,20,1.14254,1.14260,1.14242,3,19,HIGH_FIRST,15062098500114618794
2026.07.09 06:00:00,20,1.14244,1.14255,1.14241,19,2,LOW_FIRST,892227218693536004
2026.07.09 06:05:00,20,1.14254,1.14262,1.14251,19,2,LOW_FIRST,4189078028985314640
2026.07.09 06:10:00,20,1.14259,1.14262,1.14247,19,11,LOW_FIRST,5295641010195328139
2026.07.09 06:15:00,20,1.14257,1.14257,1.14230,0,14,HIGH_FIRST,11221831494009545768
2026.07.09 06:20:00,20,1.14239,1.14245,1.14218,19,15,LOW_FIRST,9646872077526369130
2026.07.09 06:25:00,20,1.14243,1.14269,1.14241,7,2,LOW_FIRST,17199271976368783296
2026.07.09 06:30:00,20,1.14265,1.14304,1.14260,15,2,LOW_FIRST,2222171887853508198
2026.07.09 06:35:00,20,1.14284,1.14305,1.14281,14,2,LOW_FIRST,1671108328450107734
2026.07.09 06:40:00,20,1.14298,1.14302,1.14270,2,18,HIGH_FIRST,2289651777730898130
2026.07.09 06:45:00,20,1.14282,1.14282,1.14261,0,19,HIGH_FIRST,18123628111731609562
2026.07.09 06:50:00,20,1.14262,1.14290,1.14259,15,2,LOW_FIRST,8254059889575201371
2026.07.09 06:55:00,20,1.14283,1.14286,1.14264,2,14,HIGH_FIRST,9797869856334830046
2026.07.09 07:00:00,20,1.14268,1.14272,1.14248,2,15,HIGH_FIRST,12381235996631953725
2026.07.09 07:05:00,20,1.14261,1.14275,1.14261,11,0,LOW_FIRST,13482231129498090063
2026.07.09 07:10:00,20,1.14270,1.14274,1.14256,3,14,HIGH_FIRST,10896340329902066867
2026.07.09 07:15:00,20,1.14265,1.14266,1.14232,2,15,HIGH_FIRST,14274489599450489362
2026.07.09 07:20:00,20,1.14233,1.14259,1.14231,15,2,LOW_FIRST,3662447464496548608
2026.07.09 07:25:00,20,1.14252,1.14261,1.14250,14,15,HIGH_FIRST,2759815247044158810
2026.07.09 07:30:00,20,1.14255,1.14271,1.14252,14,2,LOW_FIRST,5636163634724836472
2026.07.09 07:35:00,20,1.14264,1.14268,1.14253,2,19,HIGH_FIRST,3176441955897043976
2026.07.09 07:40:00,20,1.14253,1.14259,1.14249,3,11,HIGH_FIRST,13198958321990242118
2026.07.09 07:45:00,20,1.14256,1.14264,1.14252,7,3,LOW_FIRST,312084371659656299
2026.07.09 07:50:00,20,1.14261,1.14273,1.14255,19,18,LOW_FIRST,9593945093501706546
2026.07.09 07:55:00,20,1.14271,1.14274,1.14264,14,15,HIGH_FIRST,9305646975535009008
2026.07.09 08:00:00,20,1.14267,1.14281,1.14264,6,2,LOW_FIRST,1289254078507105445
2026.07.09 08:05:00,20,1.14270,1.14277,1.14264,18,3,LOW_FIRST,4809360372551289637
2026.07.09 08:10:00,20,1.14270,1.14341,1.14260,15,2,LOW_FIRST,16439223409975006250
2026.07.09 08:15:00,20,1.14320,1.14331,1.14292,2,15,HIGH_FIRST,14300434416086378444
2026.07.09 08:20:00,20,1.14304,1.14307,1.14284,19,18,LOW_FIRST,10017469672901360099
2026.07.09 08:25:00,20,1.14302,1.14328,1.14301,19,2,LOW_FIRST,11438399039724774452
2026.07.09 08:30:00,20,1.14323,1.14334,1.14308,19,6,LOW_FIRST,2975869144084436276
2026.07.09 08:35:00,20,1.14334,1.14335,1.14318,2,11,HIGH_FIRST,9019134894318716812
2026.07.09 08:40:00,20,1.14332,1.14333,1.14298,2,11,HIGH_FIRST,12848479649592406221
2026.07.09 08:45:00,20,1.14317,1.14330,1.14314,19,3,LOW_FIRST,2669920184932996880
2026.07.09 08:50:00,20,1.14330,1.14338,1.14320,3,11,HIGH_FIRST,15134615072404900337
2026.07.09 08:55:00,20,1.14327,1.14327,1.14292,0,15,HIGH_FIRST,17675842895359347900
2026.07.09 09:00:00,20,1.14308,1.14370,1.14308,14,0,LOW_FIRST,11844343559045574821
2026.07.09 09:05:00,20,1.14358,1.14364,1.14344,10,6,LOW_FIRST,11976680175559233631
2026.07.09 09:10:00,20,1.14359,1.14361,1.14328,2,19,HIGH_FIRST,4169574571706715492
2026.07.09 09:15:00,20,1.14344,1.14369,1.14337,7,2,LOW_FIRST,1797537670341819535
2026.07.09 09:20:00,20,1.14359,1.14456,1.14355,18,2,LOW_FIRST,10338404161577078365
2026.07.09 09:25:00,20,1.14441,1.14477,1.14435,10,2,LOW_FIRST,6114093859131074925
2026.07.09 09:30:00,20,1.14469,1.14495,1.14449,15,3,LOW_FIRST,15660738247068038874
2026.07.09 09:35:00,20,1.14490,1.14492,1.14424,2,15,HIGH_FIRST,4069224409235745645
2026.07.09 09:40:00,20,1.14448,1.14457,1.14416,19,7,LOW_FIRST,17825000292474869116
2026.07.09 09:45:00,20,1.14455,1.14459,1.14424,2,19,HIGH_FIRST,16914456791801514249
2026.07.09 09:50:00,20,1.14435,1.14448,1.14404,10,15,HIGH_FIRST,6549192962686859156
2026.07.09 09:55:00,20,1.14409,1.14424,1.14392,3,11,HIGH_FIRST,901633907459213224
2026.07.09 10:00:00,20,1.14420,1.14424,1.14384,2,19,HIGH_FIRST,10712273689044809187
2026.07.09 10:05:00,20,1.14386,1.14388,1.14350,2,7,HIGH_FIRST,17613996573997969544
2026.07.09 10:10:00,20,1.14378,1.14389,1.14350,3,11,HIGH_FIRST,7055443937928927798
2026.07.09 10:15:00,20,1.14368,1.14393,1.14347,18,11,LOW_FIRST,12674017179791277008
2026.07.09 10:20:00,20,1.14377,1.14389,1.14361,14,3,LOW_FIRST,5486179940151061112
2026.07.09 10:25:00,20,1.14373,1.14387,1.14367,18,2,LOW_FIRST,17825121461905617082
2026.07.09 10:30:00,20,1.14378,1.14386,1.14352,2,7,HIGH_FIRST,12778274458442275356
2026.07.09 10:35:00,20,1.14357,1.14375,1.14349,7,2,LOW_FIRST,13698217088937390769
2026.07.09 10:40:00,20,1.14363,1.14370,1.14346,7,18,HIGH_FIRST,11019369454451420548
2026.07.09 10:45:00,20,1.14355,1.14357,1.14324,2,7,HIGH_FIRST,15991344577659610677
2026.07.09 10:50:00,20,1.14344,1.14352,1.14322,18,7,LOW_FIRST,9239321800898604921
2026.07.09 10:55:00,20,1.14342,1.14361,1.14317,19,6,LOW_FIRST,3589481251602639636
2026.07.09 11:00:00,20,1.14356,1.14360,1.14335,19,11,LOW_FIRST,1069602142691934940
2026.07.09 11:05:00,20,1.14352,1.14381,1.14342,10,2,LOW_FIRST,468135521352397771
2026.07.09 11:10:00,20,1.14371,1.14384,1.14339,6,18,HIGH_FIRST,6046596929350283089
2026.07.09 11:15:00,20,1.14358,1.14378,1.14351,11,7,LOW_FIRST,13228825639316348524
2026.07.09 11:20:00,20,1.14373,1.14378,1.14337,2,15,HIGH_FIRST,13127942991582050692
2026.07.09 11:25:00,20,1.14361,1.14371,1.14342,10,3,LOW_FIRST,10422434250647436837
2026.07.09 11:30:00,20,1.14365,1.14373,1.14337,7,19,HIGH_FIRST,12716286179410463590
2026.07.09 11:35:00,20,1.14345,1.14358,1.14332,10,19,HIGH_FIRST,4671139978486568928
2026.07.09 11:40:00,20,1.14337,1.14337,1.14311,0,15,HIGH_FIRST,15212721185393124579
2026.07.09 11:45:00,20,1.14322,1.14328,1.14290,2,11,HIGH_FIRST,5053632819167670559
2026.07.09 11:50:00,20,1.14293,1.14307,1.14282,19,18,LOW_FIRST,5581720778902722051
2026.07.09 11:55:00,20,1.14304,1.14308,1.14250,2,15,HIGH_FIRST,9854921624276237614
2026.07.09 12:00:00,20,1.14266,1.14287,1.14264,15,3,LOW_FIRST,10012131913415481879
2026.07.09 12:05:00,20,1.14277,1.14280,1.14242,2,10,HIGH_FIRST,8109077402720775469
2026.07.09 12:10:00,20,1.14247,1.14269,1.14237,15,2,LOW_FIRST,15460347258993576782
2026.07.09 12:15:00,20,1.14260,1.14276,1.14252,14,2,LOW_FIRST,16993239906471543395
2026.07.09 12:20:00,20,1.14263,1.14285,1.14260,10,19,HIGH_FIRST,8698106841790298703
2026.07.09 12:25:00,20,1.14263,1.14282,1.14248,11,10,LOW_FIRST,1107617279462245448
2026.07.09 12:30:00,20,1.14273,1.14278,1.14250,2,11,HIGH_FIRST,3217048985374181768
2026.07.09 12:35:00,20,1.14255,1.14275,1.14252,11,2,LOW_FIRST,10942642591944241145
2026.07.09 12:40:00,20,1.14270,1.14277,1.14236,6,7,HIGH_FIRST,10986700404231333668
2026.07.09 12:45:00,20,1.14262,1.14278,1.14251,18,2,LOW_FIRST,14221836412589371247
2026.07.09 12:50:00,20,1.14273,1.14297,1.14272,19,2,LOW_FIRST,13896055783489460984
2026.07.09 12:55:00,20,1.14294,1.14316,1.14288,15,3,LOW_FIRST,6060082111665115805
2026.07.09 13:00:00,20,1.14308,1.14312,1.14280,2,14,HIGH_FIRST,8956756561391499266
2026.07.09 13:05:00,20,1.14292,1.14296,1.14272,7,11,HIGH_FIRST,6261159381144173590
2026.07.09 13:10:00,20,1.14289,1.14297,1.14281,7,14,HIGH_FIRST,2839585675752191542
2026.07.09 13:15:00,20,1.14292,1.14303,1.14273,11,19,HIGH_FIRST,8683394054112401707
2026.07.09 13:20:00,20,1.14278,1.14287,1.14268,11,19,HIGH_FIRST,6025089231956084294
2026.07.09 13:25:00,20,1.14270,1.14276,1.14262,19,10,LOW_FIRST,16889862589848677021
2026.07.09 13:30:00,20,1.14270,1.14296,1.14261,19,3,LOW_FIRST,695040312011736571
2026.07.09 13:35:00,20,1.14294,1.14318,1.14287,10,19,HIGH_FIRST,5474948251397411591
2026.07.09 13:40:00,20,1.14287,1.14290,1.14269,2,19,HIGH_FIRST,13797301512126625627
2026.07.09 13:45:00,20,1.14274,1.14286,1.14265,10,3,LOW_FIRST,3459635105692983328
2026.07.09 13:50:00,20,1.14280,1.14281,1.14211,2,11,HIGH_FIRST,16537687229934947109
2026.07.09 13:55:00,20,1.14238,1.14240,1.14203,2,10,HIGH_FIRST,9868249988892383888
2026.07.09 14:00:00,20,1.14234,1.14248,1.14220,15,3,LOW_FIRST,4474621043266583438
2026.07.09 14:05:00,20,1.14234,1.14243,1.14220,3,11,HIGH_FIRST,12092694478437551885
2026.07.09 14:10:00,20,1.14241,1.14259,1.14234,19,2,LOW_FIRST,5223140549279307987
2026.07.09 14:15:00,20,1.14258,1.14266,1.14245,2,15,HIGH_FIRST,16810887615551482632
2026.07.09 14:20:00,20,1.14249,1.14255,1.14235,3,10,HIGH_FIRST,12232688808216020426
2026.07.09 14:25:00,20,1.14242,1.14253,1.14231,18,19,HIGH_FIRST,11589874152814241497
2026.07.09 14:30:00,20,1.14235,1.14259,1.14220,19,3,LOW_FIRST,17883917804256520295
2026.07.09 14:35:00,20,1.14258,1.14267,1.14245,19,6,LOW_FIRST,698241372289805963
2026.07.09 14:40:00,20,1.14266,1.14269,1.14252,11,19,HIGH_FIRST,2297590367821234359
2026.07.09 14:45:00,20,1.14257,1.14276,1.14249,10,19,HIGH_FIRST,9543950043013787925
2026.07.09 14:50:00,20,1.14263,1.14299,1.14249,19,3,LOW_FIRST,16548202910400116842
2026.07.09 14:55:00,20,1.14297,1.14301,1.14282,11,3,LOW_FIRST,1718376322478742668
2026.07.09 15:00:00,20,1.14297,1.14331,1.14297,11,0,LOW_FIRST,16200485568155997111
2026.07.09 15:05:00,20,1.14320,1.14354,1.14304,19,6,LOW_FIRST,12766737594296515439
2026.07.09 15:10:00,20,1.14345,1.14361,1.14329,7,19,HIGH_FIRST,10091928058508276587
2026.07.09 15:15:00,20,1.14340,1.14352,1.14337,3,2,LOW_FIRST,6602444420287223886
2026.07.09 15:20:00,20,1.14347,1.14347,1.14314,0,19,HIGH_FIRST,15758427489550980971
2026.07.09 15:25:00,20,1.14322,1.14331,1.14310,6,14,HIGH_FIRST,2039866234025123884
2026.07.09 15:30:00,20,1.14328,1.14355,1.14317,10,19,HIGH_FIRST,7989328566977727957
2026.07.09 15:35:00,20,1.14330,1.14332,1.14297,2,19,HIGH_FIRST,5349288021393861232
2026.07.09 15:40:00,20,1.14300,1.14314,1.14268,3,18,HIGH_FIRST,8814244121583525524
2026.07.09 15:45:00,20,1.14284,1.14284,1.14256,0,15,HIGH_FIRST,12429341513778772395
2026.07.09 15:50:00,20,1.14268,1.14286,1.14248,11,15,HIGH_FIRST,10757965831318340348
2026.07.09 15:55:00,20,1.14255,1.14278,1.14226,7,15,HIGH_FIRST,12034441879216787119
2026.07.09 16:00:00,20,1.14249,1.14271,1.14238,14,2,LOW_FIRST,6227559632982074663
2026.07.09 16:05:00,20,1.14263,1.14307,1.14255,15,3,LOW_FIRST,7357925843388952641
2026.07.09 16:10:00,20,1.14298,1.14306,1.14278,19,14,LOW_FIRST,2984309874300871052
2026.07.09 16:15:00,20,1.14303,1.14368,1.14303,11,0,LOW_FIRST,6046674550365988793
2026.07.09 16:20:00,20,1.14327,1.14334,1.14306,15,11,LOW_FIRST,10184782519203610774
2026.07.09 16:25:00,20,1.14328,1.14357,1.14326,19,10,LOW_FIRST,14842526781629990787
2026.07.09 16:30:00,20,1.14344,1.14368,1.14315,3,15,HIGH_FIRST,15251631166898109759
2026.07.09 16:35:00,20,1.14328,1.14344,1.14320,14,3,LOW_FIRST,651214730383269841
2026.07.09 16:40:00,20,1.14326,1.14370,1.14320,11,2,LOW_FIRST,10696362702108081875
2026.07.09 16:45:00,20,1.14348,1.14378,1.14334,19,7,LOW_FIRST,9120689270068084823
2026.07.09 16:50:00,20,1.14371,1.14386,1.14352,7,15,HIGH_FIRST,2000902144359834014
2026.07.09 16:55:00,20,1.14360,1.14393,1.14360,19,0,LOW_FIRST,8525031130058233184
2026.07.09 17:00:00,20,1.14393,1.14462,1.14391,19,2,LOW_FIRST,14553575404478114527
2026.07.09 17:05:00,20,1.14458,1.14460,1.14398,2,19,HIGH_FIRST,3689977182963860499
2026.07.09 17:10:00,20,1.14402,1.14428,1.14398,10,2,LOW_FIRST,4120049625626642818
2026.07.09 17:15:00,20,1.14410,1.14411,1.14363,2,19,HIGH_FIRST,12730525649959925023
2026.07.09 17:20:00,20,1.14371,1.14411,1.14368,18,2,LOW_FIRST,936161221727368688
2026.07.09 17:25:00,20,1.14404,1.14406,1.14378,2,7,HIGH_FIRST,5258335601951114586
2026.07.09 17:30:00,20,1.14391,1.14417,1.14358,19,7,LOW_FIRST,6097596926258022298
2026.07.09 17:35:00,20,1.14416,1.14430,1.14373,6,18,HIGH_FIRST,13299546497972046517
2026.07.09 17:40:00,20,1.14381,1.14382,1.14356,2,11,HIGH_FIRST,16470324694441514376
2026.07.09 17:45:00,20,1.14366,1.14371,1.14349,2,10,HIGH_FIRST,11319015365646860864
2026.07.09 17:50:00,20,1.14354,1.14360,1.14329,3,10,HIGH_FIRST,13279326945639894106
2026.07.09 17:55:00,20,1.14334,1.14343,1.14304,15,11,LOW_FIRST,8785538273751132183
2026.07.09 18:00:00,20,1.14329,1.14336,1.14292,2,6,HIGH_FIRST,17340771565703015333
2026.07.09 18:05:00,20,1.14309,1.14361,1.14308,19,2,LOW_FIRST,17042334324521869648
2026.07.09 18:10:00,20,1.14359,1.14362,1.14306,2,18,HIGH_FIRST,9192156091946718379
2026.07.09 18:15:00,20,1.14314,1.14333,1.14296,3,19,HIGH_FIRST,16551496674707341363
2026.07.09 18:20:00,20,1.14306,1.14317,1.14280,19,6,LOW_FIRST,8659151353912028448
2026.07.09 18:25:00,20,1.14310,1.14346,1.14310,10,0,LOW_FIRST,15438929228283167375
2026.07.09 18:30:00,20,1.14332,1.14341,1.14309,2,18,HIGH_FIRST,5983870267261822895
2026.07.09 18:35:00,20,1.14324,1.14335,1.14312,19,11,LOW_FIRST,6374435420190410028
2026.07.09 18:40:00,20,1.14334,1.14376,1.14328,19,2,LOW_FIRST,4648083040474094090
2026.07.09 18:45:00,20,1.14376,1.14389,1.14358,7,3,LOW_FIRST,14769745694674450293
2026.07.09 18:50:00,20,1.14371,1.14407,1.14371,10,0,LOW_FIRST,1840334032346188155
2026.07.09 18:55:00,20,1.14400,1.14403,1.14375,2,18,HIGH_FIRST,6693044321307368366
2026.07.09 19:00:00,20,1.14388,1.14405,1.14386,6,10,HIGH_FIRST,10449972543163730756
2026.07.09 19:05:00,20,1.14399,1.14403,1.14380,2,3,HIGH_FIRST,9880093923017419995
2026.07.09 19:10:00,20,1.14392,1.14405,1.14374,18,7,LOW_FIRST,4955893521288051613
2026.07.09 19:15:00,20,1.14396,1.14414,1.14373,3,15,HIGH_FIRST,12571161585829086441
2026.07.09 19:20:00,20,1.14376,1.14378,1.14358,2,11,HIGH_FIRST,2225846754519258767
2026.07.09 19:25:00,20,1.14364,1.14384,1.14360,18,6,LOW_FIRST,7613313289424082206
2026.07.09 19:30:00,20,1.14371,1.14378,1.14351,14,19,HIGH_FIRST,3291655657125192710
2026.07.09 19:35:00,20,1.14352,1.14399,1.14350,19,2,LOW_FIRST,8906595572024453330
2026.07.09 19:40:00,20,1.14393,1.14407,1.14381,7,2,LOW_FIRST,17890431574496811649
2026.07.09 19:45:00,20,1.14399,1.14409,1.14394,11,10,LOW_FIRST,1268951199386098271
2026.07.09 19:50:00,20,1.14398,1.14401,1.14384,2,6,HIGH_FIRST,3242259895470747825
2026.07.09 19:55:00,20,1.14387,1.14390,1.14364,2,14,HIGH_FIRST,17284459278069094165
2026.07.09 20:00:00,20,1.14368,1.14381,1.14350,6,14,HIGH_FIRST,1915401575512168337
2026.07.09 20:05:00,20,1.14365,1.14375,1.14353,3,10,HIGH_FIRST,555970787481453373
2026.07.09 20:10:00,20,1.14360,1.14369,1.14342,19,3,LOW_FIRST,5112129374602663909
2026.07.09 20:15:00,20,1.14364,1.14398,1.14352,19,3,LOW_FIRST,11617342495897828865
2026.07.09 20:20:00,20,1.14395,1.14408,1.14384,3,10,HIGH_FIRST,12187505636886211553
2026.07.09 20:25:00,20,1.14396,1.14405,1.14390,19,3,LOW_FIRST,16842880803392884479
2026.07.09 20:30:00,20,1.14402,1.14408,1.14381,3,11,HIGH_FIRST,16217131248813852045
2026.07.09 20:35:00,20,1.14386,1.14392,1.14360,10,19,HIGH_FIRST,4240927218680155996
2026.07.09 20:40:00,20,1.14370,1.14371,1.14348,11,3,LOW_FIRST,242331169404112612
2026.07.09 20:45:00,20,1.14369,1.14382,1.14363,14,19,HIGH_FIRST,3115104573991351115
2026.07.09 20:50:00,20,1.14374,1.14383,1.14370,7,19,HIGH_FIRST,10082953572550824705
2026.07.09 20:55:00,20,1.14371,1.14381,1.14366,19,15,LOW_FIRST,795088319275075257
2026.07.09 21:00:00,20,1.14376,1.14383,1.14356,6,11,HIGH_FIRST,10629499866805802706
2026.07.09 21:05:00,20,1.14362,1.14372,1.14354,18,3,LOW_FIRST,3098792613331257819
2026.07.09 21:10:00,20,1.14361,1.14368,1.14347,6,19,HIGH_FIRST,9120075873237602935
2026.07.09 21:15:00,20,1.14350,1.14360,1.14339,3,19,HIGH_FIRST,12885041852060573779
2026.07.09 21:20:00,20,1.14341,1.14345,1.14319,6,11,HIGH_FIRST,10679701521092740278
2026.07.09 21:25:00,20,1.14330,1.14337,1.14318,6,11,HIGH_FIRST,16846525867447364542
2026.07.09 21:30:00,20,1.14321,1.14334,1.14318,18,2,LOW_FIRST,14030978374545740210
2026.07.09 21:35:00,20,1.14325,1.14328,1.14312,2,15,HIGH_FIRST,26636979720121656
2026.07.09 21:40:00,20,1.14315,1.14339,1.14315,15,0,LOW_FIRST,5429985861177786796
2026.07.09 21:45:00,20,1.14332,1.14344,1.14322,19,6,LOW_FIRST,5151386347529038131
2026.07.09 21:50:00,20,1.14343,1.14346,1.14321,2,14,HIGH_FIRST,18272142776596623040
2026.07.09 21:55:00,20,1.14333,1.14342,1.14333,11,0,LOW_FIRST,6389299489580764850
2026.07.09 22:00:00,20,1.14337,1.14346,1.14320,2,15,HIGH_FIRST,14303659187895713803
2026.07.09 22:05:00,20,1.14324,1.14331,1.14312,3,19,HIGH_FIRST,18154284502281584508
2026.07.09 22:10:00,20,1.14315,1.14317,1.14306,19,6,LOW_FIRST,11954481467701157258
2026.07.09 22:15:00,20,1.14315,1.14324,1.14312,15,11,LOW_FIRST,12500528681117872781
2026.07.09 22:20:00,20,1.14320,1.14325,1.14301,2,19,HIGH_FIRST,11518502643304828859
2026.07.09 22:25:00,20,1.14301,1.14302,1.14287,2,7,HIGH_FIRST,625363311368952021
2026.07.09 22:30:00,20,1.14291,1.14294,1.14264,2,19,HIGH_FIRST,13796439455039711430
2026.07.09 22:35:00,20,1.14271,1.14292,1.14271,15,0,LOW_FIRST,7362733726307642626
2026.07.09 22:40:00,20,1.14286,1.14292,1.14262,6,15,HIGH_FIRST,15326898203592743933
2026.07.09 22:45:00,20,1.14273,1.14277,1.14265,3,11,HIGH_FIRST,16922377843627215673
2026.07.09 22:50:00,20,1.14270,1.14277,1.14264,11,19,HIGH_FIRST,15947074000471527115
2026.07.09 22:55:00,20,1.14265,1.14285,1.14253,18,10,LOW_FIRST,5464968150552530526
2026.07.09 23:00:00,20,1.14276,1.14289,1.14272,3,2,LOW_FIRST,8156479640152680834
2026.07.09 23:05:00,20,1.14280,1.14293,1.14276,10,2,LOW_FIRST,10457101664208822535
2026.07.09 23:10:00,20,1.14292,1.14301,1.14284,19,10,LOW_FIRST,11510153064193213675
2026.07.09 23:15:00,20,1.14297,1.14303,1.14289,11,3,LOW_FIRST,15353610003650911220
2026.07.09 23:20:00,20,1.14299,1.14301,1.14280,2,10,HIGH_FIRST,3126085795403588229
2026.07.09 23:25:00,20,1.14298,1.14303,1.14284,3,19,HIGH_FIRST,6158873903583725955
2026.07.09 23:30:00,20,1.14290,1.14299,1.14287,11,2,LOW_FIRST,16949382031272725109
2026.07.09 23:35:00,20,1.14297,1.14301,1.14293,6,11,HIGH_FIRST,17485980036729732040
2026.07.09 23:40:00,20,1.14296,1.14299,1.14286,19,18,LOW_FIRST,13419368802625836139
2026.07.09 23:45:00,20,1.14297,1.14298,1.14284,2,7,HIGH_FIRST,6380122965579317111
2026.07.09 23:50:00,20,1.14292,1.14297,1.14279,19,15,LOW_FIRST,8034274134505058662
2026.07.09 23:55:00,20,1.14292,1.14304,1.14290,15,3,LOW_FIRST,710620364845699507
