time,event,a,b,c,d,e
2026.07.06 00:00:00,RUN_START,bal=10000.00,EURUSD,PERIOD_M5,pad=5,R=2.0
2026.07.06 01:15:00,ENTRY_ATTEMPT,P1_EURUSD_1783300200,BUY,4.54,1.14360,1.14338
2026.07.06 01:15:00,ENTRY_ACCEPTED,P1_EURUSD_1783300200,id=1,1.14360,lot=4.54,riskP=100.00/A=99.88
2026.07.06 01:45:00,SKIPPED_POSITION_OPEN,P2_EURUSD_1783302000,,,,
2026.07.06 02:09:32,EXIT,id=1,STOP,-99.88,R=-1.000,
2026.07.06 02:15:00,ENTRY_ATTEMPT,P1_EURUSD_1783303800,BUY,4.09,1.14344,1.14330
2026.07.06 02:15:00,ENTRY_ACCEPTED,P1_EURUSD_1783303800,id=2,1.14344,lot=4.09,riskP=99.00/A=57.26
2026.07.06 02:32:18,EXIT,id=2,TARGET,114.52,R=2.000,
2026.07.06 02:35:01,ENTRY_ATTEMPT,P2_EURUSD_1783305000,SELL,3.61,1.14365,1.14375
2026.07.06 02:35:01,ENTRY_ACCEPTED,P2_EURUSD_1783305000,id=3,1.14365,lot=3.61,riskP=100.15/A=36.10
2026.07.06 02:40:59,EXIT,id=3,STOP,-36.10,R=-1.000,
2026.07.06 04:30:00,ENTRY_ATTEMPT,P1_EURUSD_1783311900,BUY,3.30,1.14318,1.14311
2026.07.06 04:30:00,ENTRY_ACCEPTED,P1_EURUSD_1783311900,id=4,1.14318,lot=3.30,riskP=99.79/A=23.10
2026.07.06 04:30:11,EXIT,id=4,STOP,-23.10,R=-1.000,
2026.07.06 05:05:00,ENTRY_ATTEMPT,P1_EURUSD_1783314000,BUY,4.77,1.14297,1.14279
2026.07.06 05:05:00,ENTRY_ACCEPTED,P1_EURUSD_1783314000,id=5,1.14297,lot=4.77,riskP=99.55/A=85.86
2026.07.06 05:07:07,EXIT,id=5,STOP,-85.86,R=-1.000,
2026.07.06 06:05:00,ENTRY_ATTEMPT,P2_EURUSD_1783317600,SELL,3.57,1.14349,1.14359
2026.07.06 06:05:00,ENTRY_ACCEPTED,P2_EURUSD_1783317600,id=6,1.14349,lot=3.57,riskP=98.70/A=35.70
2026.07.06 06:05:10,EXIT,id=6,STOP,-35.70,R=-1.000,
2026.07.06 06:40:00,ENTRY_ATTEMPT,P1_EURUSD_1783319700,BUY,4.09,1.14299,1.14275
2026.07.06 06:40:00,ENTRY_ACCEPTED,P1_EURUSD_1783319700,id=7,1.14299,lot=4.09,riskP=98.34/A=98.16
2026.07.06 07:20:00,SKIPPED_POSITION_OPEN,P2_EURUSD_1783322100,,,,
2026.07.06 08:15:00,SKIPPED_POSITION_OPEN,P1_EURUSD_1783325400,,,,
2026.07.06 08:22:04,EXIT,id=7,STOP,-102.25,R=-1.042,
2026.07.06 10:25:00,ENTRY_ATTEMPT,P2_EURUSD_1783333200,SELL,2.11,1.14243,1.14289
2026.07.06 10:25:00,ENTRY_ACCEPTED,P2_EURUSD_1783333200,id=8,1.14243,lot=2.11,riskP=97.32/A=97.06
2026.07.06 11:20:00,SKIPPED_POSITION_OPEN,P1_EURUSD_1783336500,,,,
2026.07.06 12:49:37,EXIT,id=8,TARGET,194.12,R=2.000,
2026.07.06 13:00:00,ENTRY_ATTEMPT,P1_EURUSD_1783342500,BUY,3.54,1.14133,1.14105
2026.07.06 13:00:00,ENTRY_ACCEPTED,P1_EURUSD_1783342500,id=9,1.14133,lot=3.54,riskP=99.26/A=99.12
2026.07.06 13:06:09,EXIT,id=9,STOP,-99.12,R=-1.000,
2026.07.06 13:30:00,ENTRY_ATTEMPT,P2_EURUSD_1783344300,SELL,2.09,1.14157,1.14204
2026.07.06 13:30:00,ENTRY_ACCEPTED,P2_EURUSD_1783344300,id=10,1.14157,lot=2.09,riskP=98.27/A=98.23
2026.07.06 13:35:49,EXIT,id=10,STOP,-102.41,R=-1.043,
2026.07.06 14:55:00,ENTRY_ATTEMPT,P1_EURUSD_1783349400,BUY,3.92,1.14134,1.14121
2026.07.06 14:55:00,ENTRY_ACCEPTED,P1_EURUSD_1783349400,id=11,1.14134,lot=3.92,riskP=97.24/A=50.96
2026.07.06 14:57:29,EXIT,id=11,TARGET,101.92,R=2.000,
2026.07.06 15:50:00,ENTRY_ATTEMPT,P1_EURUSD_1783352700,BUY,4.77,1.14140,1.14122
2026.07.06 15:50:00,ENTRY_ACCEPTED,P1_EURUSD_1783352700,id=12,1.14140,lot=4.77,riskP=98.26/A=85.86
2026.07.06 15:57:45,EXIT,id=12,STOP,-85.86,R=-1.000,
2026.07.06 16:25:00,ENTRY_ATTEMPT,P2_EURUSD_1783354800,SELL,3.34,1.14212,1.14220
2026.07.06 16:25:00,ENTRY_ACCEPTED,P2_EURUSD_1783354800,id=13,1.14212,lot=3.34,riskP=97.40/A=26.72
2026.07.06 16:25:06,EXIT,id=13,STOP,-26.72,R=-1.000,
2026.07.06 16:55:00,ENTRY_ATTEMPT,P1_EURUSD_1783356600,BUY,3.15,1.14122,1.14116
2026.07.06 16:55:00,ENTRY_ACCEPTED,P1_EURUSD_1783356600,id=14,1.14122,lot=3.15,riskP=97.14/A=18.90
2026.07.06 16:55:19,EXIT,id=14,STOP,-18.90,R=-1.000,
2026.07.06 17:20:00,ENTRY_ATTEMPT,P2_EURUSD_1783358100,SELL,3.12,1.14177,1.14208
2026.07.06 17:20:00,ENTRY_ACCEPTED,P2_EURUSD_1783358100,id=15,1.14177,lot=3.12,riskP=96.95/A=96.72
2026.07.06 17:49:39,EXIT,id=15,TARGET,193.44,R=2.000,
2026.07.06 18:10:00,ENTRY_ATTEMPT,P2_EURUSD_1783361100,SELL,4.70,1.14178,1.14199
2026.07.06 18:10:00,ENTRY_ACCEPTED,P2_EURUSD_1783361100,id=16,1.14178,lot=4.70,riskP=98.88/A=98.70
2026.07.06 18:40:14,EXIT,id=16,STOP,-98.70,R=-1.000,
2026.07.06 18:55:00,ENTRY_ATTEMPT,P2_EURUSD_1783363800,SELL,3.56,1.14245,1.14255
2026.07.06 18:55:00,ENTRY_ACCEPTED,P2_EURUSD_1783363800,id=17,1.14245,lot=3.56,riskP=97.89/A=35.60
2026.07.06 18:59:27,EXIT,id=17,STOP,-35.60,R=-1.000,
2026.07.06 19:15:00,ENTRY_ATTEMPT,P2_EURUSD_1783365000,SELL,5.13,1.14264,1.14283
2026.07.06 19:15:00,ENTRY_ACCEPTED,P2_EURUSD_1783365000,id=18,1.14264,lot=5.13,riskP=97.54/A=97.47
2026.07.06 19:18:10,EXIT,id=18,STOP,-97.47,R=-1.000,
2026.07.06 19:25:00,ENTRY_ATTEMPT,P2_EURUSD_1783365600,SELL,3.76,1.14291,1.14303
2026.07.06 19:25:00,ENTRY_ACCEPTED,P2_EURUSD_1783365600,id=19,1.14291,lot=3.76,riskP=96.56/A=45.12
2026.07.06 19:29:52,EXIT,id=19,STOP,-45.12,R=-1.000,
2026.07.06 20:30:00,ENTRY_ATTEMPT,P2_EURUSD_1783369500,SELL,4.03,1.14359,1.14373
2026.07.06 20:30:00,ENTRY_ACCEPTED,P2_EURUSD_1783369500,id=20,1.14359,lot=4.03,riskP=96.11/A=56.42
2026.07.06 20:31:52,EXIT,id=20,STOP,-56.42,R=-1.000,
2026.07.06 20:50:00,ENTRY_ATTEMPT,P2_EURUSD_1783370700,SELL,4.54,1.14381,1.14402
2026.07.06 20:50:00,ENTRY_ACCEPTED,P2_EURUSD_1783370700,id=21,1.14381,lot=4.54,riskP=95.55/A=95.34
2026.07.06 21:33:08,EXIT,id=21,STOP,-95.34,R=-1.000,
2026.07.06 21:45:00,ENTRY_ATTEMPT,P2_EURUSD_1783374000,SELL,3.71,1.14422,1.14434
2026.07.06 21:45:00,ENTRY_ACCEPTED,P2_EURUSD_1783374000,id=22,1.14422,lot=3.71,riskP=94.59/A=44.52
2026.07.06 21:46:58,EXIT,id=22,STOP,-44.52,R=-1.000,
2026.07.07 01:05:00,ENTRY_ATTEMPT,P2_EURUSD_1783386000,SELL,2.54,1.14429,1.14466
2026.07.07 01:05:00,ENTRY_ACCEPTED,P2_EURUSD_1783386000,id=23,1.14429,lot=2.54,riskP=94.15/A=93.98
2026.07.07 02:01:09,EXIT,id=23,STOP,-93.98,R=-1.000,
2026.07.07 02:10:00,ENTRY_ATTEMPT,P2_EURUSD_1783389900,SELL,3.32,1.14460,1.14488
2026.07.07 02:10:00,ENTRY_ACCEPTED,P2_EURUSD_1783389900,id=24,1.14460,lot=3.32,riskP=93.21/A=92.96
2026.07.07 03:11:43,EXIT,id=24,TARGET,185.92,R=2.000,
2026.07.07 03:35:00,ENTRY_ATTEMPT,P1_EURUSD_1783395000,BUY,4.52,1.14397,1.14376
2026.07.07 03:35:00,ENTRY_ACCEPTED,P1_EURUSD_1783395000,id=25,1.14397,lot=4.52,riskP=95.07/A=94.92
2026.07.07 03:41:52,EXIT,id=25,STOP,-113.00,R=-1.190,
2026.07.07 05:35:00,ENTRY_ATTEMPT,P1_EURUSD_1783402200,BUY,3.70,1.14422,1.14410
2026.07.07 05:35:00,ENTRY_ACCEPTED,P1_EURUSD_1783402200,id=26,1.14422,lot=3.70,riskP=93.94/A=44.40
2026.07.07 05:42:18,EXIT,id=26,STOP,-44.40,R=-1.000,
2026.07.07 06:50:00,ENTRY_ATTEMPT,P1_EURUSD_1783406700,BUY,3.83,1.14369,1.14356
2026.07.07 06:50:00,ENTRY_ACCEPTED,P1_EURUSD_1783406700,id=27,1.14369,lot=3.83,riskP=93.49/A=49.79
2026.07.07 07:21:43,EXIT,id=27,STOP,-53.62,R=-1.077,
2026.07.07 08:30:00,ENTRY_ATTEMPT,P1_EURUSD_1783412700,BUY,4.42,1.14308,1.14287
2026.07.07 08:30:00,ENTRY_ACCEPTED,P1_EURUSD_1783412700,id=28,1.14308,lot=4.42,riskP=92.96/A=92.82
2026.07.07 08:45:45,EXIT,id=28,STOP,-106.08,R=-1.143,
2026.07.07 10:35:00,ENTRY_ATTEMPT,P1_EURUSD_1783420200,BUY,2.04,1.14304,1.14259
2026.07.07 10:35:00,ENTRY_ACCEPTED,P1_EURUSD_1783420200,id=29,1.14304,lot=2.04,riskP=91.90/A=91.80
2026.07.07 10:54:59,EXIT,id=29,STOP,-91.80,R=-1.000,
2026.07.07 11:05:00,ENTRY_ATTEMPT,P1_EURUSD_1783422000,BUY,3.24,1.14271,1.14243
2026.07.07 11:05:00,ENTRY_ACCEPTED,P1_EURUSD_1783422000,id=30,1.14271,lot=3.24,riskP=90.98/A=90.72
2026.07.07 11:20:00,SKIPPED_POSITION_OPEN,P2_EURUSD_1783422900,,,,
2026.07.07 11:22:28,EXIT,id=30,TARGET,181.44,R=2.000,
2026.07.07 12:00:00,ENTRY_ATTEMPT,P1_EURUSD_1783425300,BUY,3.68,1.14281,1.14269
2026.07.07 12:00:00,ENTRY_ACCEPTED,P1_EURUSD_1783425300,id=31,1.14281,lot=3.68,riskP=92.79/A=44.16
2026.07.07 12:01:08,EXIT,id=31,STOP,-44.16,R=-1.000,
2026.07.07 13:25:00,ENTRY_ATTEMPT,P2_EURUSD_1783430400,SELL,3.67,1.14296,1.14308
2026.07.07 13:25:00,ENTRY_ACCEPTED,P2_EURUSD_1783430400,id=32,1.14296,lot=3.67,riskP=92.35/A=44.04
2026.07.07 13:32:21,EXIT,id=32,STOP,-44.04,R=-1.000,
2026.07.07 14:05:00,ENTRY_ATTEMPT,P2_EURUSD_1783432800,SELL,3.79,1.14336,1.14349
2026.07.07 14:05:00,ENTRY_ACCEPTED,P2_EURUSD_1783432800,id=33,1.14336,lot=3.79,riskP=91.91/A=49.27
2026.07.07 14:06:35,EXIT,id=33,STOP,-53.06,R=-1.077,
2026.07.07 14:25:00,ENTRY_ATTEMPT,P2_EURUSD_1783434000,SELL,3.51,1.14360,1.14371
2026.07.07 14:25:00,ENTRY_ACCEPTED,P2_EURUSD_1783434000,id=34,1.14360,lot=3.51,riskP=91.38/A=38.61
2026.07.07 14:25:33,EXIT,id=34,STOP,-38.61,R=-1.000,
2026.07.07 15:00:00,ENTRY_ATTEMPT,P1_EURUSD_1783436100,BUY,1.16,1.14326,1.14248
2026.07.07 15:00:00,ENTRY_ACCEPTED,P1_EURUSD_1783436100,id=35,1.14326,lot=1.16,riskP=91.00/A=90.48
2026.07.07 15:35:00,SKIPPED_POSITION_OPEN,P2_EURUSD_1783438200,,,,
2026.07.07 16:10:00,SKIPPED_POSITION_OPEN,P1_EURUSD_1783440300,,,,
2026.07.07 17:11:17,EXIT,id=35,STOP,-92.80,R=-1.026,
2026.07.07 17:15:00,ENTRY_ATTEMPT,P1_EURUSD_1783444200,BUY,4.09,1.14266,1.14244
2026.07.07 17:15:00,ENTRY_ACCEPTED,P1_EURUSD_1783444200,id=36,1.14266,lot=4.09,riskP=90.07/A=89.98
2026.07.07 17:22:13,EXIT,id=36,TARGET,179.96,R=2.000,
2026.07.07 18:00:00,ENTRY_ATTEMPT,P2_EURUSD_1783446900,SELL,2.04,1.14332,1.14377
2026.07.07 18:00:00,ENTRY_ACCEPTED,P2_EURUSD_1783446900,id=37,1.14332,lot=2.04,riskP=91.87/A=91.80
2026.07.07 18:25:00,SKIPPED_POSITION_OPEN,P1_EURUSD_1783448400,,,,
2026.07.07 18:54:48,EXIT,id=37,TARGET,183.60,R=2.000,
2026.07.07 19:05:00,ENTRY_ATTEMPT,P1_EURUSD_1783450800,BUY,4.68,1.14236,1.14216
2026.07.07 19:05:00,ENTRY_ACCEPTED,P1_EURUSD_1783450800,id=38,1.14236,lot=4.68,riskP=93.70/A=93.60
2026.07.07 19:07:37,EXIT,id=38,STOP,-98.28,R=-1.050,
2026.07.07 20:10:00,ENTRY_ATTEMPT,P2_EURUSD_1783454700,SELL,3.32,1.14250,1.14259
2026.07.07 20:10:00,ENTRY_ACCEPTED,P2_EURUSD_1783454700,id=39,1.14250,lot=3.32,riskP=92.72/A=29.88
2026.07.07 20:12:28,EXIT,id=39,TARGET,59.76,R=2.000,
2026.07.07 21:05:00,ENTRY_ATTEMPT,P2_EURUSD_1783458000,SELL,4.05,1.14277,1.14300
2026.07.07 21:05:00,ENTRY_ACCEPTED,P2_EURUSD_1783458000,id=40,1.14277,lot=4.05,riskP=93.32/A=93.15
2026.07.07 21:23:39,EXIT,id=40,STOP,-93.15,R=-1.000,
2026.07.07 22:00:00,ENTRY_ATTEMPT,P1_EURUSD_1783461300,BUY,4.49,1.14186,1.14169
2026.07.07 22:00:00,ENTRY_ACCEPTED,P1_EURUSD_1783461300,id=41,1.14186,lot=4.49,riskP=92.39/A=76.33
2026.07.07 22:00:44,EXIT,id=41,STOP,-76.33,R=-1.000,
2026.07.07 22:20:00,ENTRY_ATTEMPT,P1_EURUSD_1783462500,BUY,3.41,1.14117,1.14107
2026.07.07 22:20:00,ENTRY_ACCEPTED,P1_EURUSD_1783462500,id=42,1.14117,lot=3.41,riskP=91.62/A=34.10
2026.07.07 22:20:42,EXIT,id=42,STOP,-34.10,R=-1.000,
2026.07.07 23:25:00,ENTRY_ATTEMPT,P1_EURUSD_1783466400,BUY,3.51,1.14143,1.14117
2026.07.07 23:25:00,ENTRY_ACCEPTED,P1_EURUSD_1783466400,id=43,1.14143,lot=3.51,riskP=91.28/A=91.26
2026.07.07 23:35:52,EXIT,id=43,STOP,-91.26,R=-1.000,
2026.07.07 23:45:00,ENTRY_ATTEMPT,P1_EURUSD_1783467600,BUY,4.47,1.14121,1.14104
2026.07.07 23:45:00,ENTRY_ACCEPTED,P1_EURUSD_1783467600,id=44,1.14121,lot=4.47,riskP=90.37/A=75.99
2026.07.07 23:56:16,EXIT,id=44,STOP,-75.99,R=-1.000,
2026.07.08 00:10:00,ENTRY_ATTEMPT,P2_EURUSD_1783469100,SELL,1.37,1.14145,1.14210
2026.07.08 00:10:00,ENTRY_ACCEPTED,P2_EURUSD_1783469100,id=45,1.14145,lot=1.37,riskP=89.61/A=89.05
2026.07.08 01:45:00,SKIPPED_POSITION_OPEN,P1_EURUSD_1783474800,,,,
2026.07.08 02:10:00,SKIPPED_POSITION_OPEN,P2_EURUSD_1783476300,,,,
2026.07.08 02:56:00,EXIT,id=45,TARGET,178.10,R=2.000,
2026.07.08 03:45:00,ENTRY_ATTEMPT,P2_EURUSD_1783482000,SELL,4.56,1.14101,1.14121
2026.07.08 03:45:00,ENTRY_ACCEPTED,P2_EURUSD_1783482000,id=46,1.14101,lot=4.56,riskP=91.39/A=91.20
2026.07.08 04:05:00,SKIPPED_POSITION_OPEN,P1_EURUSD_1783483200,,,,
2026.07.08 04:07:46,EXIT,id=46,TARGET,182.40,R=2.000,
2026.07.08 04:50:00,ENTRY_ATTEMPT,P1_EURUSD_1783485900,BUY,1.43,1.14045,1.13980
2026.07.08 04:50:00,ENTRY_ACCEPTED,P1_EURUSD_1783485900,id=47,1.14045,lot=1.43,riskP=93.21/A=92.95
2026.07.08 05:30:00,SKIPPED_POSITION_OPEN,P2_EURUSD_1783488300,,,,
2026.07.08 07:45:00,SKIPPED_POSITION_OPEN,P2_EURUSD_1783496400,,,,
2026.07.08 08:03:49,EXIT,id=47,TARGET,185.90,R=2.000,
2026.07.08 08:15:00,ENTRY_ATTEMPT,P2_EURUSD_1783498200,SELL,1.94,1.14145,1.14194
2026.07.08 08:15:00,ENTRY_ACCEPTED,P2_EURUSD_1783498200,id=48,1.14145,lot=1.94,riskP=95.07/A=95.06
2026.07.08 08:42:26,EXIT,id=48,STOP,-95.06,R=-1.000,
2026.07.08 08:50:00,ENTRY_ATTEMPT,P2_EURUSD_1783500300,SELL,3.36,1.14185,1.14213
2026.07.08 08:50:00,ENTRY_ACCEPTED,P2_EURUSD_1783500300,id=49,1.14185,lot=3.36,riskP=94.12/A=94.08
2026.07.08 09:00:15,EXIT,id=49,STOP,-104.16,R=-1.107,
2026.07.08 10:40:00,ENTRY_ATTEMPT,P2_EURUSD_1783506900,SELL,1.82,1.14271,1.14322
2026.07.08 10:40:00,ENTRY_ACCEPTED,P2_EURUSD_1783506900,id=50,1.14271,lot=1.82,riskP=93.08/A=92.82
2026.07.08 11:16:47,EXIT,id=50,TARGET,185.64,R=2.000,
2026.07.08 11:25:00,ENTRY_ATTEMPT,P1_EURUSD_1783509600,BUY,1.31,1.14074,1.14002
2026.07.08 11:25:00,ENTRY_ACCEPTED,P1_EURUSD_1783509600,id=51,1.14074,lot=1.31,riskP=94.94/A=94.32
2026.07.08 12:11:37,EXIT,id=51,STOP,-94.32,R=-1.000,
2026.07.08 12:20:00,ENTRY_ATTEMPT,P1_EURUSD_1783512900,BUY,0.96,1.14052,1.13955
2026.07.08 12:20:00,ENTRY_ACCEPTED,P1_EURUSD_1783512900,id=52,1.14052,lot=0.96,riskP=93.99/A=93.12
2026.07.08 14:10:00,SKIPPED_POSITION_OPEN,P1_EURUSD_1783519500,,,,
2026.07.08 14:38:13,EXIT,id=52,STOP,-93.12,R=-1.000,
2026.07.08 14:45:00,ENTRY_ATTEMPT,P1_EURUSD_1783521600,BUY,0.85,1.14044,1.13935
2026.07.08 14:45:00,ENTRY_ACCEPTED,P1_EURUSD_1783521600,id=53,1.14044,lot=0.85,riskP=93.06/A=92.65
2026.07.08 16:40:00,SKIPPED_POSITION_OPEN,P2_EURUSD_1783528500,,,,
2026.07.08 17:20:00,SKIPPED_POSITION_OPEN,P1_EURUSD_1783530900,,,,
2026.07.08 18:25:00,SKIPPED_POSITION_OPEN,P1_EURUSD_1783534800,,,,
2026.07.08 18:39:36,EXIT,id=53,STOP,-93.50,R=-1.009,
2026.07.08 18:50:00,ENTRY_ATTEMPT,P1_EURUSD_1783536300,BUY,4.18,1.13929,1.13907
2026.07.08 18:50:00,ENTRY_ACCEPTED,P1_EURUSD_1783536300,id=54,1.13929,lot=4.18,riskP=92.13/A=91.96
2026.07.08 19:05:18,EXIT,id=54,TARGET,183.92,R=2.000,
2026.07.08 19:30:00,ENTRY_ATTEMPT,P2_EURUSD_1783538700,SELL,4.08,1.14014,1.14037
2026.07.08 19:30:00,ENTRY_ACCEPTED,P2_EURUSD_1783538700,id=55,1.14014,lot=4.08,riskP=93.97/A=93.84
2026.07.08 19:31:31,EXIT,id=55,STOP,-93.84,R=-1.000,
2026.07.08 19:50:00,ENTRY_ATTEMPT,P2_EURUSD_1783539900,SELL,3.13,1.14124,1.14131
2026.07.08 19:50:00,ENTRY_ACCEPTED,P2_EURUSD_1783539900,id=56,1.14124,lot=3.13,riskP=93.03/A=21.91
2026.07.08 19:50:25,EXIT,id=56,TARGET,43.82,R=2.000,
2026.07.08 20:05:00,ENTRY_ATTEMPT,P2_EURUSD_1783540800,SELL,2.96,1.14149,1.14154
2026.07.08 20:05:00,ENTRY_ACCEPTED,P2_EURUSD_1783540800,id=57,1.14149,lot=2.96,riskP=93.47/A=14.80
2026.07.08 20:05:15,EXIT,id=57,STOP,-14.80,R=-1.000,
2026.07.08 20:15:00,ENTRY_ATTEMPT,P2_EURUSD_1783541400,SELL,3.13,1.14213,1.14220
2026.07.08 20:15:00,ENTRY_ACCEPTED,P2_EURUSD_1783541400,id=58,1.14213,lot=3.13,riskP=93.32/A=21.91
2026.07.08 20:15:14,EXIT,id=58,STOP,-21.91,R=-1.000,
2026.07.08 20:35:00,ENTRY_ATTEMPT,P2_EURUSD_1783542600,SELL,3.69,1.14262,1.14274
2026.07.08 20:35:00,ENTRY_ACCEPTED,P2_EURUSD_1783542600,id=59,1.14262,lot=3.69,riskP=93.10/A=44.28
2026.07.08 20:37:29,EXIT,id=59,TARGET,88.56,R=2.000,
2026.07.08 21:05:00,ENTRY_ATTEMPT,P1_EURUSD_1783544400,BUY,2.13,1.14216,1.14172
2026.07.08 21:05:00,ENTRY_ACCEPTED,P1_EURUSD_1783544400,id=60,1.14216,lot=2.13,riskP=93.99/A=93.72
2026.07.08 22:34:01,EXIT,id=60,TARGET,189.57,R=2.023,
2026.07.08 22:55:00,ENTRY_ATTEMPT,P1_EURUSD_1783551000,BUY,2.08,1.14267,1.14221
2026.07.08 22:55:00,ENTRY_ACCEPTED,P1_EURUSD_1783551000,id=61,1.14267,lot=2.08,riskP=95.88/A=95.68
2026.07.08 23:24:48,EXIT,id=61,STOP,-97.76,R=-1.022,
2026.07.08 23:45:00,ENTRY_ATTEMPT,P1_EURUSD_1783554000,BUY,4.72,1.14165,1.14147
2026.07.08 23:45:00,ENTRY_ACCEPTED,P1_EURUSD_1783554000,id=62,1.14165,lot=4.72,riskP=94.90/A=84.96
2026.07.09 00:00:27,EXIT,id=62,STOP,-109.03,R=-1.283,
2026.07.09 00:45:00,ENTRY_ATTEMPT,P1_EURUSD_1783557600,BUY,2.53,1.14179,1.14142
2026.07.09 00:45:00,ENTRY_ACCEPTED,P1_EURUSD_1783557600,id=63,1.14179,lot=2.53,riskP=93.81/A=93.61
2026.07.09 00:49:44,EXIT,id=63,STOP,-101.20,R=-1.081,
2026.07.09 02:55:00,ENTRY_ATTEMPT,P2_EURUSD_1783565400,SELL,4.13,1.14205,1.14220
2026.07.09 02:55:00,ENTRY_ACCEPTED,P2_EURUSD_1783565400,id=64,1.14205,lot=4.13,riskP=92.80/A=61.95
2026.07.09 02:56:15,EXIT,id=64,STOP,-78.47,R=-1.267,
2026.07.09 03:20:00,ENTRY_ATTEMPT,P2_EURUSD_1783566900,SELL,2.87,1.14263,1.14295
2026.07.09 03:20:00,ENTRY_ACCEPTED,P2_EURUSD_1783566900,id=65,1.14263,lot=2.87,riskP=92.02/A=91.84
2026.07.09 03:32:56,EXIT,id=65,STOP,-91.84,R=-1.000,
2026.07.09 05:10:00,ENTRY_ATTEMPT,P2_EURUSD_1783573500,SELL,3.17,1.14271,1.14279
2026.07.09 05:10:00,ENTRY_ACCEPTED,P2_EURUSD_1783573500,id=66,1.14271,lot=3.17,riskP=91.10/A=25.36
2026.07.09 05:10:31,EXIT,id=66,STOP,-25.36,R=-1.000,
2026.07.09 05:40:01,ENTRY_ATTEMPT,P1_EURUSD_1783575300,BUY,3.16,1.14249,1.14241
2026.07.09 05:40:01,ENTRY_ACCEPTED,P1_EURUSD_1783575300,id=67,1.14249,lot=3.16,riskP=90.84/A=25.28
2026.07.09 05:40:54,EXIT,id=67,STOP,-28.44,R=-1.125,
2026.07.09 06:40:00,ENTRY_ATTEMPT,P2_EURUSD_1783578900,SELL,3.50,1.14298,1.14309
2026.07.09 06:40:00,ENTRY_ACCEPTED,P2_EURUSD_1783578900,id=68,1.14298,lot=3.50,riskP=90.56/A=38.50
2026.07.09 06:44:10,EXIT,id=68,TARGET,77.00,R=2.000,
2026.07.09 09:40:00,ENTRY_ATTEMPT,P2_EURUSD_1783589700,SELL,1.75,1.14448,1.14500
2026.07.09 09:40:00,ENTRY_ACCEPTED,P2_EURUSD_1783589700,id=69,1.14448,lot=1.75,riskP=91.33/A=91.00
2026.07.09 10:15:00,SKIPPED_POSITION_OPEN,P1_EURUSD_1783591800,,,,
2026.07.09 10:45:54,EXIT,id=69,TARGET,182.00,R=2.000,
2026.07.09 10:55:00,ENTRY_ATTEMPT,P1_EURUSD_1783594200,BUY,4.05,1.14342,1.14319
2026.07.09 10:55:00,ENTRY_ACCEPTED,P1_EURUSD_1783594200,id=70,1.14342,lot=4.05,riskP=93.15/A=93.15
2026.07.09 10:56:19,EXIT,id=70,STOP,-101.25,R=-1.087,
2026.07.09 11:55:00,ENTRY_ATTEMPT,P1_EURUSD_1783597800,BUY,4.84,1.14304,1.14285
2026.07.09 11:55:00,ENTRY_ACCEPTED,P1_EURUSD_1783597800,id=71,1.14304,lot=4.84,riskP=92.14/A=91.96
2026.07.09 11:55:45,EXIT,id=71,STOP,-116.16,R=-1.263,
2026.07.09 12:05:00,ENTRY_ATTEMPT,P1_EURUSD_1783598400,BUY,2.84,1.14277,1.14245
2026.07.09 12:05:00,ENTRY_ACCEPTED,P1_EURUSD_1783598400,id=72,1.14277,lot=2.84,riskP=90.98/A=90.88
2026.07.09 12:07:14,EXIT,id=72,STOP,-93.72,R=-1.031,
2026.07.09 13:05:00,ENTRY_ATTEMPT,P2_EURUSD_1783602000,SELL,3.10,1.14292,1.14321
2026.07.09 13:05:00,ENTRY_ACCEPTED,P2_EURUSD_1783602000,id=73,1.14292,lot=3.10,riskP=90.04/A=89.90
2026.07.09 13:52:33,EXIT,id=73,TARGET,179.80,R=2.000,
2026.07.09 15:00:00,ENTRY_ATTEMPT,P2_EURUSD_1783608900,SELL,3.09,1.14297,1.14304
2026.07.09 15:00:00,ENTRY_ACCEPTED,P2_EURUSD_1783608900,id=74,1.14297,lot=3.09,riskP=91.84/A=21.63
2026.07.09 15:00:00,EXIT,id=74,STOP,-21.63,R=-1.000,
2026.07.09 15:15:00,ENTRY_ATTEMPT,P2_EURUSD_1783609800,SELL,4.82,1.14340,1.14359
2026.07.09 15:15:00,ENTRY_ACCEPTED,P2_EURUSD_1783609800,id=75,1.14340,lot=4.82,riskP=91.62/A=91.58
2026.07.09 15:16:37,EXIT,id=75,STOP,-96.40,R=-1.053,
2026.07.09 15:50:00,ENTRY_ATTEMPT,P1_EURUSD_1783611900,BUY,2.97,1.14269,1.14263
2026.07.09 15:50:00,ENTRY_ACCEPTED,P1_EURUSD_1783611900,id=76,1.14269,lot=2.97,riskP=90.66/A=17.82
2026.07.09 15:51:00,EXIT,id=76,TARGET,35.64,R=2.000,
2026.07.09 16:55:00,ENTRY_ATTEMPT,P2_EURUSD_1783615800,SELL,3.95,1.14360,1.14383
2026.07.09 16:55:00,ENTRY_ACCEPTED,P2_EURUSD_1783615800,id=77,1.14360,lot=3.95,riskP=91.01/A=90.85
2026.07.09 16:57:28,EXIT,id=77,STOP,-94.80,R=-1.043,
2026.07.09 17:10:00,ENTRY_ATTEMPT,P2_EURUSD_1783616700,SELL,1.38,1.14402,1.14467
2026.07.09 17:10:00,ENTRY_ACCEPTED,P2_EURUSD_1783616700,id=78,1.14402,lot=1.38,riskP=90.07/A=89.70
2026.07.09 18:00:00,SKIPPED_POSITION_OPEN,P1_EURUSD_1783619700,,,,
2026.07.09 19:00:00,SKIPPED_POSITION_OPEN,P2_EURUSD_1783623300,,,,
2026.07.09 19:30:00,SKIPPED_POSITION_OPEN,P1_EURUSD_1783625100,,,,
2026.07.09 21:30:00,SKIPPED_POSITION_OPEN,P1_EURUSD_1783632300,,,,
2026.07.09 21:55:00,SKIPPED_POSITION_OPEN,P2_EURUSD_1783633800,,,,
2026.07.09 22:15:00,SKIPPED_POSITION_OPEN,P1_EURUSD_1783635000,,,,
2026.07.09 22:34:38,EXIT,id=78,TARGET,179.40,R=2.000,
2026.07.09 22:40:00,ENTRY_ATTEMPT,P1_EURUSD_1783636500,BUY,3.40,1.14286,1.14259
2026.07.09 22:40:00,ENTRY_ACCEPTED,P1_EURUSD_1783636500,id=79,1.14286,lot=3.40,riskP=91.86/A=91.80
2026.07.09 22:57:14,EXIT,id=79,STOP,-91.80,R=-1.000,
2026.07.09 23:20:00,ENTRY_ATTEMPT,P2_EURUSD_1783638900,SELL,3.07,1.14299,1.14306
2026.07.09 23:20:00,ENTRY_ACCEPTED,P2_EURUSD_1783638900,id=80,1.14299,lot=3.07,riskP=90.94/A=21.49
2026.07.09 23:25:30,EXIT,id=80,STOP,-21.49,R=-1.000,
2026.07.10 04:05:00,ENTRY_ATTEMPT,P2_EURUSD_1783656000,SELL,2.83,1.14396,1.14428
2026.07.10 04:05:00,ENTRY_ACCEPTED,P2_EURUSD_1783656000,id=81,1.14396,lot=2.83,riskP=90.73/A=90.56
2026.07.10 04:07:18,EXIT,id=81,STOP,-113.20,R=-1.250,
2026.07.10 04:25:00,ENTRY_ATTEMPT,P2_EURUSD_1783657200,SELL,1.86,1.14430,1.14478
2026.07.10 04:25:00,ENTRY_ACCEPTED,P2_EURUSD_1783657200,id=82,1.14430,lot=1.86,riskP=89.59/A=89.28
2026.07.10 04:53:19,EXIT,id=82,STOP,-89.28,R=-1.000,
2026.07.10 05:00:00,ENTRY_ATTEMPT,P2_EURUSD_1783659300,SELL,3.21,1.14473,1.14482
2026.07.10 05:00:00,ENTRY_ACCEPTED,P2_EURUSD_1783659300,id=83,1.14473,lot=3.21,riskP=88.70/A=28.89
2026.07.10 05:02:29,EXIT,id=83,STOP,-73.83,R=-2.556,
2026.07.10 05:25:00,ENTRY_ATTEMPT,P2_EURUSD_1783660800,SELL,2.74,1.14573,1.14605
2026.07.10 05:25:00,ENTRY_ACCEPTED,P2_EURUSD_1783660800,id=84,1.14573,lot=2.74,riskP=87.96/A=87.68
2026.07.10 05:53:05,EXIT,id=84,STOP,-87.68,R=-1.000,
2026.07.10 06:00:00,ENTRY_ATTEMPT,P2_EURUSD_1783662900,SELL,2.72,1.14582,1.14614
2026.07.10 06:00:00,ENTRY_ACCEPTED,P2_EURUSD_1783662900,id=85,1.14582,lot=2.72,riskP=87.09/A=87.04
2026.07.10 06:20:00,SKIPPED_POSITION_OPEN,P1_EURUSD_1783664100,,,,
2026.07.10 06:49:40,EXIT,id=85,TARGET,174.08,R=2.000,
2026.07.10 07:05:00,ENTRY_ATTEMPT,P1_EURUSD_1783666800,BUY,4.23,1.14484,1.14468
2026.07.10 07:05:00,ENTRY_ACCEPTED,P1_EURUSD_1783666800,id=86,1.14484,lot=4.23,riskP=88.83/A=67.68
2026.07.10 07:10:53,EXIT,id=86,STOP,-71.91,R=-1.062,
2026.07.10 08:00:00,ENTRY_ATTEMPT,P1_EURUSD_1783670100,BUY,2.31,1.14429,1.14391
2026.07.10 08:00:00,ENTRY_ACCEPTED,P1_EURUSD_1783670100,id=87,1.14429,lot=2.31,riskP=88.11/A=87.78
2026.07.10 08:20:35,EXIT,id=87,STOP,-87.78,R=-1.000,
2026.07.10 08:30:00,ENTRY_ATTEMPT,P1_EURUSD_1783671900,BUY,3.42,1.14380,1.14369
2026.07.10 08:30:00,ENTRY_ACCEPTED,P1_EURUSD_1783671900,id=88,1.14380,lot=3.42,riskP=87.23/A=37.62
2026.07.10 08:35:41,EXIT,id=88,STOP,-37.62,R=-1.000,
2026.07.10 09:25:00,ENTRY_ATTEMPT,P2_EURUSD_1783675200,SELL,3.16,1.14458,1.14467
2026.07.10 09:25:00,ENTRY_ACCEPTED,P2_EURUSD_1783675200,id=89,1.14458,lot=3.16,riskP=86.85/A=28.44
2026.07.10 09:25:08,EXIT,id=89,STOP,-31.60,R=-1.111,
2026.07.10 09:55:00,ENTRY_ATTEMPT,P1_EURUSD_1783677000,BUY,3.60,1.14408,1.14384
2026.07.10 09:55:00,ENTRY_ACCEPTED,P1_EURUSD_1783677000,id=90,1.14408,lot=3.60,riskP=86.54/A=86.40
2026.07.10 10:06:16,EXIT,id=90,STOP,-90.00,R=-1.042,
2026.07.10 11:30:00,ENTRY_ATTEMPT,P1_EURUSD_1783682700,BUY,4.01,1.14341,1.14326
2026.07.10 11:30:00,ENTRY_ACCEPTED,P1_EURUSD_1783682700,id=91,1.14341,lot=4.01,riskP=85.64/A=60.15
2026.07.10 11:38:05,EXIT,id=91,STOP,-60.15,R=-1.000,
2026.07.10 12:05:00,ENTRY_ATTEMPT,P1_EURUSD_1783684800,BUY,1.77,1.14343,1.14295
2026.07.10 12:05:00,ENTRY_ACCEPTED,P1_EURUSD_1783684800,id=92,1.14343,lot=1.77,riskP=85.04/A=84.96
2026.07.10 12:44:25,EXIT,id=92,STOP,-86.73,R=-1.021,
2026.07.10 12:55:00,ENTRY_ATTEMPT,P1_EURUSD_1783687800,BUY,3.10,1.14284,1.14275
2026.07.10 12:55:00,ENTRY_ACCEPTED,P1_EURUSD_1783687800,id=93,1.14284,lot=3.10,riskP=84.17/A=27.90
2026.07.10 12:58:49,EXIT,id=93,STOP,-27.90,R=-1.000,
2026.07.10 13:30:00,ENTRY_ATTEMPT,P2_EURUSD_1783689900,SELL,2.98,1.14333,1.14341
2026.07.10 13:30:00,ENTRY_ACCEPTED,P2_EURUSD_1783689900,id=94,1.14333,lot=2.98,riskP=83.89/A=23.84
2026.07.10 13:32:18,EXIT,id=94,TARGET,50.66,R=2.125,
2026.07.10 14:20:00,ENTRY_ATTEMPT,P1_EURUSD_1783692900,BUY,3.00,1.14307,1.14299
2026.07.10 14:20:00,ENTRY_ACCEPTED,P1_EURUSD_1783692900,id=95,1.14307,lot=3.00,riskP=84.40/A=24.00
2026.07.10 14:25:47,EXIT,id=95,STOP,-24.00,R=-1.000,
2026.07.10 15:40:00,ENTRY_ATTEMPT,P1_EURUSD_1783697700,BUY,1.87,1.14294,1.14249
2026.07.10 15:40:00,ENTRY_ACCEPTED,P1_EURUSD_1783697700,id=96,1.14294,lot=1.87,riskP=84.16/A=84.15
2026.07.10 15:46:23,EXIT,id=96,STOP,-84.15,R=-1.000,
2026.07.10 16:15:00,ENTRY_ATTEMPT,P1_EURUSD_1783699800,BUY,2.77,1.14222,1.14192
2026.07.10 16:15:00,ENTRY_ACCEPTED,P1_EURUSD_1783699800,id=97,1.14222,lot=2.77,riskP=83.32/A=83.10
2026.07.10 16:28:25,EXIT,id=97,STOP,-83.10,R=-1.000,
2026.07.10 16:50:00,ENTRY_ATTEMPT,P2_EURUSD_1783701900,SELL,1.44,1.14215,1.14272
2026.07.10 16:50:00,ENTRY_ACCEPTED,P2_EURUSD_1783701900,id=98,1.14215,lot=1.44,riskP=82.48/A=82.08
2026.07.10 17:10:00,SKIPPED_POSITION_OPEN,P1_EURUSD_1783703100,,,,
2026.07.10 17:31:13,EXIT,id=98,STOP,-82.08,R=-1.000,
2026.07.10 17:35:00,ENTRY_ATTEMPT,P2_EURUSD_1783704600,SELL,1.13,1.14201,1.14273
2026.07.10 17:35:00,ENTRY_ACCEPTED,P2_EURUSD_1783704600,id=99,1.14201,lot=1.13,riskP=81.66/A=81.36
2026.07.10 18:09:04,EXIT,id=99,STOP,-81.36,R=-1.000,
2026.07.10 18:15:00,ENTRY_ATTEMPT,P2_EURUSD_1783707000,SELL,4.25,1.14264,1.14283
2026.07.10 18:15:00,ENTRY_ACCEPTED,P2_EURUSD_1783707000,id=100,1.14264,lot=4.25,riskP=80.85/A=80.75
2026.07.10 18:15:18,EXIT,id=100,STOP,-80.75,R=-1.000,
2026.07.10 18:25:00,ENTRY_ATTEMPT,P2_EURUSD_1783707600,SELL,3.26,1.14319,1.14330
2026.07.10 18:25:00,ENTRY_ACCEPTED,P2_EURUSD_1783707600,id=101,1.14319,lot=3.26,riskP=80.04/A=35.86
2026.07.10 18:25:39,EXIT,id=101,STOP,-35.86,R=-1.000,
2026.07.10 19:05:00,ENTRY_ATTEMPT,P2_EURUSD_1783710000,SELL,3.46,1.14373,1.14396
2026.07.10 19:05:00,ENTRY_ACCEPTED,P2_EURUSD_1783710000,id=102,1.14373,lot=3.46,riskP=79.68/A=79.58
2026.07.10 19:11:25,EXIT,id=102,STOP,-79.58,R=-1.000,
2026.07.10 20:15:00,ENTRY_ATTEMPT,P1_EURUSD_1783714200,BUY,4.15,1.14274,1.14255
2026.07.10 20:15:00,ENTRY_ACCEPTED,P1_EURUSD_1783714200,id=103,1.14274,lot=4.15,riskP=78.89/A=78.85
2026.07.10 20:18:30,EXIT,id=103,STOP,-91.30,R=-1.158,
2026.07.10 20:30:00,ENTRY_ATTEMPT,P1_EURUSD_1783715100,BUY,2.29,1.14250,1.14216
2026.07.10 20:30:00,ENTRY_ACCEPTED,P1_EURUSD_1783715100,id=104,1.14250,lot=2.29,riskP=77.98/A=77.86
2026.07.10 20:37:05,EXIT,id=104,STOP,-77.86,R=-1.000,
2026.07.10 23:10:00,ENTRY_ATTEMPT,P2_EURUSD_1783724700,SELL,1.71,1.14143,1.14188
2026.07.10 23:10:00,ENTRY_ACCEPTED,P2_EURUSD_1783724700,id=105,1.14143,lot=1.71,riskP=77.20/A=76.95
2026.07.10 23:45:00,SKIPPED_POSITION_OPEN,P1_EURUSD_1783726800,,,,
2026.07.10 23:59:56,FORCED_TEST_END_EXIT,id=105,0.00,,,
2026.07.10 23:59:56,RECONCILE,start=10000.00,final=7719.66,sum_ledger=-2280.34,forced=0.00,residual=-0.00
2026.07.10 23:59:56,RUN_END,trades=105,signals=132,exec=105,rej=0,hash=16543782410610097102
